DATE,10yr-2y_euro-area
2004-09-06,1.568
2004-09-07,1.530
2004-09-08,1.522
2004-09-09,1.516
2004-09-10,1.531
2004-09-13,1.502
2004-09-14,1.509
2004-09-15,1.506
2004-09-16,1.495
2004-09-17,1.507
2004-09-20,1.491
2004-09-21,1.485
2004-09-22,1.468
2004-09-23,1.468
2004-09-24,1.462
2004-09-27,1.456
2004-09-28,1.471
2004-09-29,1.470
2004-09-30,1.475
2004-10-01,1.520
2004-10-04,1.516
2004-10-05,1.502
2004-10-06,1.497
2004-10-07,1.510
2004-10-08,1.526
2004-10-11,1.536
2004-10-12,1.528
2004-10-13,1.522
2004-10-14,1.526
2004-10-15,1.550
2004-10-18,1.555
2004-10-19,1.562
2004-10-20,1.557
2004-10-21,1.545
2004-10-22,1.534
2004-10-25,1.532
2004-10-26,1.530
2004-10-27,1.524
2004-10-28,1.527
2004-10-29,1.475
2004-11-01,1.532
2004-11-02,1.526
2004-11-03,1.532
2004-11-04,1.535
2004-11-05,1.538
2004-11-08,1.538
2004-11-09,1.470
2004-11-10,1.476
2004-11-11,1.498
2004-11-12,1.481
2004-11-15,1.459
2004-11-16,1.408
2004-11-17,1.423
2004-11-18,1.418
2004-11-19,1.418
2004-11-22,1.414
2004-11-23,1.412
2004-11-24,1.433
2004-11-25,1.445
2004-11-26,1.446
2004-11-29,1.450
2004-11-30,1.452
2004-12-01,1.454
2004-12-02,1.435
2004-12-03,1.434
2004-12-06,1.437
2004-12-07,1.421
2004-12-08,1.396
2004-12-09,1.352
2004-12-10,1.316
2004-12-13,1.322
2004-12-14,1.304
2004-12-15,1.271
2004-12-16,1.243
2004-12-17,1.247
2004-12-20,1.251
2004-12-21,1.231
2004-12-22,1.203
2004-12-23,1.208
2004-12-24,1.185
2004-12-27,1.213
2004-12-28,1.252
2004-12-29,1.226
2004-12-30,1.231
2004-12-31,1.232
2005-01-03,1.231
2005-01-04,1.211
2005-01-05,1.216
2005-01-06,1.237
2005-01-07,1.231
2005-01-10,1.235
2005-01-11,1.208
2005-01-12,1.212
2005-01-13,1.224
2005-01-14,1.201
2005-01-17,1.189
2005-01-18,1.184
2005-01-19,1.160
2005-01-20,1.178
2005-01-21,1.197
2005-01-24,1.192
2005-01-25,1.174
2005-01-26,1.187
2005-01-27,1.179
2005-01-28,1.176
2005-01-31,1.167
2005-02-01,1.170
2005-02-02,1.142
2005-02-03,1.134
2005-02-04,1.111
2005-02-07,1.074
2005-02-08,1.053
2005-02-09,1.051
2005-02-10,1.063
2005-02-11,1.099
2005-02-14,1.106
2005-02-15,1.092
2005-02-16,1.077
2005-02-17,1.139
2005-02-18,1.189
2005-02-21,1.193
2005-02-22,1.220
2005-02-23,1.220
2005-02-24,1.232
2005-02-25,1.235
2005-02-28,1.222
2005-03-01,1.246
2005-03-02,1.288
2005-03-03,1.298
2005-03-04,1.289
2005-03-07,1.273
2005-03-08,1.299
2005-03-09,1.332
2005-03-10,1.333
2005-03-11,1.352
2005-03-14,1.341
2005-03-15,1.306
2005-03-16,1.243
2005-03-17,1.224
2005-03-18,1.240
2005-03-21,1.228
2005-03-22,1.190
2005-03-23,1.198
2005-03-24,1.178
2005-03-29,1.183
2005-03-30,1.183
2005-03-31,1.183
2005-04-01,1.186
2005-04-04,1.200
2005-04-05,1.191
2005-04-06,1.200
2005-04-07,1.210
2005-04-08,1.231
2005-04-11,1.226
2005-04-12,1.211
2005-04-13,1.195
2005-04-14,1.204
2005-04-15,1.209
2005-04-18,1.214
2005-04-19,1.212
2005-04-20,1.214
2005-04-21,1.251
2005-04-22,1.220
2005-04-25,1.208
2005-04-26,1.199
2005-04-27,1.187
2005-04-28,1.201
2005-04-29,1.236
2005-05-02,1.231
2005-05-03,1.241
2005-05-04,1.258
2005-05-05,1.255
2005-05-06,1.259
2005-05-09,1.251
2005-05-10,1.220
2005-05-11,1.196
2005-05-12,1.184
2005-05-13,1.150
2005-05-16,1.154
2005-05-17,1.163
2005-05-18,1.135
2005-05-19,1.136
2005-05-20,1.138
2005-05-23,1.119
2005-05-24,1.123
2005-05-25,1.145
2005-05-26,1.173
2005-05-27,1.198
2005-05-30,1.199
2005-05-31,1.156
2005-06-01,1.205
2005-06-02,1.169
2005-06-03,1.126
2005-06-06,1.166
2005-06-07,1.143
2005-06-08,1.144
2005-06-09,1.152
2005-06-10,1.128
2005-06-13,1.166
2005-06-14,1.167
2005-06-15,1.198
2005-06-16,1.213
2005-06-17,1.197
2005-06-20,1.240
2005-06-21,1.228
2005-06-22,1.193
2005-06-23,1.190
2005-06-24,1.166
2005-06-27,1.163
2005-06-28,1.183
2005-06-29,1.182
2005-06-30,1.191
2005-07-01,1.160
2005-07-04,1.138
2005-07-05,1.121
2005-07-06,1.119
2005-07-07,1.141
2005-07-08,1.110
2005-07-11,1.106
2005-07-12,1.098
2005-07-13,1.103
2005-07-14,1.126
2005-07-15,1.120
2005-07-18,1.102
2005-07-19,1.112
2005-07-20,1.125
2005-07-21,1.133
2005-07-22,1.114
2005-07-25,1.101
2005-07-26,1.092
2005-07-27,1.080
2005-07-28,1.070
2005-07-29,1.067
2005-08-01,1.063
2005-08-02,1.068
2005-08-03,1.101
2005-08-04,1.089
2005-08-05,1.104
2005-08-08,1.099
2005-08-09,1.081
2005-08-10,1.069
2005-08-11,1.079
2005-08-12,1.081
2005-08-15,1.084
2005-08-16,1.086
2005-08-17,1.072
2005-08-18,1.065
2005-08-19,1.051
2005-08-22,1.053
2005-08-23,1.014
2005-08-24,1.002
2005-08-25,0.995
2005-08-26,0.979
2005-08-29,0.972
2005-08-30,0.967
2005-08-31,0.952
2005-09-01,0.974
2005-09-02,0.980
2005-09-05,0.978
2005-09-06,0.976
2005-09-07,0.978
2005-09-08,0.968
2005-09-09,0.936
2005-09-12,0.956
2005-09-13,0.948
2005-09-14,0.922
2005-09-15,0.921
2005-09-16,0.931
2005-09-19,0.927
2005-09-20,0.905
2005-09-21,0.877
2005-09-22,0.885
2005-09-23,0.862
2005-09-26,0.883
2005-09-27,0.876
2005-09-28,0.866
2005-09-29,0.834
2005-09-30,0.826
2005-10-03,0.855
2005-10-04,0.838
2005-10-05,0.832
2005-10-06,0.834
2005-10-07,0.807
2005-10-10,0.781
2005-10-11,0.778
2005-10-12,0.803
2005-10-13,0.855
2005-10-14,0.862
2005-10-17,0.840
2005-10-18,0.844
2005-10-19,0.859
2005-10-20,0.830
2005-10-21,0.795
2005-10-24,0.800
2005-10-25,0.810
2005-10-26,0.827
2005-10-27,0.830
2005-10-28,0.814
2005-10-31,0.814
2005-11-01,0.794
2005-11-02,0.812
2005-11-03,0.820
2005-11-04,0.840
2005-11-07,0.804
2005-11-08,0.794
2005-11-09,0.784
2005-11-10,0.810
2005-11-11,0.804
2005-11-14,0.804
2005-11-15,0.824
2005-11-16,0.795
2005-11-17,0.780
2005-11-18,0.724
2005-11-21,0.726
2005-11-22,0.733
2005-11-23,0.732
2005-11-24,0.701
2005-11-25,0.719
2005-11-28,0.692
2005-11-29,0.693
2005-11-30,0.695
2005-12-01,0.706
2005-12-02,0.728
2005-12-05,0.726
2005-12-06,0.696
2005-12-07,0.685
2005-12-08,0.680
2005-12-09,0.669
2005-12-12,0.652
2005-12-13,0.620
2005-12-14,0.592
2005-12-15,0.584
2005-12-16,0.562
2005-12-19,0.558
2005-12-20,0.554
2005-12-21,0.542
2005-12-22,0.525
2005-12-23,0.527
2005-12-27,0.490
2005-12-28,0.471
2005-12-29,0.476
2005-12-30,0.400
2006-01-02,0.526
2006-01-03,0.536
2006-01-04,0.544
2006-01-05,0.538
2006-01-06,0.532
2006-01-09,0.499
2006-01-10,0.478
2006-01-11,0.461
2006-01-12,0.470
2006-01-13,0.463
2006-01-16,0.476
2006-01-17,0.484
2006-01-18,0.465
2006-01-19,0.490
2006-01-20,0.488
2006-01-23,0.512
2006-01-24,0.514
2006-01-25,0.524
2006-01-26,0.567
2006-01-27,0.567
2006-01-30,0.540
2006-01-31,0.538
2006-02-01,0.547
2006-02-02,0.565
2006-02-03,0.562
2006-02-06,0.540
2006-02-07,0.562
2006-02-08,0.586
2006-02-09,0.584
2006-02-10,0.552
2006-02-13,0.571
2006-02-14,0.584
2006-02-15,0.622
2006-02-16,0.584
2006-02-17,0.574
2006-02-20,0.563
2006-02-21,0.549
2006-02-22,0.510
2006-02-23,0.495
2006-02-24,0.506
2006-02-27,0.496
2006-02-28,0.476
2006-03-01,0.459
2006-03-02,0.490
2006-03-03,0.486
2006-03-06,0.483
2006-03-07,0.489
2006-03-08,0.511
2006-03-09,0.529
2006-03-10,0.554
2006-03-13,0.541
2006-03-14,0.527
2006-03-15,0.505
2006-03-16,0.495
2006-03-17,0.484
2006-03-20,0.483
2006-03-21,0.488
2006-03-22,0.469
2006-03-23,0.487
2006-03-24,0.492
2006-03-27,0.490
2006-03-28,0.488
2006-03-29,0.495
2006-03-30,0.500
2006-03-31,0.504
2006-04-03,0.522
2006-04-04,0.534
2006-04-05,0.557
2006-04-06,0.620
2006-04-07,0.676
2006-04-10,0.643
2006-04-11,0.616
2006-04-12,0.613
2006-04-13,0.652
2006-04-18,0.655
2006-04-19,0.659
2006-04-20,0.657
2006-04-21,0.658
2006-04-24,0.661
2006-04-25,0.681
2006-04-26,0.648
2006-04-27,0.630
2006-04-28,0.590
2006-05-02,0.603
2006-05-03,0.628
2006-05-04,0.628
2006-05-05,0.618
2006-05-08,0.613
2006-05-09,0.608
2006-05-10,0.608
2006-05-11,0.635
2006-05-12,0.654
2006-05-15,0.706
2006-05-16,0.689
2006-05-17,0.710
2006-05-18,0.702
2006-05-19,0.675
2006-05-22,0.652
2006-05-23,0.641
2006-05-24,0.616
2006-05-25,0.606
2006-05-26,0.601
2006-05-29,0.599
2006-05-30,0.599
2006-05-31,0.593
2006-06-01,0.592
2006-06-02,0.558
2006-06-05,0.542
2006-06-06,0.559
2006-06-07,0.566
2006-06-08,0.584
2006-06-09,0.582
2006-06-12,0.580
2006-06-13,0.573
2006-06-14,0.546
2006-06-15,0.563
2006-06-16,0.564
2006-06-19,0.551
2006-06-20,0.539
2006-06-21,0.545
2006-06-22,0.554
2006-06-23,0.565
2006-06-26,0.547
2006-06-27,0.517
2006-06-28,0.520
2006-06-29,0.515
2006-06-30,0.509
2006-07-03,0.508
2006-07-04,0.510
2006-07-05,0.525
2006-07-06,0.498
2006-07-07,0.475
2006-07-10,0.470
2006-07-11,0.474
2006-07-12,0.474
2006-07-13,0.478
2006-07-14,0.478
2006-07-17,0.473
2006-07-18,0.460
2006-07-19,0.447
2006-07-20,0.437
2006-07-21,0.439
2006-07-24,0.433
2006-07-25,0.438
2006-07-26,0.436
2006-07-27,0.424
2006-07-28,0.421
2006-07-31,0.414
2006-08-01,0.435
2006-08-02,0.427
2006-08-03,0.409
2006-08-04,0.370
2006-08-07,0.379
2006-08-08,0.375
2006-08-09,0.380
2006-08-10,0.386
2006-08-11,0.371
2006-08-14,0.372
2006-08-15,0.360
2006-08-16,0.335
2006-08-17,0.307
2006-08-18,0.294
2006-08-21,0.278
2006-08-22,0.310
2006-08-23,0.289
2006-08-24,0.328
2006-08-25,0.334
2006-08-28,0.338
2006-08-29,0.326
2006-08-30,0.301
2006-08-31,0.242
2006-09-01,0.252
2006-09-04,0.241
2006-09-05,0.244
2006-09-06,0.257
2006-09-07,0.247
2006-09-08,0.199
2006-09-11,0.181
2006-09-12,0.199
2006-09-13,0.210
2006-09-14,0.167
2006-09-15,0.147
2006-09-18,0.162
2006-09-19,0.150
2006-09-20,0.143
2006-09-21,0.144
2006-09-22,0.155
2006-09-25,0.198
2006-09-26,0.182
2006-09-27,0.143
2006-09-28,0.143
2006-09-29,0.146
2006-10-02,0.145
2006-10-03,0.166
2006-10-04,0.157
2006-10-05,0.150
2006-10-06,0.189
2006-10-09,0.175
2006-10-10,0.179
2006-10-11,0.174
2006-10-12,0.177
2006-10-13,0.183
2006-10-16,0.196
2006-10-17,0.188
2006-10-18,0.204
2006-10-19,0.210
2006-10-20,0.184
2006-10-23,0.194
2006-10-24,0.179
2006-10-25,0.182
2006-10-26,0.162
2006-10-27,0.129
2006-10-30,0.115
2006-10-31,0.087
2006-11-01,0.108
2006-11-02,0.091
2006-11-03,0.089
2006-11-06,0.085
2006-11-07,0.059
2006-11-08,0.048
2006-11-09,0.037
2006-11-10,0.056
2006-11-13,0.060
2006-11-14,0.051
2006-11-15,0.053
2006-11-16,0.048
2006-11-17,0.053
2006-11-20,0.066
2006-11-21,0.054
2006-11-22,0.073
2006-11-23,0.061
2006-11-24,0.063
2006-11-27,0.076
2006-11-28,0.082
2006-11-29,0.072
2006-11-30,0.067
2006-12-01,0.068
2006-12-04,0.094
2006-12-05,0.074
2006-12-06,0.066
2006-12-07,0.052
2006-12-08,0.043
2006-12-11,0.043
2006-12-12,0.036
2006-12-13,0.026
2006-12-14,0.035
2006-12-15,0.037
2006-12-18,0.047
2006-12-19,0.063
2006-12-20,0.067
2006-12-21,0.068
2006-12-22,0.060
2006-12-27,0.056
2006-12-28,0.083
2006-12-29,0.090
2007-01-02,0.094
2007-01-03,0.100
2007-01-04,0.102
2007-01-05,0.098
2007-01-08,0.103
2007-01-09,0.109
2007-01-10,0.110
2007-01-11,0.135
2007-01-12,0.152
2007-01-15,0.145
2007-01-16,0.137
2007-01-17,0.136
2007-01-18,0.154
2007-01-19,0.120
2007-01-22,0.115
2007-01-23,0.106
2007-01-24,0.106
2007-01-25,0.116
2007-01-26,0.137
2007-01-29,0.155
2007-01-30,0.152
2007-01-31,0.148
2007-02-01,0.143
2007-02-02,0.188
2007-02-05,0.166
2007-02-06,0.152
2007-02-07,0.134
2007-02-08,0.118
2007-02-09,0.136
2007-02-12,0.162
2007-02-13,0.161
2007-02-14,0.163
2007-02-15,0.136
2007-02-16,0.129
2007-02-19,0.127
2007-02-20,0.133
2007-02-21,0.125
2007-02-22,0.124
2007-02-23,0.105
2007-02-26,0.093
2007-02-27,0.094
2007-02-28,0.119
2007-03-01,0.115
2007-03-02,0.130
2007-03-05,0.122
2007-03-06,0.096
2007-03-07,0.097
2007-03-08,0.082
2007-03-09,0.078
2007-03-12,0.062
2007-03-13,0.046
2007-03-14,0.047
2007-03-15,0.047
2007-03-16,0.043
2007-03-19,0.028
2007-03-20,0.020
2007-03-21,0.027
2007-03-22,0.045
2007-03-23,0.077
2007-03-26,0.084
2007-03-27,0.082
2007-03-28,0.094
2007-03-29,0.086
2007-03-30,0.077
2007-04-02,0.060
2007-04-03,0.086
2007-04-04,0.089
2007-04-05,0.093
2007-04-10,0.098
2007-04-11,0.095
2007-04-12,0.110
2007-04-13,0.127
2007-04-16,0.118
2007-04-17,0.112
2007-04-18,0.087
2007-04-19,0.095
2007-04-20,0.108
2007-04-23,0.101
2007-04-24,0.090
2007-04-25,0.092
2007-04-26,0.089
2007-04-27,0.097
2007-04-30,0.067
2007-05-02,0.074
2007-05-03,0.074
2007-05-04,0.078
2007-05-07,0.079
2007-05-08,0.065
2007-05-09,0.073
2007-05-10,0.077
2007-05-11,0.069
2007-05-14,0.092
2007-05-15,0.091
2007-05-16,0.078
2007-05-17,0.067
2007-05-18,0.068
2007-05-21,0.073
2007-05-22,0.075
2007-05-23,0.062
2007-05-24,0.080
2007-05-25,0.071
2007-05-28,0.068
2007-05-29,0.058
2007-05-30,0.061
2007-05-31,0.058
2007-06-01,0.050
2007-06-04,0.052
2007-06-05,0.065
2007-06-06,0.091
2007-06-07,0.112
2007-06-08,0.149
2007-06-11,0.144
2007-06-12,0.160
2007-06-13,0.180
2007-06-14,0.177
2007-06-15,0.199
2007-06-18,0.205
2007-06-19,0.200
2007-06-20,0.180
2007-06-21,0.194
2007-06-22,0.209
2007-06-25,0.199
2007-06-26,0.190
2007-06-27,0.151
2007-06-28,0.142
2007-06-29,0.126
2007-07-02,0.110
2007-07-03,0.128
2007-07-04,0.145
2007-07-05,0.162
2007-07-06,0.168
2007-07-09,0.171
2007-07-10,0.148
2007-07-11,0.137
2007-07-12,0.142
2007-07-13,0.131
2007-07-16,0.128
2007-07-17,0.115
2007-07-18,0.107
2007-07-19,0.095
2007-07-20,0.054
2007-07-23,0.047
2007-07-24,0.053
2007-07-25,0.054
2007-07-26,0.061
2007-07-27,0.074
2007-07-30,0.079
2007-07-31,0.079
2007-08-01,0.081
2007-08-02,0.073
2007-08-03,0.072
2007-08-06,0.091
2007-08-07,0.087
2007-08-08,0.089
2007-08-09,0.114
2007-08-10,0.180
2007-08-13,0.185
2007-08-14,0.189
2007-08-15,0.233
2007-08-16,0.316
2007-08-17,0.368
2007-08-20,0.356
2007-08-21,0.429
2007-08-22,0.301
2007-08-23,0.305
2007-08-24,0.277
2007-08-27,0.256
2007-08-28,0.287
2007-08-29,0.294
2007-08-30,0.297
2007-08-31,0.292
2007-09-03,0.279
2007-09-04,0.284
2007-09-05,0.298
2007-09-06,0.303
2007-09-07,0.360
2007-09-10,0.328
2007-09-11,0.299
2007-09-12,0.280
2007-09-13,0.255
2007-09-14,0.252
2007-09-17,0.243
2007-09-18,0.233
2007-09-19,0.290
2007-09-20,0.314
2007-09-21,0.361
2007-09-24,0.368
2007-09-25,0.355
2007-09-26,0.376
2007-09-27,0.361
2007-09-28,0.346
2007-10-01,0.376
2007-10-02,0.359
2007-10-03,0.350
2007-10-04,0.352
2007-10-05,0.368
2007-10-08,0.361
2007-10-09,0.326
2007-10-10,0.322
2007-10-11,0.326
2007-10-12,0.286
2007-10-15,0.251
2007-10-16,0.287
2007-10-17,0.295
2007-10-18,0.294
2007-10-19,0.299
2007-10-22,0.267
2007-10-23,0.261
2007-10-24,0.280
2007-10-25,0.290
2007-10-26,0.286
2007-10-29,0.273
2007-10-30,0.261
2007-10-31,0.230
2007-11-01,0.245
2007-11-02,0.256
2007-11-05,0.258
2007-11-06,0.269
2007-11-07,0.270
2007-11-08,0.301
2007-11-09,0.326
2007-11-12,0.300
2007-11-13,0.302
2007-11-14,0.287
2007-11-15,0.311
2007-11-16,0.329
2007-11-19,0.349
2007-11-20,0.359
2007-11-21,0.399
2007-11-22,0.433
2007-11-23,0.419
2007-11-26,0.399
2007-11-27,0.406
2007-11-28,0.420
2007-11-29,0.419
2007-11-30,0.394
2007-12-03,0.406
2007-12-04,0.388
2007-12-05,0.394
2007-12-06,0.389
2007-12-07,0.377
2007-12-10,0.376
2007-12-11,0.365
2007-12-12,0.386
2007-12-13,0.350
2007-12-14,0.335
2007-12-17,0.348
2007-12-18,0.344
2007-12-19,0.363
2007-12-20,0.355
2007-12-21,0.360
2007-12-24,0.355
2007-12-27,0.356
2007-12-28,0.352
2007-12-31,0.362
2008-01-02,0.409
2008-01-03,0.411
2008-01-04,0.419
2008-01-07,0.388
2008-01-08,0.351
2008-01-09,0.386
2008-01-10,0.360
2008-01-11,0.389
2008-01-14,0.391
2008-01-15,0.415
2008-01-16,0.439
2008-01-17,0.491
2008-01-18,0.525
2008-01-21,0.587
2008-01-22,0.675
2008-01-23,0.691
2008-01-24,0.578
2008-01-25,0.539
2008-01-28,0.591
2008-01-29,0.595
2008-01-30,0.605
2008-01-31,0.624
2008-02-01,0.602
2008-02-04,0.595
2008-02-05,0.654
2008-02-06,0.682
2008-02-07,0.775
2008-02-08,0.816
2008-02-11,0.835
2008-02-12,0.847
2008-02-13,0.861
2008-02-14,0.847
2008-02-15,0.877
2008-02-18,0.846
2008-02-19,0.853
2008-02-20,0.825
2008-02-21,0.752
2008-02-22,0.737
2008-02-25,0.761
2008-02-26,0.767
2008-02-27,0.819
2008-02-28,0.834
2008-02-29,0.859
2008-03-03,0.804
2008-03-04,0.767
2008-03-05,0.785
2008-03-06,0.756
2008-03-07,0.747
2008-03-10,0.756
2008-03-11,0.659
2008-03-12,0.621
2008-03-13,0.671
2008-03-14,0.667
2008-03-17,0.756
2008-03-18,0.715
2008-03-19,0.622
2008-03-20,0.516
2008-03-25,0.478
2008-03-26,0.482
2008-03-27,0.555
2008-03-28,0.541
2008-03-31,0.535
2008-04-01,0.507
2008-04-02,0.505
2008-04-03,0.545
2008-04-04,0.524
2008-04-07,0.520
2008-04-08,0.532
2008-04-09,0.568
2008-04-10,0.549
2008-04-11,0.531
2008-04-14,0.532
2008-04-15,0.509
2008-04-16,0.501
2008-04-17,0.517
2008-04-18,0.439
2008-04-21,0.450
2008-04-22,0.330
2008-04-23,0.384
2008-04-24,0.433
2008-04-25,0.434
2008-04-28,0.485
2008-04-29,0.493
2008-04-30,0.462
2008-05-02,0.458
2008-05-05,0.439
2008-05-06,0.485
2008-05-07,0.512
2008-05-08,0.484
2008-05-09,0.484
2008-05-12,0.430
2008-05-13,0.401
2008-05-14,0.378
2008-05-15,0.367
2008-05-16,0.319
2008-05-19,0.331
2008-05-20,0.312
2008-05-21,0.283
2008-05-22,0.246
2008-05-23,0.189
2008-05-26,0.213
2008-05-27,0.237
2008-05-28,0.254
2008-05-29,0.260
2008-05-30,0.237
2008-06-02,0.255
2008-06-03,0.237
2008-06-04,0.248
2008-06-05,0.078
2008-06-06,-0.031
2008-06-09,-0.048
2008-06-10,0.069
2008-06-11,0.145
2008-06-12,0.157
2008-06-13,0.151
2008-06-16,0.063
2008-06-17,0.095
2008-06-18,0.079
2008-06-19,0.053
2008-06-20,0.078
2008-06-23,0.098
2008-06-24,0.165
2008-06-25,0.131
2008-06-26,0.141
2008-06-27,0.166
2008-06-30,0.112
2008-07-01,0.102
2008-07-02,0.100
2008-07-03,0.202
2008-07-04,0.196
2008-07-07,0.154
2008-07-08,0.152
2008-07-09,0.099
2008-07-10,0.107
2008-07-11,0.124
2008-07-14,0.147
2008-07-15,0.183
2008-07-16,0.190
2008-07-17,0.190
2008-07-18,0.175
2008-07-21,0.125
2008-07-22,0.170
2008-07-23,0.171
2008-07-24,0.231
2008-07-25,0.235
2008-07-28,0.262
2008-07-29,0.245
2008-07-30,0.224
2008-07-31,0.213
2008-08-01,0.190
2008-08-04,0.195
2008-08-05,0.189
2008-08-06,0.194
2008-08-07,0.282
2008-08-08,0.299
2008-08-11,0.297
2008-08-12,0.275
2008-08-13,0.313
2008-08-14,0.316
2008-08-15,0.295
2008-08-18,0.292
2008-08-19,0.317
2008-08-20,0.281
2008-08-21,0.256
2008-08-22,0.236
2008-08-25,0.244
2008-08-26,0.280
2008-08-27,0.252
2008-08-28,0.190
2008-08-29,0.211
2008-09-01,0.259
2008-09-02,0.262
2008-09-03,0.255
2008-09-04,0.251
2008-09-05,0.242
2008-09-08,0.267
2008-09-09,0.291
2008-09-10,0.297
2008-09-11,0.313
2008-09-12,0.341
2008-09-15,0.448
2008-09-16,0.484
2008-09-17,0.471
2008-09-18,0.480
2008-09-19,0.452
2008-09-22,0.420
2008-09-23,0.463
2008-09-24,0.517
2008-09-25,0.541
2008-09-26,0.608
2008-09-29,0.737
2008-09-30,0.752
2008-10-01,0.770
2008-10-02,0.842
2008-10-03,0.911
2008-10-06,0.998
2008-10-07,0.999
2008-10-08,1.007
2008-10-09,1.147
2008-10-10,1.263
2008-10-13,1.295
2008-10-14,1.209
2008-10-15,1.267
2008-10-16,1.355
2008-10-17,1.413
2008-10-20,1.383
2008-10-21,1.376
2008-10-22,1.376
2008-10-23,1.323
2008-10-24,1.335
2008-10-27,1.437
2008-10-28,1.528
2008-10-29,1.528
2008-10-30,1.516
2008-10-31,1.579
2008-11-03,1.550
2008-11-04,1.557
2008-11-05,1.535
2008-11-06,1.518
2008-11-07,1.533
2008-11-10,1.518
2008-11-11,1.543
2008-11-12,1.582
2008-11-13,1.625
2008-11-14,1.550
2008-11-17,1.589
2008-11-18,1.594
2008-11-19,1.571
2008-11-20,1.605
2008-11-21,1.558
2008-11-24,1.565
2008-11-25,1.440
2008-11-26,1.406
2008-11-27,1.394
2008-11-28,1.398
2008-12-01,1.346
2008-12-02,1.299
2008-12-03,1.235
2008-12-04,1.289
2008-12-05,1.251
2008-12-08,1.230
2008-12-09,1.221
2008-12-10,1.269
2008-12-11,1.324
2008-12-12,1.351
2008-12-15,1.413
2008-12-16,1.392
2008-12-17,1.466
2008-12-18,1.479
2008-12-19,1.525
2008-12-22,1.519
2008-12-23,1.520
2008-12-24,1.527
2008-12-29,1.541
2008-12-30,1.546
2008-12-31,1.551
2009-01-02,1.569
2009-01-05,1.645
2009-01-06,1.707
2009-01-07,1.793
2009-01-08,1.817
2009-01-09,1.868
2009-01-12,1.868
2009-01-13,1.878
2009-01-14,1.894
2009-01-15,1.842
2009-01-16,1.865
2009-01-19,1.890
2009-01-20,1.933
2009-01-21,1.988
2009-01-22,2.116
2009-01-23,2.156
2009-01-26,2.086
2009-01-27,2.080
2009-01-28,2.023
2009-01-29,2.098
2009-01-30,2.236
2009-02-02,2.265
2009-02-03,2.301
2009-02-04,2.296
2009-02-05,2.346
2009-02-06,2.388
2009-02-09,2.341
2009-02-10,2.346
2009-02-11,2.348
2009-02-12,2.247
2009-02-13,2.272
2009-02-16,2.321
2009-02-17,2.351
2009-02-18,2.328
2009-02-19,2.271
2009-02-20,2.279
2009-02-23,2.225
2009-02-24,2.257
2009-02-25,2.292
2009-02-26,2.296
2009-02-27,2.296
2009-03-02,2.363
2009-03-03,2.412
2009-03-04,2.498
2009-03-05,2.401
2009-03-06,2.336
2009-03-09,2.237
2009-03-10,2.264
2009-03-11,2.275
2009-03-12,2.268
2009-03-13,2.287
2009-03-16,2.315
2009-03-17,2.349
2009-03-18,2.358
2009-03-19,2.257
2009-03-20,2.264
2009-03-23,2.252
2009-03-24,2.255
2009-03-25,2.238
2009-03-26,2.212
2009-03-27,2.278
2009-03-30,2.308
2009-03-31,2.312
2009-04-01,2.322
2009-04-02,2.264
2009-04-03,2.210
2009-04-06,2.177
2009-04-07,2.234
2009-04-08,2.258
2009-04-09,2.305
2009-04-14,2.297
2009-04-15,2.301
2009-04-16,2.289
2009-04-17,2.272
2009-04-20,2.256
2009-04-21,2.211
2009-04-22,2.204
2009-04-23,2.201
2009-04-24,2.256
2009-04-27,2.255
2009-04-28,2.268
2009-04-29,2.278
2009-04-30,2.260
2009-05-04,2.284
2009-05-05,2.270
2009-05-06,2.311
2009-05-07,2.385
2009-05-08,2.484
2009-05-11,2.447
2009-05-12,2.440
2009-05-13,2.469
2009-05-14,2.472
2009-05-15,2.513
2009-05-18,2.532
2009-05-19,2.546
2009-05-20,2.473
2009-05-21,2.495
2009-05-22,2.555
2009-05-25,2.498
2009-05-26,2.502
2009-05-27,2.529
2009-05-28,2.583
2009-05-29,2.651
2009-06-01,2.660
2009-06-02,2.698
2009-06-03,2.645
2009-06-04,2.606
2009-06-05,2.494
2009-06-08,2.423
2009-06-09,2.415
2009-06-10,2.440
2009-06-11,2.460
2009-06-12,2.427
2009-06-15,2.399
2009-06-16,2.415
2009-06-17,2.451
2009-06-18,2.509
2009-06-19,2.531
2009-06-22,2.503
2009-06-23,2.484
2009-06-24,2.554
2009-06-25,2.580
2009-06-26,2.564
2009-06-29,2.489
2009-06-30,2.486
2009-07-01,2.512
2009-07-02,2.566
2009-07-03,2.579
2009-07-06,2.573
2009-07-07,2.569
2009-07-08,2.577
2009-07-09,2.552
2009-07-10,2.534
2009-07-13,2.521
2009-07-14,2.525
2009-07-15,2.513
2009-07-16,2.554
2009-07-17,2.560
2009-07-20,2.521
2009-07-21,2.519
2009-07-22,2.499
2009-07-23,2.496
2009-07-24,2.474
2009-07-27,2.429
2009-07-28,2.410
2009-07-29,2.380
2009-07-30,2.350
2009-07-31,2.308
2009-08-03,2.287
2009-08-04,2.251
2009-08-05,2.201
2009-08-06,2.173
2009-08-07,2.152
2009-08-10,2.156
2009-08-11,2.191
2009-08-12,2.232
2009-08-13,2.254
2009-08-14,2.256
2009-08-17,2.232
2009-08-18,2.219
2009-08-19,2.219
2009-08-20,2.219
2009-08-21,2.153
2009-08-24,2.170
2009-08-25,2.196
2009-08-26,2.174
2009-08-27,2.171
2009-08-28,2.198
2009-08-31,2.220
2009-09-01,2.278
2009-09-02,2.286
2009-09-03,2.366
2009-09-04,2.357
2009-09-07,2.407
2009-09-08,2.441
2009-09-09,2.461
2009-09-10,2.467
2009-09-11,2.445
2009-09-14,2.398
2009-09-15,2.394
2009-09-16,2.410
2009-09-17,2.399
2009-09-18,2.387
2009-09-21,2.436
2009-09-22,2.432
2009-09-23,2.431
2009-09-24,2.438
2009-09-25,2.363
2009-09-28,2.352
2009-09-29,2.331
2009-09-30,2.308
2009-10-01,2.327
2009-10-02,2.318
2009-10-05,2.313
2009-10-06,2.317
2009-10-07,2.287
2009-10-08,2.272
2009-10-09,2.215
2009-10-12,2.238
2009-10-13,2.275
2009-10-14,2.289
2009-10-15,2.310
2009-10-16,2.262
2009-10-19,2.258
2009-10-20,2.237
2009-10-21,2.256
2009-10-22,2.243
2009-10-23,2.271
2009-10-26,2.301
2009-10-27,2.292
2009-10-28,2.278
2009-10-29,2.258
2009-10-30,2.249
2009-11-02,2.248
2009-11-03,2.277
2009-11-04,2.293
2009-11-05,2.322
2009-11-06,2.335
2009-11-09,2.350
2009-11-10,2.321
2009-11-11,2.335
2009-11-12,2.356
2009-11-13,2.372
2009-11-16,2.370
2009-11-17,2.335
2009-11-18,2.341
2009-11-19,2.346
2009-11-20,2.312
2009-11-23,2.288
2009-11-24,2.284
2009-11-25,2.239
2009-11-26,2.271
2009-11-27,2.284
2009-11-30,2.232
2009-12-01,2.235
2009-12-02,2.246
2009-12-03,2.232
2009-12-04,2.227
2009-12-07,2.195
2009-12-08,2.257
2009-12-09,2.273
2009-12-10,2.278
2009-12-11,2.284
2009-12-14,2.282
2009-12-15,2.292
2009-12-16,2.300
2009-12-17,2.313
2009-12-18,2.315
2009-12-21,2.342
2009-12-22,2.380
2009-12-23,2.407
2009-12-24,2.410
2009-12-28,2.398
2009-12-29,2.376
2009-12-30,2.377
2009-12-31,2.381
2010-01-04,2.323
2010-01-05,2.335
2010-01-06,2.363
2010-01-07,2.347
2010-01-08,2.366
2010-01-11,2.373
2010-01-12,2.358
2010-01-13,2.368
2010-01-14,2.398
2010-01-15,2.408
2010-01-18,2.370
2010-01-19,2.378
2010-01-20,2.370
2010-01-21,2.384
2010-01-22,2.437
2010-01-25,2.404
2010-01-26,2.394
2010-01-27,2.364
2010-01-28,2.376
2010-01-29,2.415
2010-02-01,2.335
2010-02-02,2.305
2010-02-03,2.300
2010-02-04,2.281
2010-02-05,2.285
2010-02-08,2.345
2010-02-09,2.356
2010-02-10,2.364
2010-02-11,2.351
2010-02-12,2.389
2010-02-15,2.405
2010-02-16,2.395
2010-02-17,2.437
2010-02-18,2.454
2010-02-19,2.457
2010-02-22,2.469
2010-02-23,2.476
2010-02-24,2.429
2010-02-25,2.457
2010-02-26,2.463
2010-03-01,2.453
2010-03-02,2.465
2010-03-03,2.458
2010-03-04,2.461
2010-03-05,2.458
2010-03-08,2.467
2010-03-09,2.448
2010-03-10,2.446
2010-03-11,2.428
2010-03-12,2.419
2010-03-15,2.401
2010-03-16,2.398
2010-03-17,2.436
2010-03-18,2.422
2010-03-19,2.415
2010-03-22,2.393
2010-03-23,2.395
2010-03-24,2.405
2010-03-25,2.433
2010-03-26,2.448
2010-03-29,2.434
2010-03-30,2.437
2010-03-31,2.410
2010-04-01,2.417
2010-04-06,2.429
2010-04-07,2.425
2010-04-08,2.446
2010-04-09,2.437
2010-04-12,2.417
2010-04-13,2.435
2010-04-14,2.445
2010-04-15,2.458
2010-04-16,2.462
2010-04-19,2.475
2010-04-20,2.448
2010-04-21,2.437
2010-04-22,2.368
2010-04-23,2.404
2010-04-26,2.328
2010-04-27,2.355
2010-04-28,2.325
2010-04-29,2.364
2010-04-30,2.385
2010-05-03,2.393
2010-05-04,2.359
2010-05-05,2.400
2010-05-06,2.503
2010-05-07,2.532
2010-05-10,2.561
2010-05-11,2.524
2010-05-12,2.539
2010-05-13,2.515
2010-05-14,2.499
2010-05-17,2.461
2010-05-18,2.337
2010-05-19,2.324
2010-05-20,2.267
2010-05-21,2.226
2010-05-24,2.212
2010-05-25,2.135
2010-05-26,2.151
2010-05-27,2.142
2010-05-28,2.449
2010-05-31,2.429
2010-06-01,2.425
2010-06-02,2.445
2010-06-03,2.495
2010-06-04,2.483
2010-06-07,2.525
2010-06-08,2.517
2010-06-09,2.519
2010-06-10,2.524
2010-06-11,2.517
2010-06-14,2.508
2010-06-15,2.511
2010-06-16,2.516
2010-06-17,2.501
2010-06-18,2.484
2010-06-21,2.454
2010-06-22,2.427
2010-06-23,2.400
2010-06-24,2.408
2010-06-25,2.394
2010-06-28,2.370
2010-06-29,2.363
2010-06-30,2.332
2010-07-01,2.283
2010-07-02,2.275
2010-07-05,2.259
2010-07-06,2.261
2010-07-07,2.274
2010-07-08,2.227
2010-07-09,2.177
2010-07-12,2.192
2010-07-13,2.201
2010-07-14,2.148
2010-07-15,2.170
2010-07-16,2.151
2010-07-19,2.120
2010-07-20,2.146
2010-07-21,2.193
2010-07-22,2.239
2010-07-23,2.218
2010-07-26,2.196
2010-07-27,2.150
2010-07-28,2.158
2010-07-29,2.141
2010-07-30,2.137
2010-08-02,2.150
2010-08-03,2.143
2010-08-04,2.116
2010-08-05,2.068
2010-08-06,2.015
2010-08-09,2.033
2010-08-10,2.073
2010-08-11,2.076
2010-08-12,2.085
2010-08-13,2.090
2010-08-16,2.034
2010-08-17,2.028
2010-08-18,1.996
2010-08-19,1.996
2010-08-20,1.989
2010-08-23,1.987
2010-08-24,1.938
2010-08-25,1.863
2010-08-26,1.871
2010-08-27,1.838
2010-08-30,1.879
2010-08-31,1.854
2010-09-01,1.911
2010-09-02,1.966
2010-09-03,2.004
2010-09-06,1.993
2010-09-07,1.980
2010-09-08,1.953
2010-09-09,1.921
2010-09-10,1.939
2010-09-13,1.961
2010-09-14,1.929
2010-09-15,1.944
2010-09-16,1.974
2010-09-17,1.946
2010-09-20,1.953
2010-09-21,1.951
2010-09-22,1.902
2010-09-23,1.913
2010-09-24,1.925
2010-09-27,1.876
2010-09-28,1.840
2010-09-29,1.790
2010-09-30,1.773
2010-10-01,1.789
2010-10-04,1.759
2010-10-05,1.776
2010-10-06,1.778
2010-10-07,1.785
2010-10-08,1.792
2010-10-11,1.802
2010-10-12,1.793
2010-10-13,1.825
2010-10-14,1.832
2010-10-15,1.864
2010-10-18,1.809
2010-10-19,1.800
2010-10-20,1.774
2010-10-21,1.782
2010-10-22,1.753
2010-10-25,1.763
2010-10-26,1.746
2010-10-27,1.793
2010-10-28,1.778
2010-10-29,1.795
2010-11-01,1.767
2010-11-02,1.743
2010-11-03,1.709
2010-11-04,1.742
2010-11-05,1.788
2010-11-08,1.757
2010-11-09,1.766
2010-11-10,1.773
2010-11-11,1.832
2010-11-12,1.833
2010-11-15,1.838
2010-11-16,1.877
2010-11-17,1.899
2010-11-18,1.947
2010-11-19,1.935
2010-11-22,1.944
2010-11-23,1.949
2010-11-24,2.033
2010-11-25,2.049
2010-11-26,2.078
2010-11-29,2.121
2010-11-30,2.123
2010-12-01,2.171
2010-12-02,2.249
2010-12-03,2.315
2010-12-06,2.330
2010-12-07,2.372
2010-12-08,2.351
2010-12-09,2.233
2010-12-10,2.224
2010-12-13,2.227
2010-12-14,2.278
2010-12-15,2.288
2010-12-16,2.306
2010-12-17,2.287
2010-12-20,2.245
2010-12-21,2.234
2010-12-22,2.285
2010-12-23,2.342
2010-12-24,2.346
2010-12-27,2.381
2010-12-28,2.390
2010-12-29,2.442
2010-12-30,2.426
2010-12-31,2.433
2011-01-03,2.450
2011-01-04,2.392
2011-01-05,2.360
2011-01-06,2.385
2011-01-07,2.374
2011-01-10,2.327
2011-01-11,2.350
2011-01-12,2.367
2011-01-13,2.279
2011-01-14,2.178
2011-01-17,2.189
2011-01-18,2.187
2011-01-19,2.212
2011-01-20,2.174
2011-01-21,2.139
2011-01-24,2.107
2011-01-25,2.116
2011-01-26,2.110
2011-01-27,2.100
2011-01-28,2.011
2011-01-31,2.011
2011-02-01,2.077
2011-02-02,2.029
2011-02-03,2.109
2011-02-04,2.077
2011-02-07,2.116
2011-02-08,2.082
2011-02-09,2.081
2011-02-10,2.071
2011-02-11,2.083
2011-02-14,2.103
2011-02-15,2.104
2011-02-16,2.076
2011-02-17,2.089
2011-02-18,2.068
2011-02-21,2.024
2011-02-22,1.952
2011-02-23,1.912
2011-02-24,1.941
2011-02-25,1.942
2011-02-28,1.962
2011-03-01,1.984
2011-03-02,1.986
2011-03-03,1.890
2011-03-04,1.851
2011-03-07,1.865
2011-03-08,1.868
2011-03-09,1.877
2011-03-10,1.863
2011-03-11,1.865
2011-03-14,1.868
2011-03-15,1.883
2011-03-16,1.880
2011-03-17,1.891
2011-03-18,1.873
2011-03-21,1.827
2011-03-22,1.838
2011-03-23,1.852
2011-03-24,1.869
2011-03-25,1.855
2011-03-28,1.860
2011-03-29,1.852
2011-03-30,1.885
2011-03-31,1.867
2011-04-01,1.857
2011-04-04,1.852
2011-04-05,1.852
2011-04-06,1.864
2011-04-07,1.861
2011-04-08,1.823
2011-04-11,1.826
2011-04-12,1.847
2011-04-13,1.833
2011-04-14,1.821
2011-04-15,1.796
2011-04-18,1.804
2011-04-19,1.746
2011-04-20,1.738
2011-04-21,1.757
2011-04-26,1.766
2011-04-27,1.756
2011-04-28,1.724
2011-04-29,1.695
2011-05-02,1.683
2011-05-03,1.664
2011-05-04,1.613
2011-05-05,1.708
2011-05-06,1.650
2011-05-09,1.635
2011-05-10,1.654
2011-05-11,1.664
2011-05-12,1.675
2011-05-13,1.643
2011-05-16,1.642
2011-05-17,1.642
2011-05-18,1.625
2011-05-19,1.635
2011-05-20,1.620
2011-05-23,1.639
2011-05-24,1.656
2011-05-25,1.691
2011-05-26,1.673
2011-05-27,1.690
2011-05-30,1.683
2011-05-31,1.694
2011-06-01,1.681
2011-06-02,1.656
2011-06-03,1.645
2011-06-06,1.642
2011-06-07,1.653
2011-06-08,1.661
2011-06-09,1.690
2011-06-10,1.685
2011-06-13,1.706
2011-06-14,1.710
2011-06-15,1.735
2011-06-16,1.780
2011-06-17,1.759
2011-06-20,1.760
2011-06-21,1.764
2011-06-22,1.781
2011-06-23,1.818
2011-06-24,1.810
2011-06-27,1.836
2011-06-28,1.789
2011-06-29,1.792
2011-06-30,1.754
2011-07-01,1.717
2011-07-04,1.689
2011-07-05,1.694
2011-07-06,1.700
2011-07-07,1.720
2011-07-08,1.716
2011-07-11,1.721
2011-07-12,1.769
2011-07-13,1.810
2011-07-14,1.836
2011-07-15,1.823
2011-07-18,1.815
2011-07-19,1.808
2011-07-20,1.811
2011-07-21,1.784
2011-07-22,1.774
2011-07-25,1.769
2011-07-26,1.745
2011-07-27,1.725
2011-07-28,1.746
2011-07-29,1.738
2011-08-01,1.731
2011-08-02,1.749
2011-08-03,1.769
2011-08-04,1.807
2011-08-05,1.950
2011-08-08,2.020
2011-08-09,2.016
2011-08-10,2.073
2011-08-11,2.056
2011-08-12,2.018
2011-08-15,1.977
2011-08-16,1.983
2011-08-17,1.934
2011-08-18,1.938
2011-08-19,1.880
2011-08-22,1.877
2011-08-23,1.874
2011-08-24,1.888
2011-08-25,1.919
2011-08-26,1.913
2011-08-29,1.870
2011-08-30,1.888
2011-08-31,1.904
2011-09-01,1.918
2011-09-02,1.921
2011-09-05,1.901
2011-09-06,1.896
2011-09-07,1.906
2011-09-08,1.839
2011-09-09,1.864
2011-09-12,1.750
2011-09-13,1.760
2011-09-14,1.762
2011-09-15,1.776
2011-09-16,1.742
2011-09-19,1.739
2011-09-20,1.745
2011-09-21,1.760
2011-09-22,1.719
2011-09-23,1.727
2011-09-26,1.763
2011-09-27,1.787
2011-09-28,1.777
2011-09-29,1.787
2011-09-30,1.737
2011-10-03,1.725
2011-10-04,1.697
2011-10-05,1.750
2011-10-06,1.726
2011-10-07,1.790
2011-10-10,1.832
2011-10-11,1.855
2011-10-12,1.899
2011-10-13,1.896
2011-10-14,1.978
2011-10-17,1.958
2011-10-18,1.917
2011-10-19,1.947
2011-10-20,1.892
2011-10-21,1.923
2011-10-24,1.944
2011-10-25,1.954
2011-10-26,1.983
2011-10-27,1.974
2011-10-28,2.005
2011-10-31,1.980
2011-11-01,1.897
2011-11-02,1.935
2011-11-03,2.061
2011-11-04,1.989
2011-11-07,1.975
2011-11-08,1.971
2011-11-09,1.914
2011-11-10,1.951
2011-11-11,1.988
2011-11-14,1.982
2011-11-15,1.992
2011-11-16,1.987
2011-11-17,2.000
2011-11-18,1.996
2011-11-21,1.970
2011-11-22,2.022
2011-11-23,2.053
2011-11-24,2.055
2011-11-25,2.113
2011-11-28,2.181
2011-11-29,2.214
2011-11-30,2.329
2011-12-01,2.302
2011-12-02,2.252
2011-12-05,2.223
2011-12-06,2.238
2011-12-07,2.207
2011-12-08,2.242
2011-12-09,2.195
2011-12-12,2.186
2011-12-13,2.179
2011-12-14,2.100
2011-12-15,2.146
2011-12-16,2.181
2011-12-19,2.142
2011-12-20,2.195
2011-12-21,2.174
2011-12-22,2.177
2011-12-23,2.210
2011-12-27,2.231
2011-12-28,2.234
2011-12-29,2.243
2011-12-30,2.239
2012-01-02,2.244
2012-01-03,2.284
2012-01-04,2.315
2012-01-05,2.272
2012-01-06,2.253
2012-01-09,2.230
2012-01-10,2.212
2012-01-11,2.223
2012-01-12,2.203
2012-01-13,2.158
2012-01-16,2.169
2012-01-17,2.144
2012-01-18,2.153
2012-01-19,2.183
2012-01-20,2.218
2012-01-23,2.269
2012-01-24,2.303
2012-01-25,2.300
2012-01-26,2.248
2012-01-27,2.215
2012-01-30,2.169
2012-01-31,2.216
2012-02-01,2.210
2012-02-02,2.234
2012-02-03,2.250
2012-02-06,2.256
2012-02-07,2.268
2012-02-08,2.261
2012-02-09,2.250
2012-02-10,2.241
2012-02-13,2.210
2012-02-14,2.210
2012-02-15,2.206
2012-02-16,2.192
2012-02-17,2.211
2012-02-20,2.201
2012-02-21,2.217
2012-02-22,2.208
2012-02-23,2.187
2012-02-24,2.200
2012-02-27,2.200
2012-02-28,2.203
2012-02-29,2.218
2012-03-01,2.197
2012-03-02,2.196
2012-03-05,2.216
2012-03-06,2.221
2012-03-07,2.213
2012-03-08,2.214
2012-03-09,2.199
2012-03-12,2.192
2012-03-13,2.205
2012-03-14,2.237
2012-03-15,2.247
2012-03-16,2.263
2012-03-19,2.247
2012-03-20,2.257
2012-03-21,2.246
2012-03-22,2.246
2012-03-23,2.228
2012-03-26,2.264
2012-03-27,2.256
2012-03-28,2.271
2012-03-29,2.250
2012-03-30,2.207
2012-04-02,2.201
2012-04-03,2.209
2012-04-04,2.218
2012-04-05,2.241
2012-04-10,2.226
2012-04-11,2.209
2012-04-12,2.183
2012-04-13,2.182
2012-04-16,2.182
2012-04-17,2.180
2012-04-18,2.171
2012-04-19,2.145
2012-04-20,2.197
2012-04-23,2.176
2012-04-24,2.173
2012-04-25,2.183
2012-04-26,2.209
2012-04-27,2.162
2012-04-30,2.153
2012-05-02,2.157
2012-05-03,2.137
2012-05-04,2.125
2012-05-07,2.112
2012-05-08,2.067
2012-05-09,2.068
2012-05-10,2.069
2012-05-11,2.025
2012-05-14,1.964
2012-05-15,1.976
2012-05-16,1.994
2012-05-17,1.990
2012-05-18,1.961
2012-05-21,1.979
2012-05-22,1.983
2012-05-23,1.947
2012-05-24,1.870
2012-05-25,1.859
2012-05-28,1.877
2012-05-29,1.857
2012-05-30,1.816
2012-05-31,1.718
2012-06-01,1.628
2012-06-04,1.681
2012-06-05,1.687
2012-06-06,1.737
2012-06-07,1.836
2012-06-08,1.816
2012-06-11,1.836
2012-06-12,1.895
2012-06-13,1.933
2012-06-14,1.935
2012-06-15,1.915
2012-06-18,1.917
2012-06-19,1.964
2012-06-20,1.989
2012-06-21,1.966
2012-06-22,1.969
2012-06-25,1.945
2012-06-26,1.974
2012-06-27,1.991
2012-06-28,1.989
2012-06-29,2.047
2012-07-02,2.009
2012-07-03,2.006
2012-07-04,1.971
2012-07-05,1.980
2012-07-06,1.957
2012-07-09,1.975
2012-07-10,1.966
2012-07-11,1.936
2012-07-12,1.918
2012-07-13,1.918
2012-07-16,1.886
2012-07-17,1.854
2012-07-18,1.839
2012-07-19,1.829
2012-07-20,1.797
2012-07-23,1.804
2012-07-24,1.874
2012-07-25,1.883
2012-07-26,1.894
2012-07-27,1.928
2012-07-30,1.954
2012-07-31,1.894
2012-08-01,1.936
2012-08-02,1.864
2012-08-03,1.848
2012-08-06,1.921
2012-08-07,1.955
2012-08-08,1.931
2012-08-09,1.919
2012-08-10,1.883
2012-08-13,1.941
2012-08-14,1.925
2012-08-15,1.971
2012-08-16,1.977
2012-08-17,1.978
2012-08-20,1.969
2012-08-21,1.991
2012-08-22,1.935
2012-08-23,1.884
2012-08-24,1.844
2012-08-27,1.858
2012-08-28,1.850
2012-08-29,1.887
2012-08-30,1.887
2012-08-31,1.900
2012-09-03,1.886
2012-09-04,1.925
2012-09-05,1.954
2012-09-06,1.967
2012-09-07,1.947
2012-09-10,1.960
2012-09-11,1.941
2012-09-12,1.984
2012-09-13,1.926
2012-09-14,1.991
2012-09-17,1.986
2012-09-18,1.964
2012-09-19,1.969
2012-09-20,1.968
2012-09-21,1.975
2012-09-24,1.962
2012-09-25,1.946
2012-09-26,1.887
2012-09-27,1.879
2012-09-28,1.869
2012-10-01,1.880
2012-10-02,1.882
2012-10-03,1.876
2012-10-04,1.896
2012-10-05,1.923
2012-10-08,1.914
2012-10-09,1.904
2012-10-10,1.892
2012-10-11,1.877
2012-10-12,1.859
2012-10-15,1.845
2012-10-16,1.887
2012-10-17,1.926
2012-10-18,1.906
2012-10-19,1.885
2012-10-22,1.866
2012-10-23,1.862
2012-10-24,1.880
2012-10-25,1.910
2012-10-26,1.880
2012-10-29,1.861
2012-10-30,1.866
2012-10-31,1.864
2012-11-01,1.865
2012-11-02,1.860
2012-11-05,1.852
2012-11-06,1.857
2012-11-07,1.842
2012-11-08,1.835
2012-11-09,1.809
2012-11-12,1.806
2012-11-13,1.786
2012-11-14,1.795
2012-11-15,1.799
2012-11-16,1.797
2012-11-19,1.799
2012-11-20,1.823
2012-11-21,1.844
2012-11-22,1.849
2012-11-23,1.852
2012-11-26,1.837
2012-11-27,1.824
2012-11-28,1.765
2012-11-29,1.769
2012-11-30,1.759
2012-12-03,1.781
2012-12-04,1.763
2012-12-05,1.741
2012-12-06,1.748
2012-12-07,1.763
2012-12-10,1.759
2012-12-11,1.779
2012-12-12,1.772
2012-12-13,1.773
2012-12-14,1.773
2012-12-17,1.782
2012-12-18,1.790
2012-12-19,1.798
2012-12-20,1.779
2012-12-21,1.766
2012-12-24,1.775
2012-12-27,1.746
2012-12-28,1.732
2012-12-31,1.736
2013-01-02,1.806
2013-01-03,1.825
2013-01-04,1.830
2013-01-07,1.812
2013-01-08,1.796
2013-01-09,1.802
2013-01-10,1.834
2013-01-11,1.831
2013-01-14,1.786
2013-01-15,1.766
2013-01-16,1.762
2013-01-17,1.748
2013-01-18,1.701
2013-01-21,1.710
2013-01-22,1.721
2013-01-23,1.716
2013-01-24,1.723
2013-01-25,1.683
2013-01-28,1.687
2013-01-29,1.702
2013-01-30,1.710
2013-01-31,1.705
2013-02-01,1.717
2013-02-04,1.734
2013-02-05,1.737
2013-02-06,1.728
2013-02-07,1.760
2013-02-08,1.756
2013-02-11,1.755
2013-02-12,1.766
2013-02-13,1.791
2013-02-14,1.797
2013-02-15,1.794
2013-02-18,1.794
2013-02-19,1.794
2013-02-20,1.800
2013-02-21,1.774
2013-02-22,1.797
2013-02-25,1.814
2013-02-26,1.789
2013-02-27,1.764
2013-02-28,1.778
2013-03-01,1.758
2013-03-04,1.748
2013-03-05,1.750
2013-03-06,1.769
2013-03-07,1.757
2013-03-08,1.754
2013-03-11,1.761
2013-03-12,1.758
2013-03-13,1.756
2013-03-14,1.757
2013-03-15,1.752
2013-03-18,1.728
2013-03-19,1.715
2013-03-20,1.723
2013-03-21,1.683
2013-03-22,1.691
2013-03-25,1.694
2013-03-26,1.715
2013-03-27,1.680
2013-03-28,1.693
2013-04-02,1.691
2013-04-03,1.672
2013-04-04,1.638
2013-04-05,1.525
2013-04-08,1.523
2013-04-09,1.556
2013-04-10,1.601
2013-04-11,1.599
2013-04-12,1.587
2013-04-15,1.571
2013-04-16,1.567
2013-04-17,1.572
2013-04-18,1.555
2013-04-19,1.567
2013-04-22,1.544
2013-04-23,1.540
2013-04-24,1.550
2013-04-25,1.547
2013-04-26,1.539
2013-04-29,1.529
2013-04-30,1.507
2013-05-02,1.520
2013-05-03,1.567
2013-05-06,1.561
2013-05-07,1.578
2013-05-08,1.573
2013-05-09,1.577
2013-05-10,1.635
2013-05-13,1.647
2013-05-14,1.644
2013-05-15,1.647
2013-05-16,1.627
2013-05-17,1.628
2013-05-20,1.627
2013-05-21,1.681
2013-05-22,1.633
2013-05-23,1.652
2013-05-24,1.653
2013-05-27,1.679
2013-05-28,1.711
2013-05-29,1.713
2013-05-30,1.693
2013-05-31,1.715
2013-06-03,1.716
2013-06-04,1.718
2013-06-05,1.688
2013-06-06,1.690
2013-06-07,1.662
2013-06-10,1.672
2013-06-11,1.699
2013-06-12,1.702
2013-06-13,1.686
2013-06-14,1.652
2013-06-17,1.657
2013-06-18,1.672
2013-06-19,1.663
2013-06-20,1.711
2013-06-21,1.754
2013-06-24,1.827
2013-06-25,1.849
2013-06-26,1.840
2013-06-27,1.802
2013-06-28,1.838
2013-07-01,1.827
2013-07-02,1.831
2013-07-03,1.807
2013-07-04,1.833
2013-07-05,1.912
2013-07-08,1.917
2013-07-09,1.888
2013-07-10,1.891
2013-07-11,1.849
2013-07-12,1.806
2013-07-15,1.715
2013-07-16,1.725
2013-07-17,1.721
2013-07-18,1.713
2013-07-19,1.708
2013-07-22,1.685
2013-07-23,1.683
2013-07-24,1.718
2013-07-25,1.761
2013-07-26,1.759
2013-07-29,1.767
2013-07-30,1.763
2013-07-31,1.770
2013-08-01,1.755
2013-08-02,1.752
2013-08-05,1.772
2013-08-06,1.772
2013-08-07,1.770
2013-08-08,1.764
2013-08-09,1.757
2013-08-12,1.768
2013-08-13,1.813
2013-08-14,1.833
2013-08-15,1.882
2013-08-16,1.880
2013-08-19,1.913
2013-08-20,1.887
2013-08-21,1.912
2013-08-22,1.925
2013-08-23,1.927
2013-08-26,1.899
2013-08-27,1.877
2013-08-28,1.882
2013-08-29,1.891
2013-08-30,1.901
2013-09-02,1.914
2013-09-03,1.928
2013-09-04,1.926
2013-09-05,1.985
2013-09-06,1.953
2013-09-09,1.965
2013-09-10,2.023
2013-09-11,2.004
2013-09-12,1.967
2013-09-13,1.948
2013-09-16,1.924
2013-09-17,1.944
2013-09-18,1.962
2013-09-19,1.943
2013-09-20,1.963
2013-09-23,1.955
2013-09-24,1.903
2013-09-25,1.866
2013-09-26,1.863
2013-09-27,1.843
2013-09-30,1.836
2013-10-01,1.845
2013-10-02,1.852
2013-10-03,1.870
2013-10-04,1.891
2013-10-07,1.872
2013-10-08,1.870
2013-10-09,1.863
2013-10-10,1.910
2013-10-11,1.914
2013-10-14,1.920
2013-10-15,1.930
2013-10-16,1.949
2013-10-17,1.937
2013-10-18,1.906
2013-10-21,1.902
2013-10-22,1.877
2013-10-23,1.858
2013-10-24,1.833
2013-10-25,1.823
2013-10-28,1.809
2013-10-29,1.809
2013-10-30,1.800
2013-10-31,1.803
2013-11-01,1.818
2013-11-04,1.807
2013-11-05,1.828
2013-11-06,1.841
2013-11-07,1.848
2013-11-08,1.885
2013-11-11,1.880
2013-11-12,1.929
2013-11-13,1.915
2013-11-14,1.876
2013-11-15,1.869
2013-11-18,1.857
2013-11-19,1.862
2013-11-20,1.874
2013-11-21,1.912
2013-11-22,1.875
2013-11-25,1.845
2013-11-26,1.846
2013-11-27,1.848
2013-11-28,1.843
2013-11-29,1.844
2013-12-02,1.870
2013-12-03,1.864
2013-12-04,1.889
2013-12-05,1.902
2013-12-06,1.903
2013-12-09,1.882
2013-12-10,1.873
2013-12-11,1.863
2013-12-12,1.852
2013-12-13,1.849
2013-12-16,1.847
2013-12-17,1.856
2013-12-18,1.861
2013-12-19,1.895
2013-12-20,1.900
2013-12-23,1.910
2013-12-24,1.913
2013-12-27,1.964
2013-12-30,1.984
2013-12-31,1.993
2014-01-02,1.988
2014-01-03,1.986
2014-01-06,1.960
2014-01-07,1.935
2014-01-08,1.933
2014-01-09,1.951
2014-01-10,1.939
2014-01-13,1.914
2014-01-14,1.891
2014-01-15,1.895
2014-01-16,1.867
2014-01-17,1.868
2014-01-20,1.840
2014-01-21,1.847
2014-01-22,1.863
2014-01-23,1.826
2014-01-24,1.809
2014-01-27,1.798
2014-01-28,1.810
2014-01-29,1.797
2014-01-30,1.803
2014-01-31,1.787
2014-02-03,1.774
2014-02-04,1.776
2014-02-05,1.770
2014-02-06,1.777
2014-02-07,1.782
2014-02-10,1.782
2014-02-11,1.795
2014-02-12,1.811
2014-02-13,1.799
2014-02-14,1.801
2014-02-17,1.806
2014-02-18,1.791
2014-02-19,1.783
2014-02-20,1.797
2014-02-21,1.783
2014-02-24,1.791
2014-02-25,1.766
2014-02-26,1.746
2014-02-27,1.709
2014-02-28,1.725
2014-03-03,1.684
2014-03-04,1.714
2014-03-05,1.720
2014-03-06,1.718
2014-03-07,1.710
2014-03-10,1.684
2014-03-11,1.716
2014-03-12,1.676
2014-03-13,1.656
2014-03-14,1.637
2014-03-17,1.639
2014-03-18,1.646
2014-03-19,1.663
2014-03-20,1.677
2014-03-21,1.651
2014-03-24,1.634
2014-03-25,1.641
2014-03-26,1.639
2014-03-27,1.640
2014-03-28,1.643
2014-03-31,1.650
2014-04-01,1.649
2014-04-02,1.667
2014-04-03,1.666
2014-04-04,1.636
2014-04-07,1.626
2014-04-08,1.637
2014-04-09,1.638
2014-04-10,1.611
2014-04-11,1.586
2014-04-14,1.592
2014-04-15,1.590
2014-04-16,1.571
2014-04-17,1.570
2014-04-22,1.586
2014-04-23,1.575
2014-04-24,1.558
2014-04-25,1.534
2014-04-28,1.542
2014-04-29,1.576
2014-04-30,1.563
2014-05-02,1.559
2014-05-05,1.552
2014-05-06,1.542
2014-05-07,1.555
2014-05-08,1.553
2014-05-09,1.563
2014-05-12,1.565
2014-05-13,1.556
2014-05-14,1.520
2014-05-15,1.494
2014-05-16,1.492
2014-05-19,1.503
2014-05-20,1.530
2014-05-21,1.544
2014-05-22,1.525
2014-05-23,1.534
2014-05-26,1.532
2014-05-27,1.522
2014-05-28,1.482
2014-05-29,1.477
2014-05-30,1.494
2014-06-02,1.506
2014-06-03,1.550
2014-06-04,1.577
2014-06-05,1.584
2014-06-06,1.504
2014-06-09,1.504
2014-06-10,1.533
2014-06-11,1.547
2014-06-12,1.566
2014-06-13,1.557
2014-06-16,1.530
2014-06-17,1.559
2014-06-18,1.545
2014-06-19,1.484
2014-06-20,1.514
2014-06-23,1.497
2014-06-24,1.496
2014-06-25,1.453
2014-06-26,1.425
2014-06-27,1.423
2014-06-30,1.422
2014-07-01,1.425
2014-07-02,1.445
2014-07-03,1.478
2014-07-04,1.437
2014-07-07,1.438
2014-07-08,1.406
2014-07-09,1.399
2014-07-10,1.372
2014-07-11,1.378
2014-07-14,1.382
2014-07-15,1.362
2014-07-16,1.363
2014-07-17,1.341
2014-07-18,1.314
2014-07-21,1.307
2014-07-22,1.323
2014-07-23,1.298
2014-07-24,1.333
2014-07-25,1.312
2014-07-28,1.292
2014-07-29,1.271
2014-07-30,1.290
2014-07-31,1.333
2014-08-01,1.322
2014-08-04,1.288
2014-08-05,1.315
2014-08-06,1.274
2014-08-07,1.255
2014-08-08,1.218
2014-08-11,1.232
2014-08-12,1.234
2014-08-13,1.228
2014-08-14,1.194
2014-08-15,1.185
2014-08-18,1.202
2014-08-19,1.191
2014-08-20,1.175
2014-08-21,1.169
2014-08-22,1.155
2014-08-25,1.152
2014-08-26,1.123
2014-08-27,1.082
2014-08-28,1.060
2014-08-29,1.079
2014-09-01,1.098
2014-09-02,1.143
2014-09-03,1.158
2014-09-04,1.200
2014-09-05,1.180
2014-09-08,1.173
2014-09-09,1.245
2014-09-10,1.257
2014-09-11,1.249
2014-09-12,1.281
2014-09-15,1.261
2014-09-16,1.264
2014-09-17,1.271
2014-09-18,1.289
2014-09-19,1.255
2014-09-22,1.232
2014-09-23,1.202
2014-09-24,1.189
2014-09-25,1.183
2014-09-26,1.185
2014-09-29,1.164
2014-09-30,1.155
2014-10-01,1.119
2014-10-02,1.133
2014-10-03,1.134
2014-10-06,1.124
2014-10-07,1.122
2014-10-08,1.103
2014-10-09,1.107
2014-10-10,1.096
2014-10-13,1.096
2014-10-14,1.056
2014-10-15,0.988
2014-10-16,1.003
2014-10-17,1.071
2014-10-20,1.059
2014-10-21,1.075
2014-10-22,1.075
2014-10-23,1.085
2014-10-24,1.085
2014-10-27,1.068
2014-10-28,1.078
2014-10-29,1.075
2014-10-30,1.051
2014-10-31,1.047
2014-11-03,1.043
2014-11-04,1.009
2014-11-05,1.025
2014-11-06,1.034
2014-11-07,1.034
2014-11-10,1.020
2014-11-11,1.020
2014-11-12,0.999
2014-11-13,0.997
2014-11-14,0.990
2014-11-17,0.991
2014-11-18,0.984
2014-11-19,1.003
2014-11-20,0.977
2014-11-21,0.957
2014-11-24,0.964
2014-11-25,0.938
2014-11-26,0.921
2014-11-27,0.886
2014-11-28,0.868
2014-12-01,0.866
2014-12-02,0.906
2014-12-03,0.926
2014-12-04,0.917
2014-12-05,0.930
2014-12-08,0.887
2014-12-09,0.865
2014-12-10,0.854
2014-12-11,0.838
2014-12-12,0.813
2014-12-15,0.814
2014-12-16,0.762
2014-12-17,0.771
2014-12-18,0.816
2014-12-19,0.811
2014-12-22,0.807
2014-12-23,0.804
2014-12-24,0.807
2014-12-29,0.768
2014-12-30,0.762
2014-12-31,0.765
2015-01-02,0.727
2015-01-05,0.705
2015-01-06,0.639
2015-01-07,0.681
2015-01-08,0.717
2015-01-09,0.737
2015-01-12,0.683
2015-01-13,0.683
2015-01-14,0.629
2015-01-15,0.657
2015-01-16,0.650
2015-01-19,0.651
2015-01-20,0.652
2015-01-21,0.658
2015-01-22,0.768
2015-01-23,0.565
2015-01-26,0.547
2015-01-27,0.557
2015-01-28,0.560
2015-01-29,0.560
2015-01-30,0.536
2015-02-02,0.507
2015-02-03,0.544
2015-02-04,0.580
2015-02-05,0.585
2015-02-06,0.587
2015-02-09,0.589
2015-02-10,0.618
2015-02-11,0.603
2015-02-12,0.584
2015-02-13,0.585
2015-02-16,0.594
2015-02-17,0.593
2015-02-18,0.636
2015-02-19,0.634
2015-02-20,0.600
2015-02-23,0.614
2015-02-24,0.623
2015-02-25,0.582
2015-02-26,0.553
2015-02-27,0.570
2015-03-02,0.566
2015-03-03,0.596
2015-03-04,0.596
2015-03-05,0.571
2015-03-06,0.599
2015-03-09,0.545
2015-03-10,0.479
2015-03-11,0.446
2015-03-12,0.480
2015-03-13,0.508
2015-03-16,0.493
2015-03-17,0.497
2015-03-18,0.461
2015-03-19,0.457
2015-03-20,0.455
2015-03-23,0.475
2015-03-24,0.486
2015-03-25,0.500
2015-03-26,0.522
2015-03-27,0.513
2015-03-30,0.490
2015-03-31,0.488
2015-04-01,0.468
2015-04-02,0.490
2015-04-07,0.497
2015-04-08,0.512
2015-04-09,0.481
2015-04-10,0.478
2015-04-13,0.466
2015-04-14,0.448
2015-04-15,0.412
2015-04-16,0.396
2015-04-17,0.377
2015-04-20,0.362
2015-04-21,0.396
2015-04-22,0.422
2015-04-23,0.478
2015-04-24,0.476
2015-04-27,0.480
2015-04-28,0.480
2015-04-29,0.555
2015-04-30,0.623
2015-05-04,0.682
2015-05-05,0.741
2015-05-06,0.833
2015-05-07,0.861
2015-05-08,0.834
2015-05-11,0.864
2015-05-12,0.967
2015-05-13,0.930
2015-05-14,0.975
2015-05-15,0.930
2015-05-18,0.938
2015-05-19,0.912
2015-05-20,0.911
2015-05-21,0.943
2015-05-22,0.922
2015-05-25,0.921
2015-05-26,0.898
2015-05-27,0.876
2015-05-28,0.855
2015-05-29,0.836
2015-06-01,0.820
2015-06-02,0.953
2015-06-03,1.106
2015-06-04,1.125
2015-06-05,1.140
2015-06-08,1.159
2015-06-09,1.220
2015-06-10,1.255
2015-06-11,1.203
2015-06-12,1.179
2015-06-15,1.135
2015-06-16,1.157
2015-06-17,1.155
2015-06-18,1.150
2015-06-19,1.120
2015-06-22,1.218
2015-06-23,1.229
2015-06-24,1.177
2015-06-25,1.214
2015-06-26,1.282
2015-06-29,1.201
2015-06-30,1.181
2015-07-01,1.245
2015-07-02,1.294
2015-07-03,1.259
2015-07-06,1.211
2015-07-07,1.105
2015-07-08,1.107
2015-07-09,1.146
2015-07-10,1.265
2015-07-13,1.259
2015-07-14,1.236
2015-07-15,1.171
2015-07-16,1.182
2015-07-17,1.104
2015-07-20,1.071
2015-07-21,1.090
2015-07-22,1.071
2015-07-23,1.066
2015-07-24,1.023
2015-07-27,0.998
2015-07-28,1.030
2015-07-29,1.036
2015-07-30,1.005
2015-07-31,0.985
2015-08-03,0.958
2015-08-04,0.982
2015-08-05,1.073
2015-08-06,1.051
2015-08-07,1.024
2015-08-10,1.029
2015-08-11,0.984
2015-08-12,0.975
2015-08-13,0.992
2015-08-14,1.000
2015-08-17,0.971
2015-08-18,0.978
2015-08-19,0.990
2015-08-20,0.933
2015-08-21,0.938
2015-08-24,0.897
2015-08-25,1.047
2015-08-26,1.037
2015-08-27,1.058
2015-08-28,1.019
2015-08-31,1.039
2015-09-01,1.108
2015-09-02,1.117
2015-09-03,1.087
2015-09-04,1.029
2015-09-07,1.009
2015-09-08,1.013
2015-09-09,1.056
2015-09-10,1.030
2015-09-11,1.011
2015-09-14,0.991
2015-09-15,1.063
2015-09-16,1.097
2015-09-17,1.092
2015-09-18,0.993
2015-09-21,1.020
2015-09-22,0.985
2015-09-23,0.966
2015-09-24,0.929
2015-09-25,1.002
2015-09-28,0.971
2015-09-29,0.970
2015-09-30,0.940
2015-10-01,0.917
2015-10-02,0.868
2015-10-05,0.916
2015-10-06,0.965
2015-10-07,0.960
2015-10-08,0.939
2015-10-09,0.965
2015-10-12,0.938
2015-10-13,0.949
2015-10-14,0.921
2015-10-15,0.924
2015-10-16,0.924
2015-10-19,0.937
2015-10-20,0.976
2015-10-21,0.943
2015-10-22,0.916
2015-10-23,0.930
2015-10-26,0.923
2015-10-27,0.888
2015-10-28,0.905
2015-10-29,0.933
2015-10-30,0.943
2015-11-02,0.973
2015-11-03,0.983
2015-11-04,0.997
2015-11-05,1.024
2015-11-06,1.075
2015-11-09,1.110
2015-11-10,1.094
2015-11-11,1.081
2015-11-12,1.072
2015-11-13,1.026
2015-11-16,1.009
2015-11-17,1.016
2015-11-18,1.001
2015-11-19,0.959
2015-11-20,0.954
2015-11-23,1.010
2015-11-24,0.984
2015-11-25,0.976
2015-11-26,0.986
2015-11-27,0.964
2015-11-30,0.983
2015-12-01,1.000
2015-12-02,1.009
2015-12-03,1.020
2015-12-04,1.079
2015-12-07,1.014
2015-12-08,0.998
2015-12-09,1.020
2015-12-10,1.028
2015-12-11,0.997
2015-12-14,1.025
2015-12-15,1.100
2015-12-16,1.114
2015-12-17,1.078
2015-12-18,1.033
2015-12-21,1.033
2015-12-22,1.053
2015-12-23,1.093
2015-12-28,1.077
2015-12-29,1.102
2015-12-30,1.115
2016-01-04,1.069
2016-01-05,1.072
2016-01-06,1.050
2016-01-07,1.086
2016-01-08,1.069
2016-01-11,1.088
2016-01-12,1.102
2016-01-13,1.060
2016-01-14,1.039
2016-01-15,1.024
2016-01-18,1.023
2016-01-19,1.027
2016-01-20,0.986
2016-01-21,0.976
2016-01-22,1.025
2016-01-25,1.002
2016-01-26,0.985
2016-01-27,0.979
2016-01-28,0.934
2016-01-29,0.905
2016-02-01,0.883
2016-02-02,0.867
2016-02-03,0.874
2016-02-04,0.873
2016-02-05,0.882
2016-02-08,0.840
2016-02-09,0.852
2016-02-10,0.852
2016-02-11,0.819
2016-02-12,0.834
2016-02-15,0.853
2016-02-16,0.870
2016-02-17,0.863
2016-02-18,0.824
2016-02-19,0.802
2016-02-22,0.798
2016-02-23,0.815
2016-02-24,0.742
2016-02-25,0.761
2016-02-26,0.777
2016-02-29,0.754
2016-03-01,0.787
2016-03-02,0.833
2016-03-03,0.857
2016-03-04,0.857
2016-03-07,0.851
2016-03-08,0.833
2016-03-09,0.862
2016-03-10,0.836
2016-03-11,0.828
2016-03-14,0.818
2016-03-15,0.856
2016-03-16,0.832
2016-03-17,0.798
2016-03-18,0.783
2016-03-21,0.798
2016-03-22,0.800
2016-03-23,0.814
2016-03-24,0.771
2016-03-29,0.746
2016-03-30,0.756
2016-03-31,0.753
2016-04-01,0.716
2016-04-04,0.708
2016-04-05,0.676
2016-04-06,0.691
2016-04-07,0.689
2016-04-08,0.702
2016-04-11,0.737
2016-04-12,0.708
2016-04-13,0.711
2016-04-14,0.707
2016-04-15,0.701
2016-04-18,0.707
2016-04-19,0.738
2016-04-20,0.709
2016-04-21,0.755
2016-04-22,0.784
2016-04-25,0.824
2016-04-26,0.836
2016-04-27,0.848
2016-04-28,0.821
2016-04-29,0.846
2016-05-02,0.821
2016-05-03,0.768
2016-05-04,0.790
2016-05-05,0.769
2016-05-06,0.752
2016-05-09,0.728
2016-05-10,0.700
2016-05-11,0.701
2016-05-12,0.733
2016-05-13,0.723
2016-05-16,0.731
2016-05-17,0.716
2016-05-18,0.760
2016-05-19,0.735
2016-05-20,0.752
2016-05-23,0.753
2016-05-24,0.749
2016-05-25,0.740
2016-05-26,0.739
2016-05-27,0.713
2016-05-30,0.754
2016-05-31,0.748
2016-06-01,0.716
2016-06-02,0.712
2016-06-03,0.673
2016-06-06,0.689
2016-06-07,0.660
2016-06-08,0.651
2016-06-09,0.622
2016-06-10,0.610
2016-06-13,0.615
2016-06-14,0.620
2016-06-15,0.623
2016-06-16,0.623
2016-06-17,0.656
2016-06-20,0.676
2016-06-21,0.669
2016-06-22,0.678
2016-06-23,0.690
2016-06-24,0.636
2016-06-27,0.584
2016-06-28,0.587
2016-06-29,0.565
2016-06-30,0.557
2016-07-01,0.553
2016-07-04,0.563
2016-07-05,0.540
2016-07-06,0.540
2016-07-07,0.562
2016-07-08,0.539
2016-07-11,0.536
2016-07-12,0.586
2016-07-13,0.564
2016-07-14,0.608
2016-07-15,0.613
2016-07-18,0.597
2016-07-19,0.596
2016-07-20,0.591
2016-07-21,0.606
2016-07-22,0.590
2016-07-25,0.551
2016-07-26,0.553
2016-07-27,0.542
2016-07-28,0.525
2016-07-29,0.501
2016-08-01,0.496
2016-08-02,0.557
2016-08-03,0.541
2016-08-04,0.513
2016-08-05,0.540
2016-08-08,0.564
2016-08-09,0.542
2016-08-10,0.518
2016-08-11,0.517
2016-08-12,0.513
2016-08-15,0.530
2016-08-16,0.545
2016-08-17,0.552
2016-08-18,0.522
2016-08-19,0.533
2016-08-22,0.530
2016-08-23,0.514
2016-08-24,0.522
2016-08-25,0.544
2016-08-26,0.530
2016-08-29,0.540
2016-08-30,0.524
2016-08-31,0.535
2016-09-01,0.579
2016-09-02,0.583
2016-09-05,0.585
2016-09-06,0.569
2016-09-07,0.531
2016-09-08,0.538
2016-09-09,0.625
2016-09-12,0.641
2016-09-13,0.641
2016-09-14,0.658
2016-09-15,0.686
2016-09-16,0.657
2016-09-19,0.658
2016-09-20,0.630
2016-09-21,0.643
2016-09-22,0.586
2016-09-23,0.584
2016-09-26,0.566
2016-09-27,0.557
2016-09-28,0.560
2016-09-29,0.578
2016-09-30,0.558
2016-10-03,0.578
2016-10-04,0.602
2016-10-05,0.649
2016-10-06,0.675
2016-10-07,0.681
2016-10-10,0.722
2016-10-11,0.715
2016-10-12,0.729
2016-10-13,0.704
2016-10-14,0.730
2016-10-17,0.734
2016-10-18,0.734
2016-10-19,0.702
2016-10-20,0.701
2016-10-21,0.674
2016-10-24,0.690
2016-10-25,0.705
2016-10-26,0.749
2016-10-27,0.817
2016-10-28,0.821
2016-10-31,0.806
2016-11-01,0.824
2016-11-02,0.804
2016-11-03,0.835
2016-11-04,0.808
2016-11-07,0.823
2016-11-08,0.826
2016-11-09,0.863
2016-11-10,0.973
2016-11-11,0.970
2016-11-14,1.016
2016-11-15,0.996
2016-11-16,1.007
2016-11-17,1.000
2016-11-18,0.990
2016-11-21,1.021
2016-11-22,1.016
2016-11-23,1.048
2016-11-24,1.054
2016-11-25,1.061
2016-11-28,1.027
2016-11-29,1.052
2016-11-30,1.053
2016-12-01,1.121
2016-12-02,1.131
2016-12-05,1.118
2016-12-06,1.108
2016-12-07,1.107
2016-12-08,1.150
2016-12-09,1.172
2016-12-12,1.234
2016-12-13,1.168
2016-12-14,1.133
2016-12-15,1.191
2016-12-16,1.165
2016-12-19,1.145
2016-12-20,1.126
2016-12-21,1.108
2016-12-22,1.127
2016-12-23,1.098
2016-12-27,1.091
2016-12-28,1.088
2016-12-29,1.051
2016-12-30,1.058
2017-01-02,1.045
2017-01-03,1.114
2017-01-04,1.125
2017-01-05,1.110
2017-01-06,1.085
2017-01-09,1.100
2017-01-10,1.107
2017-01-11,1.061
2017-01-12,1.064
2017-01-13,1.080
2017-01-16,1.091
2017-01-17,1.051
2017-01-18,1.094
2017-01-19,1.136
2017-01-20,1.124
2017-01-23,1.108
2017-01-24,1.104
2017-01-25,1.154
2017-01-26,1.166
2017-01-27,1.170
2017-01-30,1.171
2017-01-31,1.189
2017-02-01,1.228
2017-02-02,1.208
2017-02-03,1.232
2017-02-06,1.186
2017-02-07,1.229
2017-02-08,1.192
2017-02-09,1.165
2017-02-10,1.192
2017-02-13,1.201
2017-02-14,1.203
2017-02-15,1.240
2017-02-16,1.206
2017-02-17,1.172
2017-02-20,1.211
2017-02-21,1.234
2017-02-22,1.205
2017-02-23,1.192
2017-02-24,1.181
2017-02-27,1.158
2017-02-28,1.147
2017-03-01,1.163
2017-03-02,1.205
2017-03-03,1.220
2017-03-06,1.206
2017-03-07,1.248
2017-03-08,1.277
2017-03-09,1.285
2017-03-10,1.350
2017-03-13,1.327
2017-03-14,1.303
2017-03-15,1.289
2017-03-16,1.293
2017-03-17,1.277
2017-03-20,1.257
2017-03-21,1.245
2017-03-22,1.209
2017-03-23,1.199
2017-03-24,1.187
2017-03-27,1.138
2017-03-28,1.145
2017-03-29,1.161
2017-03-30,1.136
2017-03-31,1.110
2017-04-03,1.156
2017-04-04,1.113
2017-04-05,1.131
2017-04-06,1.104
2017-04-07,1.090
2017-04-10,1.111
2017-04-11,1.121
2017-04-12,1.111
2017-04-13,1.092
2017-04-18,1.090
2017-04-19,1.057
2017-04-20,1.085
2017-04-21,1.088
2017-04-24,1.099
2017-04-25,1.112
2017-04-26,1.123
2017-04-27,1.106
2017-04-28,1.114
2017-05-02,1.114
2017-05-03,1.106
2017-05-04,1.154
2017-05-05,1.151
2017-05-08,1.157
2017-05-09,1.171
2017-05-10,1.145
2017-05-11,1.162
2017-05-12,1.145
2017-05-15,1.155
2017-05-16,1.154
2017-05-17,1.139
2017-05-18,1.099
2017-05-19,1.115
2017-05-22,1.133
2017-05-23,1.128
2017-05-24,1.145
2017-05-25,1.127
2017-05-26,1.107
2017-05-29,1.104
2017-05-30,1.105
2017-05-31,1.098
2017-06-01,1.121
2017-06-02,1.101
2017-06-05,1.098
2017-06-06,1.096
2017-06-07,1.095
2017-06-08,1.091
2017-06-09,1.107
2017-06-12,1.086
2017-06-13,1.066
2017-06-14,1.039
2017-06-15,1.032
2017-06-16,1.041
2017-06-19,1.036
2017-06-20,1.015
2017-06-21,1.000
2017-06-22,0.988
2017-06-23,0.982
2017-06-26,0.972
2017-06-27,1.007
2017-06-28,1.057
2017-06-29,1.107
2017-06-30,1.127
2017-07-03,1.135
2017-07-04,1.162
2017-07-05,1.167
2017-07-06,1.227
2017-07-07,1.256
2017-07-10,1.250
2017-07-11,1.249
2017-07-12,1.231
2017-07-13,1.236
2017-07-14,1.227
2017-07-17,1.233
2017-07-18,1.226
2017-07-19,1.203
2017-07-20,1.203
2017-07-21,1.179
2017-07-24,1.183
2017-07-25,1.228
2017-07-26,1.234
2017-07-27,1.222
2017-07-28,1.245
2017-07-31,1.245
2017-08-01,1.216
2017-08-02,1.199
2017-08-03,1.178
2017-08-04,1.176
2017-08-07,1.175
2017-08-08,1.167
2017-08-09,1.135
2017-08-10,1.124
2017-08-11,1.119
2017-08-14,1.151
2017-08-15,1.162
2017-08-16,1.170
2017-08-17,1.154
2017-08-18,1.128
2017-08-21,1.133
2017-08-22,1.144
2017-08-23,1.137
2017-08-24,1.125
2017-08-25,1.135
2017-08-28,1.139
2017-08-29,1.112
2017-08-30,1.124
2017-08-31,1.119
2017-09-01,1.146
2017-09-04,1.148
2017-09-05,1.152
2017-09-06,1.126
2017-09-07,1.120
2017-09-08,1.127
2017-09-11,1.135
2017-09-12,1.158
2017-09-13,1.178
2017-09-14,1.176
2017-09-15,1.183
2017-09-18,1.202
2017-09-19,1.183
2017-09-20,1.174
2017-09-21,1.189
2017-09-22,1.184
2017-09-25,1.142
2017-09-26,1.179
2017-09-27,1.220
2017-09-28,1.240
2017-09-29,1.216
2017-10-02,1.209
2017-10-03,1.228
2017-10-04,1.205
2017-10-05,1.200
2017-10-06,1.233
2017-10-09,1.202
2017-10-10,1.203
2017-10-11,1.204
2017-10-12,1.212
2017-10-13,1.190
2017-10-16,1.182
2017-10-17,1.162
2017-10-18,1.172
2017-10-19,1.181
2017-10-20,1.224
2017-10-23,1.212
2017-10-24,1.230
2017-10-25,1.240
2017-10-26,1.232
2017-10-27,1.223
2017-10-30,1.195
2017-10-31,1.184
2017-11-01,1.188
2017-11-02,1.189
2017-11-03,1.176
2017-11-06,1.146
2017-11-07,1.168
2017-11-08,1.145
2017-11-09,1.182
2017-11-10,1.207
2017-11-13,1.216
2017-11-14,1.212
2017-11-15,1.173
2017-11-16,1.178
2017-11-17,1.177
2017-11-20,1.169
2017-11-21,1.156
2017-11-22,1.144
2017-11-23,1.131
2017-11-24,1.140
2017-11-27,1.134
2017-11-28,1.136
2017-11-29,1.164
2017-11-30,1.139
2017-12-01,1.117
2017-12-04,1.120
2017-12-05,1.125
2017-12-06,1.111
2017-12-07,1.131
2017-12-08,1.134
2017-12-11,1.111
2017-12-12,1.125
2017-12-13,1.134
2017-12-14,1.142
2017-12-15,1.112
2017-12-18,1.099
2017-12-19,1.146
2017-12-20,1.179
2017-12-21,1.175
2017-12-22,1.158
2017-12-27,1.146
2017-12-28,1.137
2017-12-29,1.157
2018-01-02,1.156
2018-01-03,1.148
2018-01-04,1.142
2018-01-05,1.134
2018-01-08,1.127
2018-01-09,1.145
2018-01-10,1.183
2018-01-11,1.185
2018-01-12,1.179
2018-01-15,1.188
2018-01-16,1.161
2018-01-17,1.156
2018-01-18,1.188
2018-01-19,1.201
2018-01-22,1.210
2018-01-23,1.180
2018-01-24,1.210
2018-01-25,1.213
2018-01-26,1.201
2018-01-29,1.232
2018-01-30,1.251
2018-01-31,1.235
2018-02-01,1.281
2018-02-02,1.311
2018-02-05,1.311
2018-02-06,1.294
2018-02-07,1.302
2018-02-08,1.350
2018-02-09,1.338
2018-02-12,1.357
2018-02-13,1.353
2018-02-14,1.359
2018-02-15,1.357
2018-02-16,1.323
2018-02-19,1.348
2018-02-20,1.339
2018-02-21,1.320
2018-02-22,1.320
2018-02-23,1.285
2018-02-26,1.275
2018-02-27,1.285
2018-02-28,1.282
2018-03-01,1.268
2018-03-02,1.255
2018-03-05,1.261
2018-03-06,1.289
2018-03-07,1.271
2018-03-08,1.267
2018-03-09,1.273
2018-03-12,1.261
2018-03-13,1.274
2018-03-14,1.244
2018-03-15,1.213
2018-03-16,1.226
2018-03-19,1.220
2018-03-20,1.227
2018-03-21,1.235
2018-03-22,1.190
2018-03-23,1.189
2018-03-26,1.182
2018-03-27,1.169
2018-03-28,1.159
2018-03-29,1.158
2018-04-03,1.154
2018-04-04,1.151
2018-04-05,1.158
2018-04-06,1.150
2018-04-09,1.145
2018-04-10,1.135
2018-04-11,1.124
2018-04-12,1.142
2018-04-13,1.157
2018-04-16,1.155
2018-04-17,1.154
2018-04-18,1.146
2018-04-19,1.192
2018-04-20,1.215
2018-04-23,1.227
2018-04-24,1.241
2018-04-25,1.241
2018-04-26,1.224
2018-04-27,1.195
2018-04-30,1.200
2018-05-02,1.205
2018-05-03,1.184
2018-05-04,1.175
2018-05-07,1.163
2018-05-08,1.183
2018-05-09,1.193
2018-05-10,1.182
2018-05-11,1.190
2018-05-14,1.218
2018-05-15,1.238
2018-05-16,1.228
2018-05-17,1.243
2018-05-18,1.243
2018-05-21,1.213
2018-05-22,1.208
2018-05-23,1.188
2018-05-24,1.157
2018-05-25,1.126
2018-05-28,1.124
2018-05-29,1.115
2018-05-30,1.105
2018-05-31,1.094
2018-06-01,1.097
2018-06-04,1.111
2018-06-05,1.114
2018-06-06,1.153
2018-06-07,1.188
2018-06-08,1.187
2018-06-11,1.202
2018-06-12,1.188
2018-06-13,1.157
2018-06-14,1.157
2018-06-15,1.121
2018-06-18,1.122
2018-06-19,1.099
2018-06-20,1.117
2018-06-21,1.107
2018-06-22,1.111
2018-06-25,1.097
2018-06-26,1.112
2018-06-27,1.091
2018-06-28,1.079
2018-06-29,1.061
2018-07-02,1.069
2018-07-03,1.049
2018-07-04,1.038
2018-07-05,1.039
2018-07-06,1.035
2018-07-09,1.046
2018-07-10,1.043
2018-07-11,1.029
2018-07-12,1.024
2018-07-13,1.013
2018-07-16,1.031
2018-07-17,1.017
2018-07-18,1.006
2018-07-19,1.005
2018-07-20,1.019
2018-07-23,1.045
2018-07-24,1.055
2018-07-25,1.037
2018-07-26,1.040
2018-07-27,1.047
2018-07-30,1.073
2018-07-31,1.048
2018-08-01,1.079
2018-08-02,1.075
2018-08-03,1.047
2018-08-06,1.024
2018-08-07,1.043
2018-08-08,1.040
2018-08-09,1.033
2018-08-10,1.008
2018-08-13,1.013
2018-08-14,1.003
2018-08-15,0.997
2018-08-16,0.993
2018-08-17,0.986
2018-08-20,0.987
2018-08-21,0.999
2018-08-22,0.991
2018-08-23,0.995
2018-08-24,1.004
2018-08-27,1.016
2018-08-28,1.021
2018-08-29,1.037
2018-08-30,1.016
2018-08-31,0.999
2018-09-03,0.996
2018-09-04,0.990
2018-09-05,1.013
2018-09-06,0.997
2018-09-07,1.003
2018-09-10,1.009
2018-09-11,1.026
2018-09-12,1.005
2018-09-13,1.030
2018-09-14,1.044
2018-09-17,1.042
2018-09-18,1.052
2018-09-19,1.065
2018-09-20,1.067
2018-09-21,1.050
2018-09-24,1.069
2018-09-25,1.087
2018-09-26,1.079
2018-09-27,1.066
2018-09-28,1.054
2018-10-01,1.086
2018-10-02,1.049
2018-10-03,1.056
2018-10-04,1.093
2018-10-05,1.126
2018-10-08,1.135
2018-10-09,1.141
2018-10-10,1.137
2018-10-11,1.133
2018-10-12,1.126
2018-10-15,1.132
2018-10-16,1.121
2018-10-17,1.110
2018-10-18,1.117
2018-10-19,1.110
2018-10-22,1.101
2018-10-23,1.084
2018-10-24,1.087
2018-10-25,1.085
2018-10-26,1.060
2018-10-29,1.082
2018-10-30,1.069
2018-10-31,1.064
2018-11-01,1.084
2018-11-02,1.109
2018-11-05,1.103
2018-11-06,1.100
2018-11-07,1.094
2018-11-08,1.106
2018-11-09,1.084
2018-11-12,1.067
2018-11-13,1.069
2018-11-14,1.084
2018-11-15,1.061
2018-11-16,1.064
2018-11-19,1.066
2018-11-20,1.045
2018-11-21,1.051
2018-11-22,1.054
2018-11-23,1.028
2018-11-26,1.040
2018-11-27,1.034
2018-11-28,1.039
2018-11-29,1.023
2018-11-30,1.005
2018-12-03,1.007
2018-12-04,0.988
2018-12-05,0.975
2018-12-06,0.954
2018-12-07,0.964
2018-12-10,0.920
2018-12-11,0.936
2018-12-12,0.937
2018-12-13,0.944
2018-12-14,0.964
2018-12-17,0.967
2018-12-18,0.958
2018-12-19,0.946
2018-12-20,0.926
2018-12-21,0.952
2018-12-27,0.961
2018-12-28,0.974
2019-01-02,0.897
2019-01-03,0.901
2019-01-04,0.910
2019-01-07,0.910
2019-01-08,0.921
2019-01-09,0.909
2019-01-10,0.886
2019-01-11,0.868
2019-01-14,0.865
2019-01-15,0.872
2019-01-16,0.881
2019-01-17,0.882
2019-01-18,0.895
2019-01-21,0.896
2019-01-22,0.879
2019-01-23,0.873
2019-01-24,0.818
2019-01-25,0.826
2019-01-28,0.824
2019-01-29,0.813
2019-01-30,0.793
2019-01-31,0.770
2019-02-01,0.780
2019-02-04,0.790
2019-02-05,0.795
2019-02-06,0.758
2019-02-07,0.730
2019-02-08,0.706
2019-02-11,0.723
2019-02-12,0.748
2019-02-13,0.739
2019-02-14,0.703
2019-02-15,0.715
2019-02-18,0.726
2019-02-19,0.732
2019-02-20,0.723
2019-02-21,0.746
2019-02-22,0.721
2019-02-25,0.718
2019-02-26,0.719
2019-02-27,0.744
2019-02-28,0.766
2019-03-01,0.783
2019-03-04,0.754
2019-03-05,0.752
2019-03-06,0.721
2019-03-07,0.697
2019-03-08,0.680
2019-03-11,0.668
2019-03-12,0.676
2019-03-13,0.676
2019-03-14,0.689
2019-03-15,0.684
2019-03-18,0.682
2019-03-19,0.697
2019-03-20,0.678
2019-03-21,0.649
2019-03-22,0.595
2019-03-25,0.614
2019-03-26,0.603
2019-03-27,0.600
2019-03-28,0.586
2019-03-29,0.607
2019-04-01,0.622
2019-04-02,0.633
2019-04-03,0.658
2019-04-04,0.644
2019-04-05,0.643
2019-04-08,0.645
2019-04-09,0.630
2019-04-10,0.620
2019-04-11,0.635
2019-04-12,0.671
2019-04-15,0.692
2019-04-16,0.691
2019-04-17,0.711
2019-04-18,0.660
2019-04-23,0.675
2019-04-24,0.643
2019-04-25,0.647
2019-04-26,0.641
2019-04-29,0.653
2019-04-30,0.670
2019-05-02,0.659
2019-05-03,0.668
2019-05-06,0.662
2019-05-07,0.637
2019-05-08,0.632
2019-05-09,0.637
2019-05-10,0.649
2019-05-13,0.636
2019-05-14,0.632
2019-05-15,0.613
2019-05-16,0.618
2019-05-17,0.599
2019-05-20,0.614
2019-05-21,0.622
2019-05-22,0.614
2019-05-23,0.594
2019-05-24,0.596
2019-05-27,0.580
2019-05-28,0.569
2019-05-29,0.549
2019-05-30,0.560
2019-05-31,0.555
2019-06-03,0.524
2019-06-04,0.517
2019-06-05,0.512
2019-06-06,0.489
2019-06-07,0.470
2019-06-10,0.506
2019-06-11,0.499
2019-06-12,0.501
2019-06-13,0.493
2019-06-14,0.498
2019-06-17,0.506
2019-06-18,0.497
2019-06-19,0.504
2019-06-20,0.491
2019-06-21,0.510
2019-06-24,0.498
2019-06-25,0.475
2019-06-26,0.484
2019-06-27,0.485
2019-06-28,0.487
2019-07-01,0.472
2019-07-02,0.470
2019-07-03,0.436
2019-07-04,0.423
2019-07-05,0.469
2019-07-08,0.435
2019-07-09,0.460
2019-07-10,0.503
2019-07-11,0.530
2019-07-12,0.559
2019-07-15,0.521
2019-07-16,0.520
2019-07-17,0.500
2019-07-18,0.495
2019-07-19,0.489
2019-07-22,0.483
2019-07-23,0.478
2019-07-24,0.441
2019-07-25,0.461
2019-07-26,0.430
2019-07-29,0.415
2019-07-30,0.404
2019-07-31,0.403
2019-08-01,0.376
2019-08-02,0.352
2019-08-05,0.336
2019-08-06,0.329
2019-08-07,0.297
2019-08-08,0.342
2019-08-09,0.345
2019-08-12,0.336
2019-08-13,0.316
2019-08-14,0.274
2019-08-15,0.255
2019-08-16,0.254
2019-08-19,0.316
2019-08-20,0.275
2019-08-21,0.285
2019-08-22,0.286
2019-08-23,0.299
2019-08-26,0.288
2019-08-27,0.266
2019-08-28,0.237
2019-08-29,0.272
2019-08-30,0.277
2019-09-02,0.294
2019-09-03,0.264
2019-09-04,0.302
2019-09-05,0.357
2019-09-06,0.305
2019-09-09,0.344
2019-09-10,0.340
2019-09-11,0.342
2019-09-12,0.259
2019-09-13,0.313
2019-09-16,0.327
2019-09-17,0.316
2019-09-18,0.309
2019-09-19,0.287
2019-09-20,0.275
2019-09-23,0.230
2019-09-24,0.228
2019-09-25,0.207
2019-09-26,0.247
2019-09-27,0.259
2019-09-30,0.285
2019-10-01,0.300
2019-10-02,0.309
2019-10-03,0.264
2019-10-04,0.266
2019-10-07,0.267
2019-10-08,0.269
2019-10-09,0.276
2019-10-10,0.308
2019-10-11,0.332
2019-10-14,0.318
2019-10-15,0.299
2019-10-16,0.359
2019-10-17,0.342
2019-10-18,0.357
2019-10-21,0.391
2019-10-22,0.361
2019-10-23,0.336
2019-10-24,0.342
2019-10-25,0.361
2019-10-28,0.395
2019-10-29,0.369
2019-10-30,0.353
2019-10-31,0.329
2019-11-01,0.350
2019-11-04,0.382
2019-11-05,0.397
2019-11-06,0.373
2019-11-07,0.424
2019-11-08,0.429
2019-11-11,0.420
2019-11-12,0.444
2019-11-13,0.399
2019-11-14,0.377
2019-11-15,0.379
2019-11-18,0.370
2019-11-19,0.374
2019-11-20,0.355
2019-11-21,0.386
2019-11-22,0.356
2019-11-25,0.353
2019-11-26,0.335
2019-11-27,0.344
2019-11-28,0.348
2019-11-29,0.350
2019-12-02,0.409
2019-12-03,0.385
2019-12-04,0.382
2019-12-05,0.410
2019-12-06,0.413
2019-12-09,0.405
2019-12-10,0.429
2019-12-11,0.415
2019-12-12,0.424
2019-12-13,0.436
2019-12-16,0.419
2019-12-17,0.431
2019-12-18,0.457
2019-12-19,0.487
2019-12-20,0.473
2019-12-23,0.475
2019-12-27,0.461
2019-12-30,0.477
2020-01-02,0.448
2020-01-03,0.415
2020-01-06,0.404
2020-01-07,0.418
2020-01-08,0.437
2020-01-09,0.444
2020-01-10,0.436
2020-01-13,0.456
2020-01-14,0.438
2020-01-15,0.423
2020-01-16,0.412
2020-01-17,0.419
2020-01-20,0.406
2020-01-21,0.392
2020-01-22,0.365
2020-01-23,0.349
2020-01-24,0.334
2020-01-27,0.296
2020-01-28,0.309
2020-01-29,0.309
2020-01-30,0.304
2020-01-31,0.282
2020-02-03,0.288
2020-02-04,0.300
2020-02-05,0.322
2020-02-06,0.323
2020-02-07,0.294
2020-02-10,0.286
2020-02-11,0.293
2020-02-12,0.303
2020-02-13,0.299
2020-02-14,0.290
2020-02-17,0.294
2020-02-18,0.285
2020-02-19,0.277
2020-02-20,0.257
2020-02-21,0.235
2020-02-24,0.242
2020-02-25,0.241
2020-02-26,0.252
2020-02-27,0.246
2020-02-28,0.214
2020-03-02,0.233
2020-03-03,0.228
2020-03-04,0.237
2020-03-05,0.227
2020-03-06,0.176
2020-03-09,0.151
2020-03-10,0.183
2020-03-11,0.230
2020-03-12,0.288
2020-03-13,0.394
2020-03-16,0.487
2020-03-17,0.508
2020-03-18,0.603
2020-03-19,0.557
2020-03-20,0.425
2020-03-23,0.402
2020-03-24,0.367
2020-03-25,0.361
2020-03-26,0.363
2020-03-27,0.309
2020-03-30,0.267
2020-03-31,0.292
2020-04-01,0.286
2020-04-02,0.293
2020-04-03,0.303
2020-04-06,0.323
2020-04-07,0.388
2020-04-08,0.395
2020-04-09,0.365
2020-04-14,0.344
2020-04-15,0.304
2020-04-16,0.286
2020-04-17,0.302
2020-04-20,0.320
2020-04-21,0.292
2020-04-22,0.317
2020-04-23,0.332
2020-04-24,0.306
2020-04-27,0.286
2020-04-28,0.282
2020-04-29,0.267
2020-04-30,0.248
2020-05-04,0.265
2020-05-05,0.303
2020-05-06,0.302
2020-05-07,0.300
2020-05-08,0.326
2020-05-11,0.305
2020-05-12,0.295
2020-05-13,0.275
2020-05-14,0.260
2020-05-15,0.252
2020-05-18,0.275
2020-05-19,0.269
2020-05-20,0.246
2020-05-21,0.251
2020-05-22,0.256
2020-05-25,0.248
2020-05-26,0.270
2020-05-27,0.284
2020-05-28,0.277
2020-05-29,0.275
2020-06-01,0.319
2020-06-02,0.320
2020-06-03,0.340
2020-06-04,0.371
2020-06-05,0.397
2020-06-08,0.373
2020-06-09,0.358
2020-06-10,0.356
2020-06-11,0.308
2020-06-12,0.307
2020-06-15,0.292
2020-06-16,0.300
2020-06-17,0.293
2020-06-18,0.280
2020-06-19,0.282
2020-06-22,0.267
2020-06-23,0.272
2020-06-24,0.277
2020-06-25,0.257
2020-06-26,0.266
2020-06-29,0.273
2020-06-30,0.243
2020-07-01,0.294
2020-07-02,0.288
2020-07-03,0.282
2020-07-06,0.285
2020-07-07,0.277
2020-07-08,0.268
2020-07-09,0.254
2020-07-10,0.244
2020-07-13,0.275
2020-07-14,0.255
2020-07-15,0.278
2020-07-16,0.242
2020-07-17,0.248
2020-07-20,0.231
2020-07-21,0.240
2020-07-22,0.232
2020-07-23,0.224
2020-07-24,0.242
2020-07-27,0.222
2020-07-28,0.224
2020-07-29,0.215
2020-07-30,0.188
2020-07-31,0.216
2020-08-03,0.228
2020-08-04,0.188
2020-08-05,0.220
2020-08-06,0.189
2020-08-07,0.195
2020-08-10,0.203
2020-08-11,0.238
2020-08-12,0.248
2020-08-13,0.265
2020-08-14,0.266
2020-08-17,0.268
2020-08-18,0.254
2020-08-19,0.240
2020-08-20,0.209
2020-08-21,0.219
2020-08-24,0.210
2020-08-25,0.247
2020-08-26,0.263
2020-08-27,0.296
2020-08-28,0.286
2020-08-31,0.292
2020-09-01,0.299
2020-09-02,0.264
2020-09-03,0.242
2020-09-04,0.255
2020-09-07,0.259
2020-09-08,0.241
2020-09-09,0.253
2020-09-10,0.265
2020-09-11,0.251
2020-09-14,0.235
2020-09-15,0.236
2020-09-16,0.230
2020-09-17,0.221
2020-09-18,0.225
2020-09-21,0.214
2020-09-22,0.223
2020-09-23,0.226
2020-09-24,0.223
2020-09-25,0.210
2020-09-28,0.196
2020-09-29,0.189
2020-09-30,0.197
2020-10-01,0.203
2020-10-02,0.200
2020-10-05,0.218
2020-10-06,0.218
2020-10-07,0.236
2020-10-08,0.220
2020-10-09,0.215
2020-10-12,0.212
2020-10-13,0.214
2020-10-14,0.198
2020-10-15,0.180
2020-10-16,0.187
2020-10-19,0.199
2020-10-20,0.202
2020-10-21,0.214
2020-10-22,0.226
2020-10-23,0.225
2020-10-26,0.213
2020-10-27,0.187
2020-10-28,0.192
2020-10-29,0.202
2020-10-30,0.197
2020-11-02,0.200
2020-11-03,0.201
2020-11-04,0.187
2020-11-05,0.194
2020-11-06,0.200
2020-11-09,0.241
2020-11-10,0.274
2020-11-11,0.245
2020-11-12,0.230
2020-11-13,0.220
2020-11-16,0.217
2020-11-17,0.198
2020-11-18,0.205
2020-11-19,0.191
2020-11-20,0.195
2020-11-23,0.207
2020-11-24,0.208
2020-11-25,0.211
2020-11-26,0.205
2020-11-27,0.204
2020-11-30,0.202
2020-12-01,0.221
2020-12-02,0.243
2020-12-03,0.220
2020-12-04,0.227
2020-12-07,0.216
2020-12-08,0.200
2020-12-09,0.213
2020-12-10,0.205
2020-12-11,0.191
2020-12-14,0.197
2020-12-15,0.190
2020-12-16,0.213
2020-12-17,0.196
2020-12-18,0.196
2020-12-21,0.192
2020-12-22,0.192
2020-12-23,0.213
2020-12-28,0.222
2020-12-29,0.206
2020-12-30,0.197
2021-01-04,0.170
2021-01-05,0.171
2021-01-06,0.195
2021-01-07,0.200
2021-01-08,0.201
2021-01-11,0.218
2021-01-12,0.232
2021-01-13,0.205
2021-01-14,0.189
2021-01-15,0.201
2021-01-18,0.207
2021-01-19,0.213
2021-01-20,0.200
2021-01-21,0.226
2021-01-22,0.217
2021-01-25,0.196
2021-01-26,0.208
2021-01-27,0.202
2021-01-28,0.219
2021-01-29,0.241
2021-02-01,0.233
2021-02-02,0.250
2021-02-03,0.264
2021-02-04,0.273
2021-02-05,0.271
2021-02-08,0.303
2021-02-09,0.283
2021-02-10,0.281
2021-02-11,0.284
2021-02-12,0.311
2021-02-15,0.341
2021-02-16,0.366
2021-02-17,0.360
2021-02-18,0.381
2021-02-19,0.398
2021-02-22,0.377
2021-02-23,0.417
2021-02-24,0.434
2021-02-25,0.441
2021-02-26,0.421
2021-03-01,0.382
2021-03-02,0.395
2021-03-03,0.407
2021-03-04,0.399
2021-03-05,0.416
2021-03-08,0.419
2021-03-09,0.399
2021-03-10,0.395
2021-03-11,0.382
2021-03-12,0.417
2021-03-15,0.415
2021-03-16,0.393
2021-03-17,0.430
2021-03-18,0.460
2021-03-19,0.445
2021-03-22,0.440
2021-03-23,0.413
2021-03-24,0.411
2021-03-25,0.388
2021-03-26,0.414
2021-03-29,0.433
2021-03-30,0.452
2021-03-31,0.443
2021-04-01,0.430
2021-04-06,0.439
2021-04-07,0.436
2021-04-08,0.416
2021-04-09,0.454
2021-04-12,0.457
2021-04-13,0.455
2021-04-14,0.464
2021-04-15,0.472
2021-04-16,0.493
2021-04-19,0.505
2021-04-20,0.492
2021-04-21,0.466
2021-04-22,0.467
2021-04-23,0.481
2021-04-26,0.475
2021-04-27,0.489
2021-04-28,0.502
2021-04-29,0.538
2021-04-30,0.525
2021-05-03,0.527
2021-05-04,0.497
2021-05-05,0.513
2021-05-06,0.521
2021-05-07,0.518
2021-05-10,0.531
2021-05-11,0.563
2021-05-12,0.589
2021-05-13,0.598
2021-05-14,0.580
2021-05-17,0.598
2021-05-18,0.597
2021-05-19,0.609
2021-05-20,0.598
2021-05-21,0.579
2021-05-24,0.584
2021-05-25,0.555
2021-05-26,0.524
2021-05-27,0.547
2021-05-28,0.544
2021-05-31,0.547
2021-06-01,0.544
2021-06-02,0.536
2021-06-03,0.544
2021-06-04,0.526
2021-06-07,0.549
2021-06-08,0.515
2021-06-09,0.493
2021-06-10,0.509
2021-06-11,0.471
2021-06-14,0.496
2021-06-15,0.503
2021-06-16,0.505
2021-06-17,0.518
2021-06-18,0.501
2021-06-21,0.513
2021-06-22,0.527
2021-06-23,0.509
2021-06-24,0.509
2021-06-25,0.519
2021-06-28,0.515
2021-06-29,0.522
2021-06-30,0.494
2021-07-01,0.493
2021-07-02,0.475
2021-07-05,0.485
2021-07-06,0.454
2021-07-07,0.415
2021-07-08,0.404
2021-07-09,0.424
2021-07-12,0.416
2021-07-13,0.399
2021-07-14,0.404
2021-07-15,0.390
2021-07-16,0.386
2021-07-19,0.349
2021-07-20,0.339
2021-07-21,0.364
2021-07-22,0.363
2021-07-23,0.359
2021-07-26,0.373
2021-07-27,0.355
2021-07-28,0.369
2021-07-29,0.368
2021-07-30,0.364
2021-08-02,0.348
2021-08-03,0.330
2021-08-04,0.317
2021-08-05,0.327
2021-08-06,0.348
2021-08-09,0.333
2021-08-10,0.328
2021-08-11,0.340
2021-08-12,0.344
2021-08-13,0.330
2021-08-16,0.307
2021-08-17,0.324
2021-08-18,0.319
2021-08-19,0.312
2021-08-20,0.309
2021-08-23,0.321
2021-08-24,0.320
2021-08-25,0.356
2021-08-26,0.378
2021-08-27,0.376
2021-08-30,0.359
2021-08-31,0.372
2021-09-01,0.390
2021-09-02,0.386
2021-09-03,0.410
2021-09-06,0.403
2021-09-07,0.436
2021-09-08,0.429
2021-09-09,0.419
2021-09-10,0.420
2021-09-13,0.427
2021-09-14,0.433
2021-09-15,0.441
2021-09-16,0.463
2021-09-17,0.473
2021-09-20,0.459
2021-09-21,0.439
2021-09-22,0.447
2021-09-23,0.480
2021-09-24,0.520
2021-09-27,0.519
2021-09-28,0.550
2021-09-29,0.518
2021-09-30,0.550
2021-10-01,0.526
2021-10-04,0.551
2021-10-05,0.558
2021-10-06,0.560
2021-10-07,0.572
2021-10-08,0.592
2021-10-11,0.611
2021-10-12,0.616
2021-10-13,0.584
2021-10-14,0.554
2021-10-15,0.564
2021-10-18,0.548
2021-10-19,0.565
2021-10-20,0.577
2021-10-21,0.596
2021-10-22,0.578
2021-10-25,0.578
2021-10-26,0.569
2021-10-27,0.522
2021-10-28,0.516
2021-10-29,0.551
2021-11-01,0.541
2021-11-02,0.547
2021-11-03,0.538
2021-11-04,0.546
2021-11-05,0.502
2021-11-08,0.519
2021-11-09,0.501
2021-11-10,0.517
2021-11-11,0.542
2021-11-12,0.550
2021-11-15,0.543
2021-11-16,0.570
2021-11-17,0.564
2021-11-18,0.555
2021-11-19,0.515
2021-11-22,0.514
2021-11-23,0.576
2021-11-24,0.611
2021-11-25,0.553
2021-11-26,0.504
2021-11-29,0.512
2021-11-30,0.465
2021-12-01,0.449
2021-12-02,0.430
2021-12-03,0.424
2021-12-06,0.404
2021-12-07,0.392
2021-12-08,0.414
2021-12-09,0.401
2021-12-10,0.398
2021-12-13,0.371
2021-12-15,0.375
2021-12-16,0.395
2021-12-17,0.388
2021-12-20,0.401
2021-12-21,0.438
2021-12-22,0.449
2021-12-23,0.466
2021-12-24,0.469
2021-12-27,0.464
2021-12-28,0.461
2021-12-29,0.491
2021-12-30,0.489
2021-12-31,0.491
2022-01-03,0.533
2022-01-04,0.548
2022-01-05,0.540
2022-01-06,0.545
2022-01-07,0.553
2022-01-10,0.568
2022-01-11,0.565
2022-01-12,0.555
2022-01-13,0.531
2022-01-14,0.549
2022-01-17,0.562
2022-01-18,0.571
2022-01-19,0.592
2022-01-20,0.574
2022-01-21,0.562
2022-01-24,0.566
2022-01-25,0.583
2022-01-26,0.594
2022-01-27,0.583
2022-01-28,0.590
2022-01-31,0.600
2022-02-01,0.609
2022-02-02,0.607
2022-02-03,0.599
2022-02-04,0.558
2022-02-07,0.598
2022-02-08,0.654
2022-02-09,0.663
2022-02-10,0.678
2022-02-11,0.669
2022-02-14,0.705
2022-02-15,0.749
2022-02-16,0.739
2022-02-17,0.740
2022-02-18,0.754
2022-02-21,0.743
2022-02-22,0.734
2022-02-23,0.704
2022-02-24,0.680
2022-02-25,0.708
2022-02-28,0.751
2022-03-01,0.729
2022-03-02,0.671
2022-03-03,0.677
2022-03-04,0.696
2022-03-07,0.706
2022-03-08,0.767
2022-03-09,0.781
2022-03-10,0.745
2022-03-11,0.729
2022-03-14,0.767
2022-03-15,0.811
2022-03-16,0.829
2022-03-17,0.809
2022-03-18,0.807
2022-03-21,0.840
2022-03-22,0.832
2022-03-23,0.825
2022-03-24,0.809
2022-03-25,0.806
2022-03-28,0.753
2022-03-29,0.722
2022-03-30,0.724
2022-03-31,0.704
2022-04-01,0.711
2022-04-04,0.684
2022-04-05,0.721
2022-04-06,0.764
2022-04-07,0.766
2022-04-08,0.742
2022-04-11,0.758
2022-04-12,0.787
2022-04-13,0.787
2022-04-14,0.876
2022-04-19,0.948
2022-04-20,0.871
2022-04-21,0.810
2022-04-22,0.750
2022-04-25,0.770
2022-04-26,0.756
2022-04-27,0.791
2022-04-28,0.799
2022-04-29,0.726
2022-05-02,0.828
2022-05-03,0.772
2022-05-04,0.781
2022-05-05,0.810
2022-05-06,0.824
2022-05-09,0.931
2022-05-10,0.910
2022-05-11,0.951
2022-05-12,0.913
2022-05-13,0.900
2022-05-16,0.906
2022-05-17,0.857
2022-05-18,0.786
2022-05-19,0.758
2022-05-20,0.831
2022-05-23,0.825
2022-05-24,0.824
2022-05-25,0.859
2022-05-26,0.937
2022-05-27,0.882
2022-05-30,0.883
2022-05-31,0.862
2022-06-01,0.906
2022-06-02,0.856
2022-06-03,0.858
2022-06-06,0.850
2022-06-07,0.850
2022-06-08,0.827
2022-06-09,0.735
2022-06-10,0.655
2022-06-13,0.606
2022-06-14,0.641
2022-06-15,0.641
2022-06-16,0.713
2022-06-17,0.707
2022-06-20,0.698
2022-06-21,0.749
2022-06-22,0.711
2022-06-23,0.706
2022-06-24,0.745
2022-06-27,0.752
2022-06-28,0.806
2022-06-29,0.758
2022-06-30,0.855
2022-07-01,0.901
2022-07-04,0.840
2022-07-05,0.899
2022-07-06,0.895
2022-07-07,0.871
2022-07-08,0.902
2022-07-11,0.922
2022-07-12,0.895
2022-07-13,0.878
2022-07-14,0.761
2022-07-15,0.775
2022-07-18,0.802
2022-07-19,0.747
2022-07-20,0.761
2022-07-21,0.772
2022-07-22,0.713
2022-07-25,0.735
2022-07-26,0.701
2022-07-27,0.671
2022-07-28,0.668
2022-07-29,0.674
2022-08-01,0.644
2022-08-02,0.598
2022-08-03,0.580
2022-08-04,0.565
2022-08-05,0.535
2022-08-08,0.549
2022-08-09,0.552
2022-08-10,0.539
2022-08-11,0.576
2022-08-12,0.589
2022-08-15,0.540
2022-08-16,0.582
2022-08-17,0.501
2022-08-18,0.491
2022-08-19,0.562
2022-08-22,0.539
2022-08-23,0.589
2022-08-24,0.597
2022-08-25,0.650
2022-08-26,0.635
2022-08-29,0.637
2022-08-30,0.542
2022-08-31,0.496
2022-09-01,0.566
2022-09-02,0.566
2022-09-05,0.623
2022-09-06,0.680
2022-09-07,0.733
2022-09-08,0.661
2022-09-09,0.554
2022-09-12,0.507
2022-09-13,0.490
2022-09-14,0.486
2022-09-15,0.391
2022-09-16,0.368
2022-09-19,0.384
2022-09-20,0.370
2022-09-21,0.293
2022-09-22,0.245
2022-09-23,0.200
2022-09-26,0.224
2022-09-27,0.296
2022-09-28,0.417
2022-09-29,0.456
2022-09-30,0.469
2022-10-03,0.443
2022-10-04,0.447
2022-10-05,0.480
2022-10-06,0.446
2022-10-07,0.483
2022-10-10,0.543
2022-10-11,0.609
2022-10-12,0.687
2022-10-13,0.585
2022-10-14,0.559
2022-10-17,0.525
2022-10-18,0.461
2022-10-19,0.405
2022-10-20,0.412
2022-10-21,0.487
2022-10-24,0.428
2022-10-25,0.345
2022-10-26,0.327
2022-10-27,0.300
2022-10-28,0.315
2022-10-31,0.319
2022-11-01,0.367
2022-11-02,0.337
2022-11-03,0.376
2022-11-04,0.338
2022-11-07,0.323
2022-11-08,0.259
2022-11-09,0.259
2022-11-10,0.174
2022-11-11,0.131
2022-11-14,0.122
2022-11-15,0.087
2022-11-16,0.017
2022-11-17,0.075
2022-11-18,0.093
2022-11-21,0.056
2022-11-22,0.031
2022-11-23,-0.053
2022-11-24,-0.090
2022-11-25,-0.062
2022-11-28,-0.018
2022-11-29,-0.007
2022-11-30,-0.044
2022-12-01,-0.040
2022-12-02,-0.053
2022-12-05,-0.074
2022-12-06,-0.080
2022-12-07,-0.056
2022-12-08,-0.050
2022-12-09,-0.055
2022-12-12,-0.086
2022-12-13,-0.042
2022-12-14,0.022
2022-12-15,-0.072
2022-12-16,-0.111
2022-12-19,-0.042
2022-12-20,-0.023
2022-12-21,-0.022
2022-12-22,-0.008
2022-12-23,-0.024
2022-12-27,0.009
2022-12-28,0.026
2022-12-29,0.016
2022-12-30,-0.010
2023-01-02,-0.065
2023-01-03,-0.108
2023-01-04,-0.129
2023-01-05,-0.123
2023-01-06,-0.155
2023-01-09,-0.119
2023-01-10,-0.157
2023-01-11,-0.227
2023-01-12,-0.232
2023-01-13,-0.247
2023-01-16,-0.235
2023-01-17,-0.231
2023-01-18,-0.252
2023-01-19,-0.286
2023-01-20,-0.246
2023-01-23,-0.209
2023-01-24,-0.230
2023-01-25,-0.220
2023-01-26,-0.203
2023-01-27,-0.178
2023-01-30,-0.222
2023-01-31,-0.185
2023-02-01,-0.203
2023-02-02,-0.207
2023-02-03,-0.191
2023-02-06,-0.147
2023-02-07,-0.158
2023-02-08,-0.204
2023-02-09,-0.227
2023-02-10,-0.228
2023-02-13,-0.269
2023-02-14,-0.288
2023-02-15,-0.245
2023-02-16,-0.206
2023-02-17,-0.243
2023-02-20,-0.269
2023-02-21,-0.255
2023-02-22,-0.245
2023-02-23,-0.266
2023-02-24,-0.346
2023-02-27,-0.335
2023-02-28,-0.323
2023-03-01,-0.364
2023-03-02,-0.304
2023-03-03,-0.362
2023-03-06,-0.407
2023-03-07,-0.426
2023-03-08,-0.493
2023-03-09,-0.448
2023-03-10,-0.414
2023-03-13,-0.285
2023-03-14,-0.334
2023-03-15,-0.164
2023-03-16,-0.202
2023-03-17,-0.175
2023-03-20,-0.066
2023-03-21,-0.123
2023-03-22,-0.200
2023-03-23,-0.165
2023-03-24,-0.100
2023-03-27,-0.129
2023-03-28,-0.135
2023-03-29,-0.146
2023-03-30,-0.217
2023-03-31,-0.212
2023-04-03,-0.240
2023-04-04,-0.220
2023-04-05,-0.198
2023-04-06,-0.219
2023-04-11,-0.237
2023-04-12,-0.254
2023-04-13,-0.232
2023-04-14,-0.300
2023-04-17,-0.247
2023-04-18,-0.252
2023-04-19,-0.286
2023-04-20,-0.264
2023-04-21,-0.261
2023-04-24,-0.286
2023-04-25,-0.260
2023-04-26,-0.231
2023-04-27,-0.225
2023-04-28,-0.240
2023-05-02,-0.245
2023-05-03,-0.218
2023-05-04,-0.197
2023-05-05,-0.118
2023-05-08,-0.144
2023-05-09,-0.148
2023-05-10,-0.130
2023-05-11,-0.157
2023-05-12,-0.172
2023-05-15,-0.140
2023-05-16,-0.140
2023-05-17,-0.172
2023-05-18,-0.162
2023-05-19,-0.172
2023-05-22,-0.173
2023-05-23,-0.230
2023-05-24,-0.211
2023-05-25,-0.224
2023-05-26,-0.227
2023-05-29,-0.294
2023-05-30,-0.317
2023-05-31,-0.260
2023-06-01,-0.269
2023-06-02,-0.311
2023-06-05,-0.331
2023-06-06,-0.311
2023-06-07,-0.337
2023-06-08,-0.315
2023-06-09,-0.354
2023-06-12,-0.355
2023-06-13,-0.380
2023-06-14,-0.380
2023-06-15,-0.445
2023-06-16,-0.494
2023-06-19,-0.460
2023-06-20,-0.553
2023-06-21,-0.571
2023-06-22,-0.581
2023-06-23,-0.613
2023-06-26,-0.611
2023-06-27,-0.643
2023-06-28,-0.641
2023-06-29,-0.637
2023-06-30,-0.612
2023-07-03,-0.644
2023-07-04,-0.628
2023-07-05,-0.585
2023-07-06,-0.581
2023-07-07,-0.488
2023-07-10,-0.454
2023-07-11,-0.474
2023-07-12,-0.511
2023-07-13,-0.525
2023-07-14,-0.558
2023-07-17,-0.577
2023-07-18,-0.560
2023-07-19,-0.553
2023-07-20,-0.578
2023-07-21,-0.565
2023-07-24,-0.508
2023-07-25,-0.531
2023-07-26,-0.571
2023-07-27,-0.520
2023-07-28,-0.490
2023-07-31,-0.472
2023-08-01,-0.492
2023-08-02,-0.390
2023-08-03,-0.273
2023-08-04,-0.336
2023-08-07,-0.291
2023-08-08,-0.353
2023-08-09,-0.358
2023-08-10,-0.360
2023-08-11,-0.280
2023-08-14,-0.308
2023-08-15,-0.310
2023-08-16,-0.304
2023-08-17,-0.290
2023-08-18,-0.248
2023-08-21,-0.290
2023-08-22,-0.310
2023-08-23,-0.339
2023-08-24,-0.350
2023-08-25,-0.370
2023-08-28,-0.375
2023-08-29,-0.406
2023-08-30,-0.400
2023-08-31,-0.384
2023-09-01,-0.288
2023-09-04,-0.324
2023-09-05,-0.308
2023-09-06,-0.339
2023-09-07,-0.341
2023-09-08,-0.345
2023-09-11,-0.335
2023-09-12,-0.345
2023-09-13,-0.373
2023-09-14,-0.402
2023-09-15,-0.406
2023-09-18,-0.405
2023-09-19,-0.408
2023-09-20,-0.432
2023-09-21,-0.387
2023-09-22,-0.366
2023-09-25,-0.333
2023-09-26,-0.318
2023-09-27,-0.314
2023-09-28,-0.223
2023-09-29,-0.281
2023-10-02,-0.238
2023-10-03,-0.201
2023-10-04,-0.203
2023-10-05,-0.171
2023-10-06,-0.142
2023-10-09,-0.178
2023-10-10,-0.187
2023-10-11,-0.305
2023-10-12,-0.300
2023-10-13,-0.169
2023-10-16,-0.227
2023-10-17,-0.225
2023-10-18,-0.218
2023-10-19,-0.200
2023-10-20,-0.167
2023-10-23,-0.172
2023-10-24,-0.202
2023-10-25,-0.183
2023-10-26,-0.154
2023-10-27,-0.141
2023-10-30,-0.128
2023-10-31,-0.165
2023-11-01,-0.157
2023-11-02,-0.204
2023-11-06,-0.236
2023-11-07,-0.295
2023-11-08,-0.302
2023-11-09,-0.300
2023-11-10,-0.292
2023-11-13,-0.283
2023-11-14,-0.331
2023-11-15,-0.290
2023-11-16,-0.303
2023-11-17,-0.284
2023-11-20,-0.311
2023-11-21,-0.338
2023-11-22,-0.362
2023-11-23,-0.328
2023-11-24,-0.334
2023-11-27,-0.346
2023-11-28,-0.322
2023-11-29,-0.309
2023-11-30,-0.278
2023-12-01,-0.222
2023-12-04,-0.249
2023-12-05,-0.303
2023-12-06,-0.362
2023-12-07,-0.376
2023-12-08,-0.334
2023-12-11,-0.344
2023-12-12,-0.378
2023-12-13,-0.415
2023-12-14,-0.368
2023-12-15,-0.452
2023-12-18,-0.417
2023-12-19,-0.444
2023-12-20,-0.468
2023-12-21,-0.432
2023-12-22,-0.405
2023-12-27,-0.437
2023-12-28,-0.411
2023-12-29,-0.355
2024-01-02,-0.318
2024-01-03,-0.325
2024-01-04,-0.288
2024-01-05,-0.331
2024-01-08,-0.332
2024-01-09,-0.303
2024-01-10,-0.305
2024-01-11,-0.306
2024-01-12,-0.299
2024-01-15,-0.273
2024-01-16,-0.298
2024-01-17,-0.327
2024-01-18,-0.314
2024-01-19,-0.276
2024-01-22,-0.309
2024-01-23,-0.283
2024-01-24,-0.278
2024-01-25,-0.226
2024-01-26,-0.199
2024-01-29,-0.205
2024-01-30,-0.190
2024-01-31,-0.208
2024-02-01,-0.218
2024-02-02,-0.291
2024-02-05,-0.242
2024-02-06,-0.243
2024-02-07,-0.240
2024-02-08,-0.243
2024-02-09,-0.259
2024-02-12,-0.263
2024-02-13,-0.295
2024-02-14,-0.337
2024-02-15,-0.374
2024-02-16,-0.363
2024-02-19,-0.365
2024-02-20,-0.355
2024-02-21,-0.350
2024-02-22,-0.391
2024-02-23,-0.412
2024-02-26,-0.436
2024-02-27,-0.413
2024-02-28,-0.395
2024-02-29,-0.421
2024-03-01,-0.396
2024-03-04,-0.447
2024-03-05,-0.489
2024-03-06,-0.488
2024-03-07,-0.513
2024-03-08,-0.471
2024-03-11,-0.445
2024-03-12,-0.464
2024-03-13,-0.435
2024-03-14,-0.386
2024-03-15,-0.410
2024-03-18,-0.391
2024-03-19,-0.395
2024-03-20,-0.403
2024-03-21,-0.392
2024-03-22,-0.436
2024-03-25,-0.418
2024-03-26,-0.440
2024-03-27,-0.443
2024-03-28,-0.438
2024-04-02,-0.331
2024-04-03,-0.350
2024-04-04,-0.391
2024-04-05,-0.394
2024-04-08,-0.353
2024-04-09,-0.412
2024-04-10,-0.406
2024-04-11,-0.378
2024-04-12,-0.402
2024-04-15,-0.327
2024-04-16,-0.292
2024-04-17,-0.324
2024-04-18,-0.327
2024-04-19,-0.344
2024-04-22,-0.317
2024-04-23,-0.319
2024-04-24,-0.290
2024-04-25,-0.290
2024-04-26,-0.328
2024-04-29,-0.329
2024-04-30,-0.360
2024-05-02,-0.350
2024-05-03,-0.359
2024-05-06,-0.396
2024-05-07,-0.422
2024-05-08,-0.400
2024-05-09,-0.377
2024-05-10,-0.383
2024-05-13,-0.377
2024-05-14,-0.353
2024-05-15,-0.395
2024-05-16,-0.390
2024-05-17,-0.365
2024-05-20,-0.340
2024-05-21,-0.356
2024-05-22,-0.360
2024-05-23,-0.361
2024-05-24,-0.381
2024-05-27,-0.375
2024-05-28,-0.348
2024-05-29,-0.308
2024-05-30,-0.280
2024-05-31,-0.318
2024-06-03,-0.317
2024-06-04,-0.330
2024-06-05,-0.368
2024-06-06,-0.345
2024-06-07,-0.336
2024-06-10,-0.281
2024-06-11,-0.256
2024-06-12,-0.331
2024-06-13,-0.313
2024-06-14,-0.354
2024-06-17,-0.304
2024-06-18,-0.318
2024-06-19,-0.335
2024-06-20,-0.307
2024-06-21,-0.317
2024-06-24,-0.328
2024-06-25,-0.355
2024-06-26,-0.319
2024-06-27,-0.320
2024-06-28,-0.297
2024-07-01,-0.239
2024-07-02,-0.259
2024-07-03,-0.274
2024-07-04,-0.270
2024-07-05,-0.275
2024-07-08,-0.273
2024-07-09,-0.267
2024-07-10,-0.301
2024-07-11,-0.297
2024-07-12,-0.314
