Date,BTC_USD,Mining_Difficulty,USD_OnChain_Volume,M2_Liquidity,EUR_USD,JPY_USD,JPY_EUR,SPY,QQQ,EXSA,JPXN,IWDA,GLD,SLV,TLT,BND,Nr_Transactions,Nr_Addresses,BTC_PageViews,Crypto_PageViews,BTC_Supply
2012-11-30,12.57,3438908.96015914,2848242.87443128,10311.4,1.2973533868789673,0.0121727064251899,0.0093799997121095,114.7463607788086,59.13087463378906,19.70084953308105,32.809669494628906,23.43000030517578,166.0500030517578,32.36000061035156,92.61795806884766,61.87672424316406,29758.0,28996.0,,,10508750.0
2012-12-07,13.5,3438908.96015914,4037863.60216612,10410.9,1.2963443994522097,0.0121315056458115,0.0093599995598196,114.95626068115234,58.34906005859375,19.940593719482425,32.89067459106445,23.6299991607666,165.16000366210938,32.029998779296875,92.53250885009766,61.90370559692383,32145.0,30025.0,,,10532675.0
2012-12-14,13.6,3370181.79927784,4228348.10063438,10462.2,1.3078734874725342,0.0119521440938115,0.0091399997472763,114.7060317993164,58.13337326049805,19.95468521118164,33.052703857421875,23.440000534057617,164.1300048828125,31.170000076293945,91.91529846191406,61.706661224365234,39014.0,32210.0,,,10555625.0
2012-12-21,13.5,3370181.79927784,3508457.11540664,10526.9,1.323766827583313,0.0118455346673727,0.0089499996975064,116.08049011230467,58.91803741455078,20.053407669067383,34.56829833984375,23.59000015258789,160.3300018310547,29.0,90.9113311767578,61.6920166015625,44580.0,35121.0,,,10577125.0
2012-12-28,13.5,2979636.61693807,3150928.59279095,10549.5,1.3250298500061035,0.0115597574040293,0.0087200002744793,113.83677673339844,57.63483810424805,19.95468521118164,34.56009292602539,23.604999542236328,160.5399932861328,29.100000381469727,91.90145111083984,61.39279556274414,47105.0,33348.0,,,10602375.0
2013-01-04,13.5,2979636.61693807,4183737.86509981,10615.7,1.3032711744308472,0.0113973105326294,0.0087400004267692,118.9908447265625,60.210227966308594,20.546985626220703,35.56884765625,24.36000061035156,160.44000244140625,29.239999771118164,88.24208068847656,61.15191650390625,48589.0,36915.0,,,10629825.0
2013-01-11,14.14,3249549.58448721,3837367.28730357,10630.2,1.327316164970398,0.0112049840390682,0.0084400000050663,119.5599365234375,60.779544830322266,20.51877784729004,35.42123031616211,24.030000686645508,161.05999755859375,29.479999542236328,89.32274627685547,61.18839263916016,52749.0,47149.0,,,10654350.0
2013-01-18,15.7,3249549.58448721,4660661.61950887,10562.3,1.3372559547424316,0.0111332535743713,0.0083200000226497,120.58424377441406,60.60784530639648,20.52583694458008,35.404823303222656,24.20499992370605,163.08999633789062,30.809999465942383,89.46430969238281,61.25409698486328,49139.0,43006.0,,,10676750.0
2013-01-25,17.4,2968775.33207507,7889949.92646682,10475.0,1.3369340896606443,0.0110426470637321,0.0082499999552965,122.14508819580078,60.54460906982422,20.680957794189453,35.19979476928711,24.3799991607666,160.64999389648438,30.209999084472656,87.96631622314453,61.00593948364258,48511.0,38998.0,,,10701225.0
2013-02-01,20.5,2968775.33207507,10139244.7053012,10398.2,1.3610997200012207,0.0109042925760149,0.0080099999904632,122.9499053955078,61.14101028442383,20.568134307861328,35.49504852294922,24.049999237060547,161.4499969482422,30.780000686645508,86.30181884765625,60.73991394042969,59382.0,49764.0,,,10728850.0
2013-02-08,22.66,3275464.58656562,6338076.52307591,10464.8,1.3389389514923096,0.0106799947097897,0.0079800002276897,123.40514373779295,61.439212799072266,20.511734008789062,35.97891616821289,24.4950008392334,161.57000732421875,30.43000030517578,87.48199462890625,60.988563537597656,60921.0,44976.0,,,10756875.0
2013-02-15,27.1,3275464.58656562,8592939.38002208,10486.9,1.3352917432785034,0.0107576623558998,0.0080599999055266,123.65714263916016,61.22233200073242,20.504676818847656,35.51963424682617,24.565000534057617,155.75999450683594,28.82999992370605,87.01888275146484,60.88618087768555,55647.0,38769.0,,,10784450.0
2013-02-22,30.25,3651011.63069321,10131873.1430453,10480.5,1.3194352388381958,0.0107353730127215,0.0081399995833635,123.47830963134766,60.67110061645508,20.617494583129883,36.10192489624024,24.739999771118164,152.97000122070312,27.82999992370605,87.41472625732422,60.99590301513672,62171.0,43738.0,,,10815350.0
2013-03-01,34.5,4367876.0008422,9654317.54954813,10448.6,1.3059945106506348,0.0108012352138757,0.0082700001075863,123.65714263916016,60.88796615600586,20.69505882263184,36.78263092041016,25.114999771118164,152.44000244140625,27.6200008392334,89.00230407714844,61.270957946777344,64535.0,49555.0,,,10845425.0
2013-03-08,44.18,4367876.0008422,10922783.5643237,10572.1,1.311131477355957,0.0105342995375394,0.0080300001427531,126.3642807006836,62.144039154052734,21.132226943969727,37.39773178100586,25.63999938964844,152.7100067138672,28.01000022888184,85.89583587646484,60.860618591308594,55857.0,45918.0,,,10872900.0
2013-03-15,46.95,4847647.15206561,12840375.2898832,10599.3,1.301236271858215,0.0104207918047904,0.0080000003799796,127.24479675292967,62.052391052246094,21.30721473693848,37.89800262451172,25.7549991607666,154.0,27.799999237060547,86.65184783935547,60.97052001953125,62776.0,51708.0,,,10901875.0
2013-03-22,69.87,4847647.15206561,21781825.3793683,10627.2,1.2904890775680542,0.010536297224462,0.0081599997356534,127.05697631835938,62.12483215332031,21.094152450561523,38.201454162597656,25.725000381469727,155.5500030517578,27.75,87.82705688476562,61.13905715942383,60584.0,58133.0,,,10936925.0
2013-03-29,90.5,6695826.28259625,27287140.4260621,10581.9,1.2815911769866943,0.0106168380007147,0.00827999971807,127.93067169189452,62.469032287597656,21.072843551635746,38.34907531738281,26.075000762939453,154.4499969482422,27.420000076293945,88.14894104003906,61.28559112548828,62259.0,66780.0,,,10966650.0
2013-04-05,142.32,7672999.92016414,35524194.7332331,10720.4,1.2928247451782229,0.0103694647550582,0.0080199996009469,126.69761657714844,61.46364974975586,20.589881896972656,38.84115219116211,25.405000686645508,152.80999755859375,26.38999938964844,92.13610076904295,61.73127365112305,61373.0,84264.0,,,10996850.0
2013-04-12,117.0,7672999.92016414,57698469.5685943,10719.5,1.311475396156311,0.0100380443036556,0.0076500000432133,129.66990661621094,63.34760665893555,21.023128509521484,40.30917739868164,25.88999938964844,143.9499969482422,25.280000686645508,91.46844482421876,61.69447708129883,58690.0,81347.0,,,11026400.0
2013-04-19,118.5,8974296.01488785,26871098.7954289,10740.2,1.3053126335144043,0.0101829878985881,0.0077999997884035,126.95894622802734,61.67197036743164,20.56856918334961,40.07953643798828,25.415000915527344,135.47000122070312,22.39999961853028,92.14362335205078,61.76063919067383,59528.0,86659.0,,,11054300.0
2013-04-26,136.9,8974296.01488785,34790679.9062679,10629.3,1.3007283210754397,0.0100662354379892,0.0077399997971951,129.2127227783203,63.01247024536133,21.356931686401367,40.95707321166992,26.14999961853028,140.91000366210938,23.100000381469727,92.56375885009766,61.85626602172852,55264.0,72592.0,,,11083200.0
2013-05-03,98.1,10076292.8834187,33276879.8663023,10531.7,1.3065063953399658,0.0102097075432538,0.0078199999406933,131.76849365234375,65.32210540771484,21.733369827270508,41.61318206787109,26.575000762939453,142.08999633789062,23.290000915527344,90.9111328125,61.73239135742188,51180.0,64825.0,,,11109900.0
2013-05-10,117.7,10076292.8834187,25122024.5341666,10593.3,1.303441047668457,0.0099240811541676,0.0076100002042949,133.4342803955078,66.16443634033203,22.109792709350582,41.67877960205078,27.05500030517578,139.60000610351562,22.979999542236328,89.2723159790039,61.47450256347656,67881.0,71443.0,,,11138900.0
2013-05-17,123.5,11187257.4613608,28978977.0240096,10598.1,1.2883278131484983,0.0097909625619649,0.0076000001281499,136.3168182373047,67.2966079711914,22.44360542297364,42.97457885742188,27.61000061035156,131.07000732421875,21.39999961853028,88.0018539428711,61.31978988647461,58731.0,61929.0,,,11167100.0
2013-05-24,133.1,11187257.4613608,29787153.3541515,10570.9,1.2925074100494385,0.0097646713256835,0.0075500002130866,134.9856719970703,66.49052429199219,22.109792709350582,40.29276657104492,26.979999542236328,133.75999450683594,21.61000061035156,87.80640411376953,61.157623291015625,55401.0,68107.0,,,11194200.0
2013-05-31,128.82,12153411.7097758,17736377.8752891,10539.1,1.3043931722640991,0.0098911970853805,0.0075799999758601,133.46697998046875,66.34559631347656,21.946439743041992,38.5869140625,26.850000381469727,133.9199981689453,21.440000534057617,86.03972625732422,60.7155647277832,54346.0,61670.0,,,11223800.0
2013-06-07,111.0,15605632.6812859,27631739.5874207,10634.0,1.3245558738708496,0.0102746412158012,0.0077499998733401,134.5693359375,66.47239685058594,21.534500122070312,38.7181396484375,26.190000534057617,133.27999877929688,20.86000061035156,85.27484130859375,60.54203414916992,52188.0,59933.0,,,11257900.0
2013-06-14,99.99,15605632.6812859,21746458.4989396,10667.6,1.3367911577224731,0.0104718618094921,0.007829999551177,133.24647521972656,65.46705627441406,21.257503509521484,38.34087753295898,25.80500030517578,134.42999267578125,21.32999992370605,85.77220153808594,60.630672454833984,50172.0,63694.0,,,11289475.0
2013-06-21,109.5,19339258.2723867,22223940.1986307,10673.5,1.323556661605835,0.0102943144738674,0.0077800001017749,130.57763671875,63.99319839477539,20.498952865600582,39.267616271972656,25.28499984741211,125.0500030517578,19.38999938964844,81.68782806396484,59.39026641845703,47027.0,55870.0,,,11317000.0
2013-06-28,94.66,19339258.2723867,20181807.973741,10560.2,1.303593993186951,0.010154758580029,0.0077900001779198,131.6859130859375,64.75645446777344,20.765544891357425,39.73848724365234,25.975000381469727,119.11000061035156,18.96999931335449,83.2250747680664,59.71516418457031,49552.0,56602.0,,,11345950.0
2013-07-05,68.5,21335329.113983,27315081.3263335,10670.7,1.2907721996307373,0.0099780485033988,0.0077300001867115,133.8201904296875,65.94673919677734,21.06096267700196,40.85149383544922,26.395000457763672,118.08999633789062,18.209999084472656,80.25830841064453,59.12104797363281,37037.0,50395.0,,,11375125.0
2013-07-12,93.99,26162875.6825699,25353409.4932243,10706.1,1.3097747564315796,0.0100969308987259,0.0077100000344216,137.50595092773438,68.41815185546875,21.630170822143555,42.088172912597656,26.959999084472656,124.12999725341795,19.209999084472656,81.36100769042969,59.62416458129883,48260.0,66681.0,,,11406950.0
2013-07-19,92.09,26162875.6825699,17127338.1221971,10702.3,1.3110626935958862,0.0099480710923671,0.007590000052005,138.86863708496094,67.77302551269531,21.918392181396484,42.38497543334961,27.100000381469727,125.11000061035156,18.8799991607666,82.47885131835938,60.06806182861328,36759.0,50353.0,,,11436275.0
2013-07-26,96.02,31256960.7277689,24142953.7678654,10660.8,1.3274219036102295,0.010073029436171,0.007590000052005,138.8193817138672,68.48174285888672,21.860746383666992,40.41453552246094,26.739999771118164,128.77999877929688,19.31999969482422,81.6782455444336,59.920066833496094,36622.0,51523.0,,,11465225.0
2013-08-02,104.5,31256960.7277689,20028291.0290872,10647.7,1.3211959600448608,0.010058338753879,0.0076100002042949,140.3297576904297,69.9355239868164,22.24262809753418,41.42036437988281,27.09000015258789,126.36000061035156,19.1200008392334,80.65687561035156,59.8428840637207,51681.0,64646.0,,,11497350.0
2013-08-09,102.8,37392766.1364746,15936869.2534376,10749.7,1.3380074501037598,0.0103369858115911,0.0077300001867115,138.98353576660156,69.49939727783203,22.386728286743164,40.64537811279297,26.88500022888184,126.86000061035156,19.76000022888184,81.21722412109375,60.0208740234375,49658.0,54319.0,,,11530200.0
2013-08-16,108.99,50810339.0482765,15509101.4340578,10749.4,1.33539879322052,0.0103034358471632,0.0077100000344216,136.12684631347656,68.58170318603516,22.408348083496094,40.406280517578125,26.71500015258789,132.5800018310547,22.34000015258789,78.27167510986328,59.30173110961914,71119.0,69111.0,,,11563475.0
2013-08-23,118.51,50810339.0482765,19489988.3274431,10727.8,1.335505723953247,0.0101133715361356,0.0075699998997151,136.7753448486328,69.66292572021484,22.30027198791504,40.08475112915039,26.5049991607666,134.89999389648438,23.14999961853028,78.9682846069336,59.30173110961914,55195.0,63359.0,,,11597450.0
2013-08-30,138.03,65750060.1490848,23506130.6962164,10697.4,1.3236267566680908,0.0101737678050994,0.0076799998059868,134.3373260498047,68.57261657714844,21.774282455444336,38.73264694213867,26.229999542236328,134.6199951171875,22.600000381469727,80.25554656982422,59.42778396606445,62603.0,75212.0,,,11628475.0
2013-09-06,121.9,86933017.7711944,21535610.7106147,10775.1,1.3118367195129397,0.0099884141236543,0.0076100002042949,136.2992401123047,69.89917755126953,22.444374084472656,40.06827163696289,26.975000381469727,134.14999389648438,22.96999931335449,78.23534393310547,59.03471374511719,60850.0,58464.0,,,11662975.0
2013-09-13,140.66,86933017.7711944,17861321.1127965,10815.8,1.3298933506011963,0.0100423786789178,0.0075500002130866,138.99996948242188,70.92591857910156,22.79743003845215,41.0905876159668,27.26499938964844,127.81999969482422,21.420000076293945,78.61494445800781,59.30221557617188,44834.0,57481.0,,,11695800.0
2013-09-20,133.81,112628548.666347,23500268.5294059,10821.5,1.353417992591858,0.0100613748654723,0.0074300002306699,140.82406616210938,71.98641204833984,23.02417755126953,42.19534683227539,27.40999984741211,127.95999908447266,21.0,79.6550521850586,59.82969284057617,58994.0,66115.0,,,11727975.0
2013-09-27,138.93,148819199.805093,22410727.7485481,10757.9,1.348617672920227,0.0101107126101851,0.0074900002218782,139.33102416992188,72.05931091308594,22.885915756225582,42.44267654418945,27.100000381469727,128.97000122070312,20.959999084472656,80.9001235961914,60.05258560180664,46920.0,64406.0,,,11761975.0
2013-10-04,136.82,148819199.805093,21042820.0912296,10827.1,1.362416386604309,0.0102818245068192,0.0075500002130866,139.3145294189453,72.36005401611328,22.72581672668457,41.63471603393555,26.82999992370605,126.52999877929688,20.93000030517578,80.46503448486328,60.04656600952149,51940.0,63208.0,,,11793650.0
2013-10-11,140.1,189281249.281033,23299405.7916284,10902.6,1.3526674509048462,0.0101848552003502,0.0075300000607967,140.4446563720703,72.20514678955078,22.8931941986084,42.34375381469727,27.11000061035156,122.5999984741211,20.520000457763672,80.27472686767578,60.068885803222656,51922.0,65117.0,,,11825575.0
2013-10-18,168.28,267731249.482421,32380709.601525,10955.6,1.366698980331421,0.0102051235735416,0.0074599999934434,143.8514404296875,74.8662338256836,23.380754470825195,42.953834533691406,27.565000534057617,126.8499984741211,21.11000061035156,81.47740936279297,60.46349334716797,59661.0,70030.0,,,11863425.0
2013-10-25,197.88,267731249.482421,74562499.0692514,10976.2,1.380395531654358,0.0102685214951634,0.0074399998411536,145.13821411132812,75.54972839355469,23.50444984436035,42.00572204589844,27.549999237060547,130.4600067138672,21.709999084472656,82.42888641357422,60.67937469482422,57471.0,80608.0,,,11902150.0
2013-11-01,213.43,390928787.638086,31016030.5900458,10896.8,1.3579760789871216,0.010170767083764,0.0074900002218782,145.35267639160156,75.46771240234375,23.591777801513672,41.76662826538086,27.98500061035156,126.9499969482422,21.07999992370605,81.04729461669922,60.4415397644043,45371.0,71947.0,,,11934900.0
2013-11-08,355.0,510929738.016152,84025575.9696857,10977.7,1.3409138917922974,0.0101863080635666,0.007590000052005,146.2435760498047,75.22163391113281,23.68637657165528,41.52754211425781,28.23500061035156,124.27999877929688,20.690000534057617,78.92547607421875,60.12818145751953,59223.0,106680.0,,,11965000.0
2013-11-15,433.92,510929738.016152,109938389.965215,10960.9,1.3448994159698486,0.0099760573357343,0.007420000154525,148.52023315429688,76.5157699584961,23.715490341186523,43.45675277709961,28.5,124.31999969482422,20.0,79.93292236328125,60.40419769287109,60914.0,102176.0,,,11995600.0
2013-11-22,802.0,609482679.888355,473974150.5189,10983.0,1.347182273864746,0.0098698167130351,0.0073299999348819,149.1471710205078,76.54309844970703,23.74459457397461,43.308349609375,28.38500022888184,119.91999816894533,19.1299991607666,79.30707550048828,60.36687850952149,76947.0,137706.0,,,12025175.0
2013-11-29,1206.93,707408283.051497,359840236.670853,10941.3,1.360396146774292,0.0097759356722235,0.0071899998001754,149.3038787841797,78.1288070678711,23.91924095153809,43.03628540039063,28.3700008392334,120.6999969482422,19.239999771118164,79.71923828125,60.42660140991211,90084.0,162274.0,,,12055100.0
2013-12-06,845.02,707408283.051497,284439322.070076,11029.4,1.3669979572296145,0.0098287826403975,0.0071899998001754,149.25437927246094,78.37487030029297,23.286148071289062,42.50038146972656,27.920000076293945,118.5500030517578,18.76000022888184,78.78533172607422,60.15366744995117,72099.0,142973.0,,,12087075.0
2013-12-13,936.77,908350862.437022,110334247.080537,11073.3,1.375080704689026,0.009658102877438,0.0070199999026954,146.91995239257812,77.32682037353516,22.78403663635254,42.15412521362305,27.38999938964844,119.37999725341795,18.950000762939453,79.00732421875,60.14619064331055,60059.0,121972.0,,,12118550.0
2013-12-20,649.96,908350862.437022,131545222.971395,11098.0,1.3655791282653809,0.009589934721589,0.0070199999026954,150.5789031982422,79.08094024658203,23.661544799804688,42.41121292114258,28.229999542236328,115.94000244140624,18.6200008392334,79.80341339111328,60.25840377807617,65083.0,118892.0,,,12153125.0
2013-12-27,803.05,1180923195.25803,85510204.9207541,11116.8,1.3696191310882568,0.0095347976312041,0.0069599999114871,152.47816467285156,80.01346588134766,24.11503219604492,43.12554931640625,28.51499938964844,117.12000274658205,19.270000457763672,78.19036865234375,59.966793060302734,52674.0,110058.0,,,12183025.0
2014-01-03,884.26,1418481395.26264,161918907.2181,11128.3,1.3666616678237915,0.0095389811322093,0.0069800000637769,151.68202209472656,79.2089614868164,24.107711791992188,43.05078887939453,28.645000457763672,119.29000091552734,19.420000076293945,78.4668197631836,60.101829528808594,60980.0,122070.0,,,12212400.0
2014-01-10,957.76,1418481395.26264,69664238.47622,11179.0,1.360710859298706,0.0095392540097236,0.0070099998265504,152.71861267089844,79.81231689453125,24.28325843811035,43.225223541259766,28.625,120.26000213623048,19.3799991607666,80.18716430664062,60.43935775756836,54166.0,108863.0,,,12244500.0
2014-01-17,894.16,1789546951.05324,72701457.820322,11131.1,1.3618041276931765,0.0095881875604391,0.0070400000549852,152.3040008544922,80.34259796142578,24.64896774291992,43.25844955444336,29.06999969482422,120.93000030517578,19.51000022888184,81.0089340209961,60.59685134887695,59026.0,113841.0,,,12276225.0
2014-01-24,916.55,2193847870.17428,115155806.962463,11100.9,1.3689066171646118,0.0096739865839481,0.0070699998177587,148.3644256591797,79.30033874511719,23.8736572265625,41.987606048583984,28.075000762939453,122.29000091552734,19.15999984741211,82.5449447631836,60.8143310546875,65600.0,123371.0,,,12307775.0
2014-01-31,938.85,2193847870.17428,53462122.80908,11033.2,1.3558770418167114,0.0097316019237041,0.0071800001896917,147.77565002441406,78.87068176269531,23.70543098449707,40.82474899291992,28.02499961853028,120.08999633789062,18.450000762939453,83.15937042236328,60.971866607666016,60269.0,131259.0,,,12336700.0
2014-02-07,695.65,2621404453.06462,120236380.55453,11089.1,1.3592127561569214,0.0098001742735505,0.0072099999524652,149.01966857910156,79.81231689453125,23.91022682189941,41.01578140258789,28.020000457763672,122.16999816894533,19.270000457763672,82.22460174560547,60.99517440795898,70514.0,142073.0,,,12367525.0
2014-02-14,427.68,2621404453.06462,81723859.7732956,11138.3,1.3678767681121826,0.0097858840599656,0.0071499999612569,152.61912536621094,82.10706329345703,24.524620056152344,40.79152297973633,28.614999771118164,127.1500015258789,20.64999961853028,82.06288146972656,60.927528381347656,74889.0,144009.0,,,12397200.0
2014-02-21,111.56,3129573174.52229,59817750.2319866,11187.0,1.372118592262268,0.0097740245983004,0.0071200001984834,152.51136779785156,82.2167739868164,24.744049072265625,41.339725494384766,28.795000076293945,127.58000183105467,20.96999931335449,82.13217163085938,60.99517440795898,69390.0,156400.0,,,12427925.0
2014-02-28,573.94,3815723798.81463,100891450.507951,11135.6,1.3707455396652222,0.009793359786272,0.007139999885112,154.50180053710938,82.93444061279297,24.89764976501465,41.36464691162109,28.915000915527344,127.62000274658205,20.350000381469727,83.5951156616211,61.25821304321289,70290.0,145370.0,,,12459250.0
2014-03-07,616.73,3815723798.81463,712235470.850487,11207.4,1.3863087892532349,0.0097057223320007,0.0070000002160668,156.1356201171875,83.10885620117188,24.539249420166016,41.29819869995117,28.76499938964844,129.08999633789062,20.07999992370605,81.72959899902344,60.928314208984375,72345.0,156936.0,,,12486150.0
2014-03-14,614.03,4250217919.86954,137511408.998692,11261.1,1.3865394592285156,0.0098251132294535,0.0070799998939037,153.14996337890625,81.40132904052734,23.7639389038086,39.437618255615234,28.075000762939453,133.10000610351562,20.6200008392334,83.7595443725586,61.22962951660156,70615.0,135298.0,,,12514675.0
2014-03-21,549.6,4250217919.86954,82398783.114913,11299.7,1.378207802772522,0.009764957241714,0.0070799998939037,155.1086883544922,81.8911361694336,24.24268913269043,39.07213973999024,28.64999961853028,128.47000122070312,19.520000457763672,83.53570556640625,61.04883193969727,73091.0,157457.0,,,12543825.0
2014-03-28,482.61,5006860589.2054,91049787.679323,11257.6,1.3741360902786257,0.0097898123785853,0.0071200001984834,154.5172576904297,80.09687042236328,24.69774436950684,40.12702560424805,28.875,124.55999755859376,19.059999465942383,84.41557312011719,61.154327392578125,67079.0,158001.0,,,12574700.0
2014-04-04,444.36,5006860589.2054,62248166.3104112,11304.2,1.3723821640014648,0.0096250092610716,0.0070099998265504,155.27532958984375,79.47118377685547,25.130783081054688,40.31807327270508,29.36000061035156,125.56999969482422,19.15999984741211,83.9286117553711,61.1995964050293,65692.0,154707.0,,,12606250.0
2014-04-11,435.14,6119726089.12815,70033319.3285708,11381.4,1.3886381387710571,0.0098638786002993,0.0071000000461936,151.2018585205078,77.3917236328125,24.345441818237305,38.440879821777344,28.2450008392334,126.93000030517578,19.190000534057617,85.6851806640625,61.569557189941406,65732.0,148338.0,,,12633550.0
2014-04-18,485.52,6978842649.59238,44139392.7969373,11405.1,1.3812155723571775,0.0097615262493491,0.0070699998177587,155.2670135498047,79.31478881835938,24.69040870666504,39.76155471801758,28.78499984741211,124.75,18.8799991607666,85.15896606445312,61.39592361450195,56996.0,128648.0,,,12663825.0
2014-04-25,464.49,6978842649.59238,75577342.2532206,11344.5,1.3832024335861206,0.009774980135262,0.0070699998177587,155.18370056152344,79.30558013916016,24.756458282470703,39.27149200439453,28.795000076293945,125.43000030517578,18.940000534057617,86.14952087402344,61.546871185302734,72650.0,154706.0,,,12692825.0
2014-05-02,453.67,8000872135.96816,47711118.3628041,11220.6,1.3870972394943235,0.0097784213721752,0.0070500001311302,156.65811157226562,80.50173950195312,25.1748104095459,39.8113899230957,29.114999771118164,125.05999755859376,18.690000534057617,87.42903137207031,61.862918853759766,59981.0,122570.0,,,12721250.0
2014-05-09,445.45,8000872135.96816,36974863.9856775,11274.3,1.3844279050827026,0.0098431976512074,0.0071100001223385,156.5748748779297,79.86686706542969,25.32160758972168,39.72002410888672,29.155000686645508,124.0999984741211,18.420000076293945,86.28876495361328,61.84029006958008,66293.0,136384.0,,,12748950.0
2014-05-16,453.63,8853416309.1278,33417716.937645,11275.3,1.3716480731964111,0.0098523134365677,0.0071800001896917,156.6497802734375,80.70417785644531,25.395002365112305,39.877838134765625,29.3700008392334,124.5,18.61000061035156,88.0728530883789,62.16557693481445,65433.0,123629.0,,,12777925.0
2014-05-23,518.09,8853416309.1278,73534768.8409876,11268.0,1.3654487133026123,0.009826561436057,0.0071999998763203,158.5657196044922,82.70082092285156,25.64454841613769,40.66692352294922,29.81999969482422,124.51000213623048,18.65999984741211,87.42127990722656,62.14290237426758,72810.0,150893.0,,,12807975.0
2014-05-30,612.35,10455720138.4848,74086890.8717894,11240.7,1.360451579093933,0.0098309079185128,0.0072300001047551,160.50669860839844,84.0166015625,25.85739517211914,41.27326965332031,30.084999084472656,120.43000030517578,18.07999992370605,88.50727081298828,62.29425048828125,65127.0,127995.0,,,12835125.0
2014-06-06,650.41,11756551916.904,69799063.6904577,11335.3,1.3661948442459106,0.0097634326666593,0.0071499999612569,162.75584411621094,85.40599060058594,26.121631622314453,42.12881088256836,30.48500061035156,120.61000061035156,18.280000686645508,86.78386688232422,62.058406829833984,62342.0,143645.0,,,12864250.0
2014-06-13,610.35,11756551916.904,64309203.8149249,11353.6,1.3554543256759644,0.0098328422755002,0.0072499997913837,161.71456909179688,84.94595336914062,26.08492660522461,42.236793518066406,30.584999084472656,122.95999908447266,18.920000076293945,87.21942138671875,62.05083465576172,64739.0,146417.0,,,12891625.0
2014-06-20,590.75,13462580114.5253,47161955.5406119,11370.0,1.361136794090271,0.0098106544464826,0.0072099999524652,164.00445556640625,85.5893783569336,26.183229446411133,43.466102600097656,30.875,126.5,20.030000686645508,86.94723510742188,62.035640716552734,57381.0,133214.0,,,12922900.0
2014-06-27,602.23,13462580114.5253,53708388.2224629,11279.8,1.3613035678863523,0.0098389368504285,0.0072300001047551,163.90403747558594,86.49352264404297,25.744604110717773,42.97785568237305,30.575000762939453,126.66000366210938,20.170000076293945,88.06705474853516,62.29349899291992,62966.0,144281.0,,,12955025.0
2014-07-04,623.96,16818461371.1611,46501912.397888,11332.9,1.3610072135925293,0.0097866505384445,0.0071899998001754,165.89610290527344,88.29257202148438,26.1757869720459,43.68843078613281,31.11000061035156,127.16000366210938,20.290000915527344,86.29814910888672,61.98333740234375,59494.0,122293.0,,,12981175.0
2014-07-11,632.9,16818461371.1611,44232367.3543612,11415.5,1.360507249832153,0.0098733259364962,0.0072599998675286,164.5652618408203,87.89586639404297,25.298553466796875,42.81900787353516,30.59000015258789,128.77999877929688,20.56999969482422,88.55931091308594,62.340518951416016,59077.0,145271.0,,,13007800.0
2014-07-18,627.47,17336316978.5078,57037211.6988071,11412.4,1.3518811464309692,0.0098784938454627,0.007309999782592,165.48599243164062,88.68006896972656,25.58105087280273,43.43763732910156,30.94499969482422,126.12999725341795,20.020000457763672,89.292236328125,62.39368438720703,64062.0,141523.0,,,13035275.0
2014-07-25,600.5,17336316978.5078,46219939.8418827,11382.9,1.3464748859405518,0.0098270438611507,0.0073000001721084,165.49432373046875,89.25209045410156,25.789203643798828,43.5212516784668,31.21999931335449,125.79000091552734,19.8700008392334,90.18885040283205,62.439266204833984,61498.0,152439.0,,,13062300.0
2014-08-01,598.78,18736441558.3102,109595405.172348,11353.4,1.3389928340911863,0.0097301816567778,0.0072699999436736,161.12509155273438,87.34232330322266,24.882232666015625,43.04472351074219,30.459999084472656,124.37999725341795,19.520000457763672,89.55913543701172,62.38044738769531,67915.0,150907.0,,,13089025.0
2014-08-08,595.85,19729645940.5771,48448897.9905319,11450.8,1.3358268737792969,0.0097915381193161,0.0073299999348819,161.7445526123047,87.55452728271484,24.47335624694824,41.87435150146485,30.155000686645508,126.19000244140624,19.190000534057617,90.30963134765624,62.54034805297852,68262.0,149498.0,,,13115550.0
2014-08-15,496.45,19729645940.5771,76202505.7923246,11420.8,1.3363981246948242,0.0097564784809947,0.0073000001721084,163.82034301757812,89.8609848022461,24.94915008544922,42.45954132080078,30.674999237060547,125.4800033569336,18.86000061035156,92.02174377441406,62.806888580322266,73193.0,158933.0,,,13145700.0
2014-08-22,516.1,23844670038.8033,55191272.9953937,11431.7,1.3279330730438232,0.0096293659880757,0.0072499997913837,166.7247772216797,91.38329315185548,25.38776206970215,42.45117568969727,31.559999465942383,123.19000244140624,18.690000534057617,91.69336700439452,62.646949768066406,66998.0,156690.0,,,13175775.0
2014-08-29,512.56,23844670038.8033,141580982.639713,11373.5,1.3184958696365356,0.0096435733139514,0.007309999782592,167.9970703125,92.05680847167967,25.76691055297852,42.359222412109375,31.934999465942383,123.86000061035156,18.709999084472656,93.06929779052734,62.88298797607422,68614.0,140682.0,,,13204025.0
2014-09-05,483.65,27428630902.2579,53309885.1405317,11432.4,1.2932761907577517,0.0094713112339377,0.0073199998587369,168.3318328857422,92.15827178955078,26.183229446411133,42.5180549621582,32.36000061035156,122.05999755859376,18.420000076293945,90.68023681640624,62.64567565917969,68038.0,156320.0,,,13232150.0
2014-09-12,477.73,27428630902.2579,55343450.8740908,11485.7,1.2923569679260254,0.0093366317451,0.0072200000286102,166.67453002929688,91.7799835205078,25.9453353881836,42.3843002319336,32.189998626708984,118.37999725341795,17.889999389648438,88.8388900756836,62.233585357666016,68384.0,146245.0,,,13259775.0
2014-09-19,397.67,29829733124.0404,93546701.8621413,11506.0,1.2920063734054563,0.0091911759227514,0.0071100001223385,168.77391052246094,92.46073150634766,26.29840850830078,42.21710586547852,32.65999984741211,117.08999633789062,17.190000534057617,89.7947998046875,62.30223846435547,69437.0,143062.0,,,13289875.0
2014-09-26,404.46,34661425923.9769,49136203.6570863,11427.3,1.2757054567337036,0.0092072552070021,0.0072200000286102,166.41928100585938,91.3509750366211,25.86260986328125,42.76885223388672,32.30500030517578,117.05999755859376,16.899999618530273,90.89175415039062,62.462501525878906,72555.0,154395.0,,,13317875.0
2014-10-03,363.45,34661425923.9769,66852542.6458768,11441.2,1.2670577764511108,0.0092146359384059,0.0072699999436736,165.25885009765625,90.78688049316406,25.07365608215332,41.18048477172852,32.279998779296875,114.61000061035156,16.1200008392334,92.4536361694336,62.70784378051758,75121.0,150088.0,,,13342700.0
2014-10-10,361.71,35002482026.1332,85379578.5812858,11547.1,1.2689067125320437,0.0092738568782806,0.007309999782592,160.2301025390625,87.33740234375,24.292217254638672,39.98504257202149,31.14999961853028,117.58999633789062,16.639999389648438,94.29959106445312,63.136024475097656,81058.0,171643.0,,,13369325.0
2014-10-17,380.48,35002482026.1332,57282139.2237851,11547.5,1.280442476272583,0.009398054331541,0.0073400000110268,158.48939514160156,86.00569152832031,24.081836700439453,38.99856948852539,30.655000686645508,118.98999786376952,16.579999923706055,95.1007308959961,63.39601516723633,70839.0,157606.0,,,13394825.0
2014-10-24,355.1,35985640265.0762,61860909.7287385,11560.2,1.2654062509536743,0.0092454766854643,0.007309999782592,165.1831512451172,91.20303344726562,24.73553276062012,40.20240020751953,31.70499992370605,118.3499984741211,16.5,94.0403060913086,63.204864501953125,77906.0,158148.0,,,13421225.0
2014-10-31,337.87,35985640265.0762,46581876.0046489,11516.3,1.2613362073898315,0.0091564189642667,0.0072599998675286,169.58119201660156,93.77395629882812,25.464374542236328,43.119964599609375,32.91999816894531,112.66000366210938,15.5,93.6711654663086,62.97544097900391,85703.0,170099.0,,,13448475.0
2014-11-07,341.87,39603666252.4184,67166981.0008896,11565.7,1.238006830215454,0.0086823645979166,0.0070099998265504,170.99395751953125,93.95890045166016,25.32913017272949,41.43128204345703,33.21500015258789,112.97000122070312,15.100000381469728,94.29322814941406,63.07736587524414,84866.0,163758.0,,,13475650.0
2014-11-14,396.53,39603666252.4184,91575608.7889485,11612.1,1.2475982904434204,0.0086337896063923,0.0069200000725686,171.75083923339844,95.4570541381836,25.35918617248535,42.04991149902344,33.20500183105469,114.47000122070312,15.630000114440918,94.08845520019533,63.03140258789063,86307.0,196365.0,,,13501275.0
2014-11-21,351.77,40300030327.8914,54173594.573146,11633.7,1.2545005083084106,0.0084576606750488,0.0067400000989437,173.80264282226562,96.05818176269533,26.14813041687012,41.64863967895508,33.904998779296875,115.38999938964844,15.789999961853027,94.56881713867188,63.177001953125,82179.0,171057.0,,,13526125.0
2014-11-28,377.59,40300030327.8914,178168183.033217,11571.1,1.246199131011963,0.0084860827773809,0.0068100001662969,174.23989868164062,98.03726196289062,26.32847023010254,41.70714569091797,33.849998474121094,112.11000061035156,14.829999923706056,96.45073699951172,63.498802185058594,85912.0,177683.0,,,13551150.0
2014-12-05,377.63,40007470271.2713,85671833.1399058,11659.8,1.2386661767959597,0.0083464095368981,0.0067400000989437,174.91265869140625,97.45459747314452,26.576414108276367,42.02481842041016,34.21500015258789,114.43000030517578,15.609999656677246,95.56452178955078,63.173301696777344,90900.0,194196.0,,,13576525.0
2014-12-12,353.4,40007470271.2713,59041404.3351186,11715.7,1.2394952774047852,0.0084028672426939,0.0067799999378621,168.9336700439453,94.94841766357422,25.0811767578125,40.9129753112793,32.560001373291016,117.41000366210938,16.299999237060547,99.67621612548828,63.6492805480957,81297.0,190237.0,,,13601525.0
2014-12-19,317.78,39457671307.1387,62811446.476205,11755.5,1.229044795036316,0.0084077417850494,0.0068399999290704,174.62660217285156,96.83381652832033,25.84492301940918,41.36886596679688,33.91999816894531,114.7699966430664,15.390000343322754,99.33683013916016,63.564884185791016,95405.0,189380.0,,,13625650.0
2014-12-26,329.98,39457671307.1387,38348315.7489234,11774.6,1.2210012674331665,0.0083077177405357,0.006800000090152,176.25010681152344,97.50216674804688,26.00338554382324,41.50358581542969,34.369998931884766,114.83000183105467,15.350000381469728,98.39244079589844,63.3343620300293,76198.0,162298.0,,,13651725.0
2015-01-02,315.21,40640955016.5765,41275152.0276008,11789.7,1.2089413404464722,0.008342370390892,0.0068999999202787,173.70492553710938,95.55284881591795,25.80718994140625,40.58577346801758,34.25,114.08000183105467,15.109999656677246,100.69392395019533,63.7508659362793,79287.0,179406.0,,,13679775.0
2015-01-09,287.97,40640955016.5765,68712674.598593,11820.4,1.1796069145202637,0.0083478027954697,0.0070799998939037,172.7071990966797,95.2558135986328,25.63364028930664,40.088966369628906,34.415000915527344,117.26000213623048,15.770000457763672,103.65969848632812,64.16738891601562,102275.0,202190.0,,,13706650.0
2015-01-16,206.92,43971662056.0896,64405414.9775227,11797.6,1.1637378931045532,0.0086110392585396,0.0074000000022351,170.49180603027344,93.58499145507812,26.6523380279541,40.78786087036133,35.064998626708984,122.5199966430664,16.950000762939453,105.33634185791016,64.55304718017578,104699.0,209325.0,,,13731800.0
2015-01-23,232.17,43971662056.0896,52856533.2185698,11752.4,1.1346745491027832,0.0084209814667701,0.007420000154525,173.3159637451172,96.77811431884766,28.003074645996094,41.41095733642578,36.71500015258789,124.2300033569336,17.510000228881836,106.5859375,64.58393859863281,92011.0,178774.0,,,13755825.0
2015-01-30,231.84,41272873894.697,57632534.9175185,11677.4,1.13355553150177,0.0084568029269576,0.0074599999934434,168.64845275878906,93.84490203857422,27.90496826171875,41.47831726074219,36.11000061035156,123.4499969482422,16.540000915527344,109.36190795898438,65.06212615966797,81199.0,161500.0,,,13780650.0
2015-02-06,222.96,41272873894.697,46722749.6322087,11778.6,1.147196888923645,0.0085081038996577,0.007420000154525,173.80641174316406,95.72921752929688,28.30490493774414,42.034061431884766,36.97499847412109,118.63999938964844,16.030000686645508,103.78206634521484,64.25060272216797,85705.0,201370.0,,,13808200.0
2015-02-13,236.17,44455415962.3438,55861344.6781028,11811.8,1.140393853187561,0.008409297093749,0.0073699997738003,177.3831787109375,99.23795318603516,28.591651916503903,43.04449462890625,37.23500061035156,117.9800033569336,16.540000915527344,101.58692932128906,63.995567321777344,113660.0,274903.0,,,13833675.0
2015-02-20,244.52,44455415962.3438,43621202.084472,11854.8,1.1366735696792605,0.0084042092785239,0.0073899999260902,178.61769104003906,100.63031768798828,29.05950736999512,44.21491241455078,37.60499954223633,115.27999877929688,15.539999961853027,100.27938842773438,63.87960815429688,98714.0,196964.0,,,13861100.0
2015-02-27,253.47,46684376316.8603,60598285.2499676,11840.5,1.1205360889434814,0.0083768228068947,0.0074800001457333,178.12728881835938,100.62104034423828,29.791467666625977,44.50120162963867,38.39500045776367,116.16000366210938,15.869999885559082,102.64885711669922,64.21196746826172,101474.0,198801.0,,,13886725.0
2015-03-06,272.56,46684376316.8603,56320379.0181381,11918.4,1.1032048463821411,0.0083302091807127,0.0075500002130866,175.4552764892578,99.70207214355467,29.965011596679688,44.47594451904297,39.03499984741211,111.86000061035156,15.1899995803833,98.06102752685548,63.59403991699219,93869.0,190781.0,,,13912175.0
2015-03-13,287.21,47427554950.6483,59802106.9269077,11946.9,1.0626314878463743,0.0082427999004721,0.007759999949485,174.04315185546875,97.7806167602539,30.214040756225582,45.056941986083984,39.61000061035156,110.87999725341795,14.899999618530272,100.61780548095705,63.97345352172852,96036.0,196893.0,,,13937750.0
2015-03-20,261.78,47427554950.6483,44070292.9946009,11979.0,1.066894292831421,0.0082807503640651,0.007759999949485,178.7100372314453,100.97338104248048,30.75889778137207,46.20210266113281,39.845001220703125,113.56999969482422,16.0,104.4210968017578,64.52325439453125,103532.0,196439.0,,,13961925.0
2015-03-27,247.21,46717549644.7064,56590863.3109001,11923.4,1.0886367559432983,0.0083904583007097,0.0077100000344216,174.74362182617188,98.17295837402344,30.131006240844727,46.09263610839844,38.845001220703125,115.05999755859376,16.219999313354492,104.06378936767578,64.41485595703125,99491.0,196455.0,,,13989225.0
2015-04-03,254.48,46717549644.7064,43313511.1191549,11960.9,1.087074637413025,0.0083544282242655,0.0076799998059868,175.33819580078125,97.80081176757812,30.36551284790039,45.957916259765625,39.16999816894531,115.27999877929688,16.020000457763672,104.01905059814452,64.73355102539062,104546.0,194634.0,,,14015150.0
2015-04-10,234.73,49446390688.2414,58927562.6858182,12113.2,1.0669056177139282,0.0082953125238418,0.0077800001017749,178.395751953125,100.2477035522461,31.4548568725586,46.64838409423828,40.81999969482422,115.97000122070312,15.770000457763672,103.13582611083984,64.60932922363281,112826.0,218653.0,,,14039875.0
2015-04-17,222.59,49446390688.2414,48701905.046679,12091.5,1.0755579471588137,0.0084002558141946,0.0078099998645484,176.6206512451172,98.62886810302734,30.74376106262207,46.76626586914063,39.880001068115234,115.5999984741211,15.5600004196167,104.59193420410156,64.89653015136719,102755.0,193199.0,,,14063850.0
2015-04-24,231.09,47610564513.4713,46963462.4005659,12034.3,1.0815019607543943,0.0083632320165634,0.0077300001867115,179.7632598876953,102.84342193603516,31.28086471557617,48.18087005615234,40.3650016784668,113.0500030517578,15.0600004196167,102.6982650756836,64.73355102539062,108776.0,204006.0,,,14088950.0
2015-05-01,233.21,47610564513.4713,47700399.952962,11852.8,1.1214659214019775,0.0083715636283159,0.0074599999934434,178.97335815429688,101.45718383789062,30.32013511657715,47.09465408325195,38.8849983215332,113.08000183105467,15.470000267028809,98.86663818359376,64.15800476074219,99560.0,188699.0,,,14114100.0
2015-05-08,243.74,47643398017.8034,52228898.429844,11898.0,1.1246949434280396,0.0083535909652709,0.0074300002306699,179.73773193359375,101.12224578857422,30.660533905029297,47.70090866088867,39.084999084472656,113.97000122070312,15.760000228881836,97.6786651611328,64.08804321289062,109145.0,258964.0,,,14139650.0
2015-05-15,237.2,47643398017.8034,45480048.4066938,11904.9,1.1404979228973389,0.008389894850552,0.0073600001633167,180.43418884277344,101.95027923583984,30.54707717895508,48.78712844848633,38.540000915527344,117.52999877929688,16.75,96.94509887695312,64.02581787109375,105160.0,209511.0,,,14165375.0
2015-05-22,240.37,48807487244.6814,64762785.3179089,11919.2,1.1111851930618286,0.0082617998123168,0.0074300002306699,180.90133666992188,102.77830505371094,31.41703987121582,48.44189453125,39.98500061035156,115.5999984741211,16.34000015258789,95.9963150024414,63.8158073425293,102770.0,208304.0,,,14190750.0
2015-05-29,237.03,48807487244.6814,59936779.1702219,11873.4,1.0960345268249512,0.0080762393772602,0.0073699997738003,179.3300323486328,102.3875732421875,30.81184768676757,47.2883186340332,39.54999923706055,114.0999984741211,15.989999771118164,97.83812713623048,64.0335693359375,124052.0,243480.0,,,14214925.0
2015-06-05,225.29,47589591153.625,53499853.6065241,11932.7,1.120787262916565,0.0080398777499794,0.0071700001135468,178.16648864746094,101.68975830078124,30.017528533935547,47.2041130065918,38.744998931884766,112.23999786376952,15.390000343322754,93.96605682373048,63.26681900024414,110201.0,223180.0,,,14239600.0
2015-06-12,230.46,47589591153.625,55260658.588753,11969.8,1.1240627765655518,0.008091858588159,0.0071999998763203,178.3702392578125,101.17805480957033,30.146148681640625,46.86730194091797,38.40999984741211,113.2300033569336,15.25,94.24571228027344,63.27457809448242,126945.0,248877.0,,,14266625.0
2015-06-19,244.13,49692386354.8938,119674984.776515,11985.5,1.1370742321014404,0.0081299487501382,0.0071499999612569,179.9207000732422,102.47383880615234,29.864124298095703,46.73258209228516,38.415000915527344,115.12000274658205,15.420000076293944,95.1485595703125,63.60188293457031,125222.0,253777.0,,,14292375.0
2015-06-26,242.95,49692386354.8938,62482074.0303431,11930.0,1.1202975511550903,0.0080907456576824,0.0072200000286102,179.0758056640625,101.89567565917967,30.72875022888184,47.76422119140625,39.040000915527344,112.55999755859376,15.109999656677246,92.0722885131836,63.06415939331055,116432.0,248150.0,,,14317700.0
2015-07-03,255.4,49402014931.2275,63706885.8204479,11947.4,1.1086965799331665,0.0081261834129691,0.0073299999348819,176.93357849121094,100.66475677490234,29.688138961791992,47.0278205871582,38.42499923706055,111.76000213623048,14.949999809265137,92.89156341552734,63.32366180419922,129719.0,252129.0,8307.0,103.0,14342825.0
2015-07-10,283.62,49402014931.2275,121962200.389398,12080.6,1.1063048839569092,0.0082169268280267,0.0074300002306699,177.0786590576172,100.385009765625,30.101322174072266,46.08827590942383,38.31499862670898,111.48999786376952,14.880000114440918,92.9316635131836,63.27682113647461,193020.0,266692.0,8269.0,100.0,14369250.0
2015-07-17,279.62,51076366303.4819,68372780.0203088,12035.2,1.0886012315750122,0.0080548375844955,0.0074000000022351,181.3459930419922,105.92414093017578,31.425046920776367,47.18018341064453,40.165000915527344,108.6500015258789,14.229999542236328,95.06974792480467,63.43299102783203,116906.0,205768.0,7071.0,92.0,14394475.0
2015-07-24,288.37,51076366303.4819,78120284.9283013,11998.6,1.0989010334014893,0.0080725885927677,0.0073500000871717,177.5224609375,103.60218811035156,30.56041717529297,46.51150131225586,39.119998931884766,105.3499984741211,14.020000457763672,97.20784759521484,63.67502975463867,109918.0,217965.0,7723.0,81.0,14420650.0
2015-07-31,283.73,52278304845.5917,68347424.7711883,11949.6,1.0939244031906128,0.0080599011853337,0.0073699997738003,179.65615844726562,104.39480590820312,30.71344566345215,46.93471908569336,39.275001525878906,104.93000030517578,14.079999923706056,98.12074279785156,63.8780403137207,147503.0,253234.0,7078.0,139.0,14446150.0
2015-08-07,277.89,52278304845.5917,60380400.5903396,12034.7,1.0927051305770874,0.0080170603469014,0.0073400000110268,177.4797821044922,102.86547088623048,30.72875022888184,47.053218841552734,39.01499938964844,104.6500015258789,14.109999656677246,99.78765106201172,63.87729263305664,111345.0,225700.0,7736.0,111.0,14471450.0
2015-08-14,265.03,52699842409.347,78501748.7970648,12063.6,1.1160963773727417,0.0080409767106175,0.0071999998763203,178.73440551757812,103.05199432373048,29.978893280029297,47.08706665039063,38.41999816894531,106.8499984741211,14.550000190734863,99.4826431274414,63.80684280395508,111255.0,227327.0,7164.0,124.0,14497625.0
2015-08-21,232.4,52699842409.347,79378416.372664,12096.8,1.1236965656280518,0.0081024141982197,0.0072099999524652,168.8426513671875,95.48931884765624,27.974184036254883,44.12456130981445,35.875,111.12999725341795,14.609999656677246,101.44085693359376,64.19026184082031,113792.0,238831.0,9526.0,140.0,14523475.0
2015-08-28,231.64,54256630327.89,81628861.211412,12041.3,1.1247961521148682,0.0082642575725913,0.0073500000871717,170.08018493652344,98.4919891357422,28.27259635925293,44.979454040527344,36.38999938964844,108.6999969482422,13.920000076293944,98.19860076904295,63.80684280395508,120547.0,243645.0,7371.0,101.0,14549350.0
2015-09-04,230.25,56957648455.01,59716732.8159282,12076.4,1.1125946044921875,0.008329446427524,0.0074900002218782,164.37042236328125,95.2655029296875,27.37736701965332,43.31198120117188,35.23500061035156,107.48999786376952,13.920000076293944,98.6691665649414,64.03288269042969,103973.0,217670.0,6925.0,139.0,14576425.0
2015-09-11,239.9,56957648455.01,62983485.718163,12161.1,1.1290887594223022,0.0082905674353241,0.0073400000110268,167.91233825683594,98.44540405273438,27.56099510192871,42.48247146606445,35.084999084472656,106.16000366210938,13.949999809265137,97.63162994384766,63.8603744506836,180002.0,276094.0,7807.0,89.0,14602850.0
2015-09-18,232.21,59335351233.8666,77052107.6594763,12187.3,1.1400948762893677,0.0083301402628421,0.007309999782592,167.67857360839844,98.479248046875,27.49504280090332,41.95768737792969,35.28499984741211,109.20999908447266,14.470000267028809,98.2026596069336,64.11123657226562,161504.0,259008.0,9291.0,86.0,14628625.0
2015-09-25,235.03,59335351233.8666,71300659.2032612,12133.7,1.1178929805755615,0.0083167003467679,0.0074399998411536,165.44802856445312,96.20772552490234,27.11617660522461,42.626373291015625,35.220001220703125,109.80999755859376,14.399999618530272,97.75226593017578,63.899559020996094,128166.0,243983.0,9114.0,94.0,14653725.0
2015-10-02,236.71,60813224039.4403,79790000.4502524,12074.0,1.1193444728851318,0.0083465492352843,0.0074499999172985,167.2925567626953,97.2266082763672,27.08524513244629,42.53326416015625,34.654998779296875,108.98999786376952,14.550000190734863,100.38919067382812,64.51480102539062,139746.0,256031.0,6633.0,106.0,14679925.0
2015-10-09,244.04,60813224039.4403,70986637.546174,12171.1,1.1286935806274414,0.0083382669836282,0.0073899999260902,172.7230987548828,99.58228302001952,28.18319129943848,44.19227600097656,36.255001068115234,110.87000274658205,15.119999885559082,98.55167388916016,64.23983001708984,114644.0,209703.0,6977.0,103.0,14704725.0
2015-10-16,262.87,60883825480.0983,92178834.855836,12160.6,1.1368157863616943,0.0083998320624232,0.0073899999260902,174.38743591308594,101.06861877441406,28.229585647583008,44.59855651855469,36.400001525878906,112.48999786376952,15.279999732971191,99.88146209716795,64.47550964355469,143286.0,273117.0,6956.0,125.0,14730900.0
2015-10-23,276.92,60883825480.0983,89254755.0732903,12167.4,1.108094573020935,0.0082740364596247,0.0074700000695884,178.02496337890625,105.4246597290039,29.366191864013672,45.741241455078125,38.084999084472656,111.5,15.119999885559082,99.29315185546876,64.436279296875,143468.0,281026.0,8024.0,82.0,14756275.0
2015-10-30,327.12,62253982449.7608,185467981.040206,12132.9,1.099384307861328,0.0082644624635577,0.0075199999846518,178.38528442382812,105.93880462646484,29.250215530395508,45.30109405517578,38.150001525878906,109.3000030517578,14.800000190734863,98.95459747314452,64.25558471679688,166695.0,308255.0,9029.0,92.0,14783075.0
2015-11-06,369.81,62253982449.7608,207224284.97322,12249.4,1.0883997678756714,0.0082189533859491,0.0075500002130866,180.19549560546875,107.30358123779295,29.5517578125,45.80049133300781,38.994998931884766,104.0999984741211,14.079999923706056,96.1171646118164,63.6879768371582,166893.0,358682.0,11448.0,102.0,14809425.0
2015-11-13,333.77,65848255179.7026,148572855.32834,12291.9,1.0815019607543943,0.0081592686474323,0.0075400001369416,173.7611541748047,102.6764144897461,28.770824432373047,45.62274169921875,38.06999969482422,103.55999755859376,13.59000015258789,96.6664047241211,63.837528228759766,154827.0,298854.0,8749.0,106.0,14836300.0
2015-11-20,321.12,65848255179.7026,131609165.710544,12323.5,1.0726161003112793,0.0081359017640352,0.0075799999758601,179.56919860839844,107.0137939453125,29.690937042236328,46.41838836669922,39.459999084472656,103.08999633789062,13.5,97.288330078125,63.94776153564453,155774.0,301700.0,8254.0,102.0,14863300.0
2015-11-27,359.52,72722780642.5472,159593521.58968,12270.8,1.0604453086853027,0.0081543456763029,0.0076899998821318,179.7837371826172,106.85486602783205,29.861047744750977,46.19831848144531,39.6150016784668,101.25,13.460000038146973,97.70831298828124,64.0343246459961,160235.0,296759.0,7169.0,90.0,14891350.0
2015-12-04,361.67,72722780642.5472,128025092.269738,12304.6,1.0915957689285278,0.0081530818715691,0.0074700000695884,179.83518981933594,107.63075256347656,28.85588264465332,45.61427307128906,38.27000045776367,104.0199966430664,13.869999885559082,97.599853515625,63.92158126831055,173586.0,329534.0,8029.0,127.0,14918550.0
2015-12-11,449.83,79102380900.226,215352465.447992,12369.4,1.0948106050491333,0.0082162516191601,0.0074999998323619,173.19493103027344,103.56446075439452,27.719274520874023,44.05683898925781,36.77999877929688,103.11000061035156,13.300000190734863,100.17379760742188,64.18982696533203,210259.0,381204.0,15030.0,135.0,14948550.0
2015-12-18,463.18,79102380900.226,193528623.313791,12406.6,1.0844104290008545,0.0081665990874171,0.0075300000607967,172.62049865722656,102.98064422607422,28.16677665710449,44.6154899597168,37.345001220703125,102.04000091552734,13.43000030517578,99.74481964111328,64.02413940429688,213847.0,382615.0,8657.0,90.0,14977775.0
2015-12-25,454.05,93448670796.3238,154893854.110423,12461.7,1.0969964265823364,0.0083215441554784,0.0075799999758601,177.5052032470703,105.56851959228516,28.524188995361328,44.792022705078125,37.810001373291016,103.0500030517578,13.6899995803833,98.8184051513672,63.92174911499024,180383.0,328222.0,6632.0,51.0,15004725.0
2016-01-01,433.99,103880340815.456,58346264.6538702,12453.0,1.0859060287475586,0.0083133811131119,0.0076500000432133,175.943115234375,104.88400268554688,28.671836853027344,44.80908584594727,38.05500030517578,101.45999908447266,13.1899995803833,97.80450439453124,63.89010238647461,124092.0,263121.0,6245.0,62.0,15032925.0
2016-01-08,452.87,103880340815.456,137339885.7516,12486.2,1.0925976037979126,0.0085077416151762,0.0077900001779198,165.6300506591797,97.5235595703125,26.54281616210937,42.472259521484375,35.369998931884766,105.68000030517578,13.300000190734863,100.0594253540039,64.30936431884766,181407.0,339456.0,8982.0,98.0,15060150.0
2016-01-15,372.26,113354299801.471,152176114.997456,12541.3,1.085894227027893,0.0084600215777754,0.0077900001779198,162.08306884765625,94.55126953125,25.67256164550781,41.27825927734375,34.20500183105469,104.08000183105467,13.239999771118164,101.9979476928711,64.39639282226562,183642.0,334141.0,10379.0,79.0,15086875.0
2016-01-22,382.65,113354299801.471,134482253.931663,12497.2,1.0862009525299072,0.0084800375625491,0.0078099998645484,164.421875,97.29855346679688,26.30193901062012,41.772911071777344,35.02000045776367,105.0,13.380000114440918,101.66541290283205,64.3251953125,213683.0,398872.0,8986.0,72.0,15113475.0
2016-01-29,380.29,120033340651.237,195006394.183946,12412.0,1.0936970710754397,0.0084083070978522,0.0076899998821318,167.18348693847656,97.63609313964844,26.63606071472168,42.13964080810547,35.470001220703125,106.9499969482422,13.59000015258789,103.25523376464844,64.65748596191406,224394.0,410455.0,9933.0,91.0,15142025.0
2016-02-05,386.46,120033340651.237,171663926.780691,12454.7,1.119996428489685,0.0085568092763423,0.0076399999670684,162.20391845703125,92.00091552734376,25.369531631469727,40.75801467895508,33.845001220703125,112.31999969482422,14.34000015258789,104.60501861572266,64.77960205078125,225488.0,419711.0,7286.0,89.0,15173125.0
2016-02-12,384.04,144116447847.349,124601290.486344,12467.4,1.1317979097366333,0.0088891256600618,0.0078499997034668,161.0647430419922,91.90711212158205,24.35163116455078,38.35296249389648,32.79499816894531,118.36000061035156,14.989999771118164,106.86420440673828,65.00952911376953,202527.0,399936.0,8265.0,73.0,15203800.0
2016-02-19,419.98,163491654908.959,164176823.180537,12533.9,1.1110987663269043,0.0088300220668315,0.00793999992311,165.6990966796875,95.2919921875,25.470537185668945,40.05868148803711,34.279998779296875,117.58000183105467,14.640000343322754,106.4660186767578,65.0333023071289,217436.0,408091.0,15488.0,98.0,15230825.0
2016-02-26,427.32,163491654908.959,161556646.617677,12520.9,1.1024993658065796,0.0088403262197971,0.0080199996009469,168.36582946777344,96.979736328125,25.87458038330078,41.15033721923828,35.345001220703125,117.11000061035156,14.020000457763672,105.9784164428711,65.1680679321289,203635.0,391078.0,8563.0,78.0,15254675.0
2016-03-04,409.48,163491654908.959,177618220.523574,12549.1,1.094894528388977,0.0087973959743976,0.0080300001427531,172.9742889404297,99.08004760742188,26.713764190673828,42.82193374633789,36.26499938964844,120.54000091552734,14.760000228881836,104.70580291748048,64.94949340820312,207485.0,377324.0,8221.0,87.0,15279725.0
2016-03-11,419.11,158427203767.392,142675662.970307,12647.2,1.1178430318832395,0.0088605349883437,0.0079300003126263,174.98516845703125,99.84891510009766,26.72152709960937,43.00102615356445,36.095001220703125,119.41000366210938,14.720000267028809,103.69619750976562,64.91775512695312,189816.0,353190.0,7550.0,87.0,15306425.0
2016-03-18,408.16,165496835118.226,140011959.369272,12671.0,1.1317979097366333,0.0089806914329528,0.0079300003126263,177.29298400878906,100.9726791381836,26.70787239074707,42.668418884277344,36.19499969482422,119.8000030517578,15.029999732971191,105.0802764892578,65.45001220703125,206022.0,368378.0,7261.0,112.0,15331900.0
2016-03-25,415.71,165496835118.226,134672579.091353,12673.3,1.1167943477630615,0.0088628912344574,0.00793999992311,176.19996643066406,100.86922454833984,26.17776870727539,42.13964080810547,35.880001068115234,116.33000183105467,14.43000030517578,105.47107696533205,65.37850189208984,172309.0,332910.0,7324.0,76.0,15357175.0
2016-04-01,415.64,166851513282.777,134537500.663416,12723.6,1.1379671096801758,0.008890469558537,0.0078099998645484,179.496337890625,103.7845458984375,26.06083106994629,41.46588516235352,35.755001068115234,116.93000030517578,14.34000015258789,106.61968231201172,65.85767364501953,211922.0,388740.0,7467.0,93.0,15383300.0
2016-04-08,417.69,166851513282.777,138824288.075815,12814.2,1.1373976469039917,0.0092227952554821,0.00810999982059,177.39707946777344,102.50557708740234,25.98287582397461,42.05435180664063,35.61000061035156,118.43000030517578,14.619999885559082,107.7048110961914,66.10446166992188,214191.0,369066.0,8760.0,99.0,15409350.0
2016-04-15,428.67,178678307671.688,136158701.120764,12828.9,1.1270017623901367,0.0091477911919355,0.0081200003623962,180.24240112304688,104.04784393310548,26.94173622131348,43.76860046386719,36.79499816894531,117.91999816894533,15.460000038146973,107.59877014160156,66.12832641601562,212178.0,368762.0,7162.0,101.0,15436925.0
2016-04-22,445.28,178678307671.0,151831375.296929,12839.9,1.12920343875885,0.0091376779600977,0.0080899996683001,181.2747039794922,102.48675537109376,27.39388465881348,45.201393127441406,37.275001525878906,117.88999938964844,16.139999389648438,104.72686767578124,65.85767364501953,210976.0,360541.0,9665.0,94.0,15462900.0
2016-04-29,454.98,178659257772.0,134148664.050803,12683.1,1.135589361190796,0.0092527484521269,0.0081500001251697,178.9844970703125,99.42097473144533,26.879371643066406,42.3187370300293,36.05500030517578,123.6500015258789,16.979999542236328,105.5590591430664,66.04869842529297,261884.0,432470.0,7765.0,87.0,15487300.0
2016-05-06,459.56,178659257772.0,150035773.319432,12699.2,1.1406019926071167,0.0093218358233571,0.0081700002774596,178.4553680419922,99.28932189941406,26.23233795166016,42.94132614135742,35.70500183105469,123.18000030517578,16.6299991607666,106.64634704589844,66.22734832763672,233232.0,374471.0,17048.0,89.0,15514625.0
2016-05-13,455.41,194254820283.0,141919599.102058,12719.6,1.1376951932907104,0.009165902622044,0.0080599999055266,177.62261962890625,99.21407318115234,26.48958969116211,42.87309265136719,36.3849983215332,121.70999908447266,16.280000686645508,108.1424331665039,66.3709716796875,232146.0,379120.0,9489.0,78.0,15541400.0
2016-05-20,442.11,194254820283.0,154720930.825756,12735.6,1.1205987930297852,0.0091007547453045,0.0081200003623962,178.25587463378906,100.12628936767578,26.84039306640625,43.188663482666016,36.595001220703125,119.70999908447266,15.6899995803833,106.40110778808594,65.94022369384766,209396.0,352825.0,8393.0,104.0,15566075.0
2016-05-27,474.05,199312067531.0,300392313.16427,12689.0,1.1192066669464111,0.0091146901249885,0.0081399995833635,182.3763885498047,103.56822967529295,27.79925537109375,43.42745590209961,37.595001220703125,115.62000274658205,15.390000343322754,106.15581512451172,65.98807525634766,215296.0,407025.0,7843.0,82.0,15592675.0
2016-06-03,567.03,199312067531.0,160601009.468127,12676.4,1.115200161933899,0.009186110459268,0.0082400003448128,182.41102600097656,103.50241088867188,27.13662338256836,43.538330078125,36.88999938964844,118.87999725341795,15.609999656677246,109.14295196533205,66.61064147949219,234669.0,406598.0,9507.0,88.0,15617025.0
2016-06-10,577.89,196061423939.0,235509132.260322,12789.9,1.131503343582153,0.0093379402533173,0.0082499999552965,182.2288818359375,102.4491195678711,26.505184173583984,43.15453338623047,36.90999984741211,121.73999786376952,16.489999771118164,110.4127426147461,66.72248077392578,228367.0,409704.0,8527.0,77.0,15643325.0
2016-06-17,743.9,196061423939.0,313165865.407592,12829.4,1.1252011060714722,0.0095471777021884,0.0084899999201297,180.08096313476562,100.4118423461914,25.93343734741211,42.69400024414063,36.244998931884766,123.9499969482422,16.600000381469727,111.09269714355467,66.85836791992188,253752.0,456749.0,10851.0,73.0,15669450.0
2016-06-24,656.89,209453158595.0,218477120.167494,12797.6,1.1324002742767334,0.0095332516357302,0.0084100002422928,177.220947265625,98.33740234375,25.56985092163086,42.49466323852539,36.525001525878906,126.0,16.889999389648438,111.23190307617188,66.89832305908203,237625.0,437712.0,19135.0,90.0,15695600.0
2016-07-01,674.57,209453158595.0,194741108.922565,12727.5,1.1106051206588743,0.0097018619999289,0.008729999884963,183.04574584960932,101.91107940673828,26.49462890625,43.0962028503418,37.31499862670898,128.41000366210938,18.739999771118164,115.36771392822266,67.56525421142578,205801.0,369568.0,8764.0,70.0,15721950.0
2016-07-08,662.78,213398925331.0,190072668.311984,12857.6,1.1065741777420044,0.0099216187372803,0.0089600002393126,185.4262237548828,104.00436401367188,26.12313461303711,43.39697265625,37.72999954223633,130.52000427246094,19.21999931335449,117.85452270507812,67.98172760009766,210701.0,363255.0,8771.0,52.0,15747475.0
