Date,JPY_EUR,BTC_PageViews,Crypto_PageViews,BTC_Supply,BTC_USD,Mining_Difficulty,USD_OnChain_Volume,M2_Liquidity,EUR_USD,JPY_USD,SPY,QQQ,EXSA,JPXN,IWDA,GLD,SLV,TLT,BND,Nr_Transactions,Nr_Addresses
2020-01-03,0.0082430001348257,14060.0,17.0,18139687.5,0.004767216469845015,0.04021697905665627,0.3276499651111523,0.0026888363238103674,0.06242219205925659,0.050119091796636706,-0.0034284285157379357,0.004667263038894698,-0.015513385249830147,-0.026562803176021332,-0.004692622088638854,0.1279678526741941,0.04182362103029147,0.08069758443785413,0.03939453774731927,-0.038821772846298175,-0.05975497786428735
2020-01-10,0.0082170004025101,12238.0,19.0,18153312.5,0.04721753611335411,0.0,-0.16514707780812146,0.0075988852629423065,-0.05355205433669585,-0.04837912332643887,0.02514039721413347,0.034800439785757975,0.0010024099394434494,0.024218681701449696,0.036306909245007735,0.038064215948981676,0.008042874237523812,-0.030485881457446906,-0.008147767482487467,0.09705101891257628,0.24518201850664728
2020-01-17,0.0081460000947117,5454.0,16.0,18166700.0,0.03910805015527702,0.046243127673406534,0.09801695980788662,-0.007505360521244647,0.025270685852392005,-0.03302717929536869,0.04753730413852919,0.04053237363758133,0.059549656223168435,0.016405920170158517,0.04346973905801521,-0.011963070907076087,-0.011260146658927384,-0.018830773401877332,0.01901692209192274,-0.04602363153327638,-0.10359906066688396
2020-01-24,0.0082520004361867,5298.0,19.0,18179875.0,-0.02570400077272611,0.0,-0.20940008203506688,-0.010778726480665524,-0.07488610068444401,0.030789997612891196,-0.024225485185805695,-0.005567911095385902,-0.010508611798973222,-0.01718696842258871,0.008397651021169183,0.050751919162354046,0.014477419080331067,0.18201260043477596,0.07607471432412916,-0.06898083604920746,-0.10094360721580165
2020-01-31,0.0083250002935528,4956.0,26.0,18192850.0,0.050539266825458395,0.032626706969134986,0.46176580135527534,-0.02635059597334169,-0.02316267889184065,0.03375716606732003,-0.05363173447973202,-0.02972369785295409,-0.12460571888140681,-0.16172061495827317,-0.08792744814416936,0.04893978524218105,-0.014477419080331067,0.17125865265134976,0.08287584015601879,0.14026217103444494,0.13998968576911386
2020-02-07,0.0082780001685023,5221.0,23.0,18205437.5,0.025874972206437474,0.0,-0.1542464779917369,0.015034102227913404,-0.04096962323179887,-0.0543551261469422,0.07976204059597503,0.08294824743209328,0.12610762173260426,0.1531268051745518,0.11534300400796155,-0.05582766423302174,-0.04504058663570998,-0.05514688295319936,-0.018657427320850184,0.0034405087945375,0.09600737388276226
2020-02-14,0.008399000391364,4973.0,76.0,18217687.5,0.030642188676282447,0.0038148770522301034,-0.09664178665692809,0.0007949603044312414,-0.12160723889144176,0.010378145271942363,0.041138152280266294,0.044544316313638366,0.071059393918111,-0.1007822470749391,0.05606593293574613,0.04386459332594565,0.003216965605418398,0.005391681255205283,0.008170016344540842,-0.060481960157939496,-0.12750905454902683
2020-02-21,0.008275999687612,5863.0,29.0,18230337.5,-0.03677606641170246,0.0,-0.15455745720452468,0.007294929852424359,-0.05147685270534996,-0.10660473489226582,-0.0313860670981454,-0.03578277811092151,-0.023520680359604085,-0.16015721616370465,-0.03112039636030728,0.20663360395305902,0.11581935264264898,0.15671555321917818,0.07351609518799296,0.08468839703379194,0.03900606487117264
2020-02-28,0.0082879997789859,5760.0,14.0,18243037.5,-0.054320622041176214,-0.002830278196898392,0.24601106338128595,-0.015151008155035589,0.18573636630580337,0.11146186909877784,-0.28355097097545845,-0.2003695313561619,-0.5049282677842062,-0.3171895881728344,-0.3825825840128996,-0.22910937484575405,-0.2815050471451206,0.3264652685771976,0.130695670665123,0.2055157892229036,0.13210335278014607
2020-03-06,0.0083839995786547,6136.0,62.0,18256825.0,0.02448555175650466,0.0,-0.07619142266533765,0.03752680260622282,0.20117391928799133,0.17468683451630712,0.009141645511804214,0.018178139880634325,-0.09407929732248607,-0.017968667819872386,-0.04766847035059221,0.33242645339949967,0.10455905257572873,0.5256755520520828,0.18729560473612583,-0.20620525626307873,-0.03480462824651498
2020-03-13,0.0085460003465414,8899.0,30.0,18269225.0,-0.1958294589483449,0.050426025404432556,0.4379370522371911,0.03175164980638648,-0.03454718636252696,0.08791007365645867,-0.21437669501231552,-0.1283937255774975,-0.6545559278546771,-0.5406286425495912,-0.3489923568002532,-0.5173094719205922,-0.40054136539318774,-0.5769855321763688,-0.5783884438955313,-0.4204042343483864,0.18718400504903498
2020-03-20,0.0084300003945827,5774.0,17.0,18279287.5,0.03185508667192877,0.0,-0.25228824433254926,0.04528935616713636,-0.4683458115186301,-0.3423165746912419,-0.29844108948877784,-0.17719595447993902,-0.0876699943172834,-0.0609373911660529,-0.05581908175572295,-0.11491728015324129,-0.3329800252156452,0.24689040988746935,-0.21144147502771748,0.0532186638139161,-0.3215936009634087
2020-03-27,0.0082919998094439,5699.0,17.0,18290562.5,0.009789779886141936,-0.12490014871790342,-0.32548493479700324,0.08765606415621757,0.347019005280073,0.10718972429168645,0.18866385488285445,0.12278317113431375,0.20631068923581963,0.4093767231743439,0.09212617943674595,0.4400935384087522,0.29276504039605533,0.37192133602224553,0.5306412149362855,-0.054938918211184795,-0.12932058306771044
2020-04-03,0.0085330000147223,6772.0,29.0,18303437.5,0.020032523051207007,0.0,-0.08159953871097941,0.0985049341931567,-0.17830543012257494,0.056088428071333074,-0.040077482208209864,-0.015836994397794974,-0.02811070776805169,-0.29843987210053113,-0.00296391008441535,0.014500390287977616,0.003217272421403683,0.046925275756477536,0.012523767350561377,0.015134142852161636,0.06948921544661119
2020-04-10,0.0084269996732473,6461.0,35.0,18317050.0,0.007372310425711626,0.03797004428714471,0.03970318097308906,0.037129322454007185,0.07102565420247053,-0.028490594835728272,0.22996682587410627,0.14352004032660895,0.22739318504374367,0.31328402133825695,0.2089508558328919,0.21895954416771557,0.1415567649739149,-0.1400683457840537,0.20781022654206138,0.06704896305544938,0.008311933062634502
2020-04-17,0.0085289999842643,6987.0,13.0,18330812.5,0.00891660434968794,0.0,-0.010682754010636841,0.03425343664680153,-0.06119675427797233,0.03135609846578123,0.06467645680862975,0.11840953066489132,0.02359280080144774,0.03750073443431448,0.038283037737299894,-0.004350006455506872,-0.030563474371364308,0.10898958567363204,0.010933559210116073,-0.029783610854299092,0.10495225064469582
2020-04-24,0.0086169997230172,7119.0,21.0,18343775.0,0.02621858038003244,0.05881897795221294,0.3103049148859539,0.06095475040150977,-0.07230294556862782,0.014268074782860754,-0.028123329350064785,-0.011898393142196928,-0.04517735760807687,0.015624871917727729,-0.01704215322236148,0.14754343487840715,0.009651663856218518,0.1364614126388326,0.001374745476349526,0.2446106183227365,0.2241566473460227
2020-05-01,0.0085159996524453,8136.0,26.0,18356137.5,0.07325570832469777,0.0,0.028562615757240516,0.03235956062742229,0.14953198170019055,0.019726864753545632,-0.0013793444958666856,-0.00902626091298886,0.10842570106083364,-0.0054683144842930945,0.07039121568973065,-0.1036793947068938,-0.046649376254404684,-0.12034137823277069,-0.01313619655339826,0.14007103165697077,0.14403106766521312
2020-05-08,0.0086719999089837,9430.0,24.0,18369512.5,0.0543478220419939,0.00691364997852012,0.22637637296090654,0.05087745948357658,-0.09613760459096565,0.04840856723736092,0.07394841250311793,0.09945443412514143,0.02459649478436536,0.11484372019809955,0.02939149592006915,0.023200956353423674,0.08364708865259085,-0.17902948870727942,-0.0479521526886848,-0.1157007610289974,-0.035543062562363836
2020-05-15,0.0086160004138946,7443.0,29.0,18378300.0,-0.027560262053019785,0.0,-0.3789527025079067,0.032149129958602085,-0.026823118689303982,-0.052551269945607715,-0.047204676807968915,-0.01304732310017126,-0.1275005948956766,-0.025000055526306353,-0.06347561392877682,0.12724266721346544,0.17212023934527887,0.12310789060702332,0.054798947237420625,-0.0886272334910303,-0.09594553455581933
2020-05-22,0.0084809996187686,6776.0,25.0,18383475.0,-0.007824163500519982,-0.045731328923323766,-0.09788784081004998,0.03076964001856075,0.12955988563267817,-0.013730862295446629,0.07019358563304734,0.05243539075725051,0.11595490398343634,0.08750117105935482,0.06693341480925374,-0.026100591887473268,0.08525587827128489,-0.05230626074732525,0.04109599019803145,-0.21747565312772416,-0.07309772205410925
2020-05-29,0.0083809997886419,5760.0,17.0,18388975.0,0.014092931035913497,0.0,0.1286997699318087,-0.005915439912383413,0.11203125747275466,-0.000617766583244056,0.06804732958402354,0.030361678300270978,0.10190083414288564,0.23046946536590912,0.029144456304030703,-0.010875569293199328,0.09973299053563067,-0.08838934453942437,0.036984634689118945,0.014854260192288526,-0.12149245179821844
2020-06-05,0.0080770002678036,5613.0,13.0,18395462.5,0.010957714615130426,-0.06649410619488538,0.05454289619783716,0.030582590535165433,0.2297071480416763,-0.07651083577655436,0.11509852441774143,0.05194306560030121,0.25449912879264935,0.12421988052395866,0.13361979000246865,-0.1776328233771038,-0.07399542479637211,-0.32826529706483587,-0.0577814657453104,0.31484751313820375,0.1898976602195932
2020-06-12,0.008293000049889,5541.0,17.0,18402893.75,-0.00875895536535684,0.0,-0.2279764919066999,0.026140165304521346,-0.04419512785818264,0.12009504599116773,-0.1159411803218276,-0.031264509901680226,-0.20831743517991738,-0.0734380700740605,-0.1274451186536148,0.16711957023705254,0.012868782869629336,0.27949949981993694,0.061767525031080295,-0.0601269870283444,-0.029290015326185026
2020-06-19,0.0083349999040365,4801.0,22.0,18409268.75,-0.00901485741386615,0.0970853275499661,0.4285639634467424,0.020575443173505348,-0.06842662554026457,-0.010595363557986914,0.044355044763310814,0.0686006875555577,0.10723154062913204,0.030290933037871448,0.09360804026094593,0.05111478846993445,0.03378043997678237,0.004062288399309555,0.030192876799146395,0.17658547916090062,0.14144836636347558
2020-06-26,0.008314000442624,4938.0,15.0,18415693.75,-0.007980147178678593,0.0,-0.1315921552698709,-0.0022212126153215994,0.009839482288757972,-0.007751526201982925,-0.06611535031723342,-0.02955967509651608,-0.06884013877890924,-0.046419791072632666,-0.07755385706672291,0.09099113833908912,0.02252029331785499,0.1291413477236958,0.026079179304754563,-0.09393817762228052,-0.10163111502710931
2020-07-03,0.0082740001380443,5024.0,12.0,18422375.0,-0.005085289948794869,-2.491755153692654e-05,-0.3071736230055021,0.012695983685469647,0.013994118497153707,-0.017710790175520255,0.09374683970435732,0.09839464417732208,0.07947073470800328,-0.03697851626136822,0.06298153469669993,0.01595076120943484,0.012868782869629225,-0.06629544648954067,0.04286067625668455,0.00428698318049503,0.0558118113698034
2020-07-10,0.0082580000162124,5457.0,22.0,18429318.75,0.012329371799223027,0.0,0.028928551049590856,0.04281095051214545,0.04447979345677111,0.01350586637252902,0.041254011238101906,0.09683289578615273,0.0156901552348806,0.0464204422174867,0.015560292398161424,0.08011612220032205,0.11581935264264898,0.12386503331977794,0.027500764490690166,0.10230735179311956,0.07373430336087572
2020-07-17,0.0081820003688335,9131.0,18.0,18435512.5,-0.007315134913788629,0.07387535257240545,-0.052072319707524156,0.000748197933582162,0.0924655241928185,-0.002177738315190362,0.031787711485308845,-0.037401427113760044,0.05973113436762853,0.03619095656039756,0.023710715367276924,0.03371365633904255,0.0932987525088087,0.02034276677073832,0.04262881969423393,-0.355580679759245,-0.18960665162221435
2020-07-24,0.0080679999664425,6487.0,26.0,18441562.5,0.021839935350440237,0.0,0.1801264911581193,-0.023731903205804428,0.1810653107215296,0.022900140584302467,-0.0064651790062768,-0.03172986185671023,-0.059223937195024084,-0.030684224529716253,-0.045198639498253756,0.3110381841206814,0.5147516216011572,0.13380873907810242,0.04400122318510413,0.5155643387052349,0.40326516381779354
2020-07-31,0.008042000234127,6958.0,20.0,18448000.0,0.10005659076305193,-0.023575460133968967,0.2065012726283092,-0.030863164760258077,0.2451595163338339,0.1149379172207659,0.04340923701289312,0.08409191119350179,-0.10832361960457527,-0.13217784735770244,-0.0402587893575615,0.243972634441312,0.23163839846931372,0.056959135742960854,0.039878157748794996,-0.08550756579439622,-0.026376291744928837
2020-08-07,0.0079720001667737,6592.0,20.0,18454387.5,0.013938612663927333,0.0,-0.08801245824546532,0.02621030886079545,0.0037546228393754975,-0.04846578842263271,0.06195912821904892,0.04669009874828556,0.08099018615335836,0.14083221361285025,0.07804774786278451,0.19503340235356137,0.569444332317062,-0.0420836880968154,0.010882035529571121,-0.20757053753075239,-0.09451959242866281
2020-08-14,0.0079060001298785,7746.0,24.0,18461012.5,0.009475592121594593,0.0047417366769973435,0.14850040695836694,0.015548488307251196,-0.053196486897566765,-0.07419643327120941,0.017472029159710023,0.0056715652570502595,0.05011236469679348,0.16758287207926448,0.026674625451692247,-0.2998002986743318,-0.2589846004192735,-0.3032215221088519,-0.14188684827796183,0.2674586003372539,0.17710783236479122
2020-08-21,0.0079720001667737,6568.0,17.0,18467337.5,-0.013720457555328212,0.0,-0.29131692329191466,0.01627330505540836,0.05069375775012509,0.06970540354162122,0.02031916961387692,0.07981730090827133,-0.03239727290191999,-0.019669132606217943,0.012102303081669208,-0.018488080590336464,0.0514751314785189,0.13667686596375406,0.05785758027338761,-0.3507544104780189,-0.290735776818845
2020-08-28,0.0079309996217489,7097.0,18.0,18473612.5,0.0004363102171981298,0.0288641537964833,0.1863383924402392,-0.023170754755617584,-0.047965624243949775,-0.051457400878627844,0.08543339887179102,0.08762565753266216,0.041002076242037805,0.04091175675224268,0.045198639498253756,0.08555363026970575,0.11421071643194536,-0.2299032140495445,-0.07851389220082106,0.26230466355178617,0.16110599711641949
2020-09-04,0.0079589998349547,6179.0,19.0,18479768.75,-0.05927823851674506,0.0,0.1869871292861677,0.027940516582203312,0.017889486781184547,0.02905391796110095,-0.06165042015720268,-0.07356979356831939,-0.07035959022426433,0.0062946173040789866,-0.061993753104576776,-0.09969170440453512,-0.08847315069268791,0.08163465359748434,0.02518805382988054,-0.3716022554353944,-0.14617361846341537
2020-09-11,0.0079640001058578,6248.0,19.0,18486431.25,-0.003820767461800545,-0.010028115617973316,-0.3364198711573371,0.03175164980638645,-0.013670298150804023,-0.003019389730345913,-0.06549967830688541,-0.10792979949986892,0.05719771659155623,0.06451510656661796,-0.008150611405130737,0.02936364988353568,-0.02573756573925745,0.0788322323357451,0.02483792700072507,0.0685166404181985,-0.010469034290705448
2020-09-18,0.0080589996650815,5858.0,27.0,18493693.75,0.029941649879712248,0.0,0.12081607356288235,0.019640195756527867,0.021141447318219757,0.07756359447739367,-0.01605805155601714,-0.029427506407108006,0.009267369773190981,0.044846299532826484,-0.006174671348853855,0.027188646655782245,0.004825908632104303,-0.041225694891544595,-0.009660690102115899,0.11491572430008501,0.03791478263100179
2020-09-25,0.0081249997019767,5366.0,20.0,18500025.0,-0.013531722855776751,0.09312443542105536,-0.012437071252776925,-0.011082681891183888,-0.1553120690588909,-0.03982594498443694,-0.014836923056334661,0.03855189839755857,-0.13290085373681643,-0.04878019116855559,-0.014572133934007692,-0.29943742936675344,-0.5839217513973943,0.07022479560326023,-0.016556666345917348,0.19054548012286288,0.19421550028320234
2020-10-02,0.0080639999359846,4187.0,24.0,18506200.0,-0.006521338971557947,0.0,0.14234557640537998,-0.014589859704848829,0.06365186278624488,-0.005789339536384858,0.03948722442087094,0.022605598310078134,0.07230598612503958,0.008654366255147261,0.04396362985407687,0.1305051720550956,0.1335137373283984,-0.0997334969097361,0.0041464852911021755,-0.2568571912937685,-0.1889809831378495
2020-10-09,0.008012999780476,5197.0,22.0,18512662.5,0.026763690600501516,-0.0007837819404520885,-0.08670761931134108,0.033598763454916636,0.019580548589897925,-0.02532231891444512,0.10053542715637753,0.09370927055999534,0.07892672828911701,0.06058219164817058,0.06446358395691526,0.09207919310739832,0.20590083273005402,-0.12064545774808488,-0.02211888185925681,0.16315111148699246,0.09300634772229244
2020-10-16,0.0081040002405643,5117.0,27.0,18519243.75,0.014847314732061447,0.0,-0.11872934201072985,0.002946029363479652,-0.05314674978554375,0.03513880769746706,0.0034007718612868443,0.023016361642174465,-0.027497363001518588,-0.04169899088078699,0.03112039636030761,-0.10077920601841184,-0.159251303067657,0.05896162923451431,0.01797005458267531,-0.10032086754865444,-0.008468350183725715
2020-10-23,0.0080669997259974,6317.0,27.0,18525143.75,0.08942416595361893,0.0330769136616601,0.38864224317277996,0.012976557910563069,0.09577568773328055,0.023689570723480907,-0.011668865746915391,-0.030990924567919964,-0.04939244432183931,0.022817092403112027,-0.058041872992023014,0.012325387060224235,0.08364724206058305,-0.1533034448890449,-0.05113959492601294,-0.005310944131250217,0.0007311591009144802
2020-10-30,0.0081860003992915,6163.0,18.0,18530125.0,0.03490204186556869,0.0,-0.3294881674650433,-0.014496334963151503,-0.12102097591144906,0.01995574949486975,-0.14867843694329036,-0.12626001686180477,-0.20215210043495485,-0.10306809108507342,-0.10546349216259204,-0.0884538189581876,-0.152817065040835,-0.019954645178327457,-0.016590625135367132,-0.37889968381110967,-0.278349723392906
2020-11-06,0.0081630004569888,10097.0,23.0,18535950.0,0.11238984827667746,-0.15182323971152586,0.6126092508120425,0.04390986622709414,0.12325173829741398,0.05237127320729723,0.18252519881043477,0.20739335313613594,0.24390619813882047,0.291106678754246,0.14769822157643042,0.25339838596748665,0.28954807479063704,0.09121697842429244,0.08183248562499013,0.4914125130800892,0.4369894226465394
2020-11-13,0.0080570001155138,7455.0,19.0,18542587.5,0.0412013400141249,0.0,-0.326583915072578,0.01865818596870128,-0.012555975194247546,-0.08147019035300529,0.06135691079735239,-0.030250574397124752,0.18993100265489193,0.1534207970761542,0.0723671557460076,-0.21859667486013512,-0.1431655545926082,-0.056752850644632424,-0.02769163630725302,-0.275179265905948,-0.25610211612329015
2020-11-20,0.0081120003014802,10006.0,25.0,18549356.25,0.12988999574155083,0.03826954343997091,0.5792823514434059,0.019359621531434335,0.05600081342641459,0.06915874678082382,-0.021406001386089835,-0.004520965529433152,0.044299071871212514,0.11486878927497979,0.02766240704381573,-0.053289791697687994,-0.06595255055884947,0.1520985871110292,0.07753377127773353,0.32757193455292155,0.3150204442701132
2020-11-27,0.0080530000850558,10039.0,30.0,18556137.5,-0.08425228008385333,0.0,-0.24822321829512883,-0.0058452963561094196,0.04395914113518917,-0.022982916862029745,0.06444872543774427,0.07093952104966106,0.03971803276708985,0.1392583965006171,0.03359022721264571,-0.2863874100002328,-0.23163839846931258,-0.05856739549104173,-0.0013829424255271672,-0.17462630054178896,-0.19311694282809722
2020-12-04,0.0079260002821683,10447.0,23.0,18562393.75,0.08382041068311524,0.07381018438568479,-0.16139082239146973,0.018704948339550387,0.20386607275568727,0.023093470414285805,0.04775581662459771,0.05351252062059009,0.006619244113356626,-0.033830882036901766,-0.002716870468376542,0.16421993470300278,0.2300297622586108,-0.2207403355893376,-0.049534163879952464,-0.024240568907544446,0.039093367450386385
2020-12-11,0.0078999996185302,8696.0,27.0,18568525.0,-0.034979201051561715,0.0,-0.07326296988873837,0.024737294179056013,-0.0012042730527647427,-0.019798530121615393,-0.027432909624984125,-0.03016734280262867,-0.04022651398316923,-0.00393421720815601,-0.020993844898900327,0.006162693530112118,-0.03538907618748369,0.16225545413762688,0.04437711185453197,-0.09665508734495087,-0.06658640468775667
2020-12-18,0.0079039996489882,20062.0,31.0,18574787.5,0.2831414615731608,-0.023036148491000497,1.2230649979641153,0.01155030559967174,0.10512520655680804,0.05835060930076094,0.034416339453407385,0.06748695120389814,0.062064669376100556,0.051894291433038475,0.027415555863792185,0.1431934284229004,0.2734617126836183,-0.10348635766155256,-0.0124769276409753,0.4834051384451836,0.5101744472798624
2020-12-25,0.0079140001907944,9329.0,23.0,18581112.5,0.08728480262399818,0.0,-1.4336873296357608,0.012485553016650108,-0.06923829287899103,-0.029128916602073146,-0.0013967856293043424,0.0005024722186244279,-0.003576917106713262,-0.05783598822622382,0.007409680993030743,-0.003262504841630154,0.0,0.04368125158053848,0.027896560036692053,-0.4890983613313825,-0.6873222933267931
2021-01-01,0.007927999831736,13774.0,41.0,18587887.5,0.25984105270942714,-0.0033384684062664483,0.7464196607112337,0.007365073408698075,-0.00395145481460768,0.023805679730594692,0.037870929669301834,0.03442165896450966,0.06846776617117434,0.13706403834247638,0.007656532173053843,0.07286537390190095,0.09812466114091412,0.020015766688943337,0.02504285073016388,-0.312792764830355,-0.19366258394818248
2021-01-08,0.0078490003943443,39469.0,48.0,18594962.5,0.624339937136558,0.0,1.6852262562872322,0.016553879280501782,0.08093815480462108,-0.031402208741277526,0.057272695664359774,0.04356326242666153,0.09554781504333487,0.15290964836572685,0.07458994698230725,-0.18198282983261072,-0.17051144972658389,-0.29163288369607665,-0.12801292629858385,0.685685211063701,0.9968754135736504
2021-01-15,0.0079220002517104,32078.0,33.0,18601550.0,-0.21349613703046977,0.09497715529306905,-0.8653594754072067,0.014239141923483079,-0.10669033823083379,-0.0021032952197212185,-0.04314811832942789,-0.059044339002930935,-0.03781122820679217,-0.048329273357127445,0.007903571789092623,-0.08011556904588968,-0.09008148008740569,0.02274407811906065,0.011133798968596231,-0.09914672565845517,-0.2746575518136616
2021-01-22,0.0079370001330971,20243.0,37.0,18607712.5,-0.20994792467890355,0.0,-0.4407361958452001,-0.006803924958511898,0.013346477804454304,0.017873009458189315,0.055720185629362984,0.11166597329724826,0.005110065015801135,0.04119923720530516,0.019759023690738453,0.10041633671083128,0.11421040961596185,0.0027321315245310007,0.004175760109593307,-0.11650627697692473,-0.09075103109260607
2021-01-29,0.0079110004007816,35594.0,52.0,18614175.0,0.06905802656585225,0.010222893275756262,1.0999237894344367,-0.027776848284232214,-0.0410627480372851,-0.04337865838384841,-0.09941196900394556,-0.08943157762311715,-0.1318250393120558,-0.1822241896949537,-0.08348148879953832,-0.046764228859995205,0.21394370696757786,0.005458914916882884,0.006953354888044272,0.09625915577732558,0.38422228872681274
2021-02-05,0.0079129999503493,18528.0,46.0,18620618.75,0.22526929656807315,0.0,-0.7988048358071798,0.0244801011393867,-0.13609132085382403,-0.0694020757048269,0.13689495803378482,0.13834760774889787,0.14255536261770418,0.16637792852684918,0.1454752419041151,-0.10150439147914037,-0.006434238026822081,-0.1728134310776419,-0.04612774600030933,0.13314905562986568,-0.11881517270233277
2021-02-12,0.0078659998252987,33109.0,54.0,18627081.25,0.5065472805341935,0.028896041557420205,0.6198428820900708,0.007972984229732916,0.14627261350817544,0.04482863210904275,0.038259119467813796,0.04191635578371611,0.05058360865209932,0.1861864061318339,0.021487735694961207,0.031901522418869566,0.0579093695053392,-0.04190872777267729,-0.016724118307687386,-0.11765311324177063,0.003452089486407184
2021-02-19,0.0078229997307062,35291.0,41.0,18633368.75,0.47172184275256,0.0009853746019958254,0.4361785824604194,0.02513477433127087,-0.03516096348959902,-0.049107443462000064,-0.020255384897305495,-0.044716431030651815,0.005620686304338873,-0.022976297319926564,0.0014820492602156676,-0.13340591389800993,-0.008042874237523256,-0.17490684281623636,-0.08083597080354754,-0.011741418901992762,0.09848094696048282
2021-02-26,0.0077300001867115,26786.0,53.0,18639625.0,-0.5333959017494929,0.0127202903166731,-0.664305017583704,0.002408262098716918,0.06082848800173138,-0.03858485636297001,-0.0750437156830005,-0.1390060107633837,-0.09299299654268012,-0.24560597864310174,-0.07705996627066136,-0.1885078395158709,-0.09651602493021283,-0.006833384886858251,-0.04459842948232584,-0.24008471092039863,-0.24460000131188964
2021-03-05,0.0077410000376403,18268.0,55.0,18645812.5,0.1360482979675015,0.0,0.5131629857722544,0.02034163131926081,-0.171049102949633,-0.08186129437693848,0.025376849151737768,-0.04496355693776666,0.04189833858755143,-0.003962867581734253,-0.023957754983315316,-0.09679151571605304,-0.209117798335473,-0.18415070727800842,-0.09923812170715407,0.07757528162921268,-0.038824184497810776
2021-03-12,0.0076850000768899,18257.0,73.0,18652212.5,0.47077372843834286,-0.013049007252419365,-0.0683634432036686,0.021604215332181154,0.016298957432937272,-0.030540557688526274,0.08094280532970188,0.05583298664862402,0.14051116540558706,0.07685137139897846,0.13115014758614585,0.08519131411655745,0.10777617158914038,-0.1299737462963968,-0.06280736658388997,0.020233468386922415,0.045215460817744635
2021-03-19,0.0077019999735057,16539.0,41.0,18658668.75,0.044629650321269754,0.0036010003072136643,-0.9129518621896382,0.03210236758775298,-0.06023587560318087,-0.018967434070732272,-0.025643947652382426,-0.01910447670085902,0.0033830265419961814,0.16004033566240294,0.015313252782123032,0.06344017553015868,0.04504058663570998,-0.05974245653263277,-0.030705771619113253,-0.031155718528311005,0.05294537668562138
2021-03-26,0.0077749998308718,15586.0,41.0,18665318.75,-0.1667959560347092,0.016137816191587218,0.5775257194779362,0.041431460572104006,-0.12571742916994835,-0.012438663489011792,0.05060843857784514,0.02683833591042295,0.04812380936859073,-0.04674438678237536,0.029144267868015383,-0.03625152887437644,-0.17372872214798818,0.08710655683537305,0.04885147511273624,-0.15407199105696323,-0.15583874150386157
2021-04-02,0.0076720002107322,14859.0,34.0,18671925.0,0.2182866677867299,0.05672647959026689,-0.3721041145364312,0.017325458399508165,0.002954596101334944,-0.07083093870141738,0.03604858038411951,0.07066285306425302,0.05938786674532581,-0.09427926341756487,0.051867390079184394,-0.00942575152617453,-0.01286878286962817,0.04733822796257714,0.029676469000960548,0.08313197638864411,0.018799155390676114
2021-04-09,0.007672999985516,15637.0,43.0,18678300.0,-0.048901715755821584,0.0034379684600162053,-0.0643799439166719,0.0478612865638246,0.12049397417131125,0.06328496433020148,0.08471058847032609,0.10339727402675569,0.046077900098506985,0.0237667871727405,0.04099953133364631,0.046764782014427686,0.041823621030290414,0.0,0.020981847909056217,0.1292375247979809,0.2104901560916166
2021-04-16,0.0076839998364448,27182.0,69.0,18684537.5,0.18371435654331902,0.021028380472165986,0.5954606716715494,-0.0017535889068327482,0.04976674264096699,0.032177194697835976,0.04492536982672113,0.040403030712184096,0.0614359160878678,0.026937862611952967,0.03309652485259973,0.11165477531161117,0.10938480779984161,0.07991790316805925,0.0377762257811225,-0.7168818880300423,-0.43620369943361625
2021-04-23,0.0077050002291798,20632.0,58.0,18689656.25,-0.5683345803508573,0.0,1.3372628079114377,-0.0016834453505598646,0.03817799554006479,0.03613878957682515,-0.004049332866117306,-0.021356096842087835,-0.02867140675211266,-0.08081358783585868,-0.028650565507969072,0.001812133920172987,0.008042874237524478,0.0365346189517739,0.03217302552189527,0.5189911946870955,0.22064271853267248
2021-04-30,0.0075719999149441,22555.0,98.0,18695600.0,0.3652538232253364,0.0,-1.2923352836596287,-0.03598364436820933,0.09972396783861029,-0.04697359324034965,0.004360532518454141,-0.011791142553610134,-0.01587077735035658,-0.14736254535409454,0.005927820168830644,-0.026825777348201907,-0.020911657107153148,-0.06484801271626739,-0.026582706182804117,-0.043293068997929174,-0.2045099294154804
2021-05-07,0.0075980001129209,23366.0,68.0,18702981.25,-0.02129593533408647,-0.14063971493045968,0.6241220815862443,0.028829001628331685,-0.05196893264343047,-0.007333755994586064,0.0375278376586794,-0.031249867306352153,0.08959456147898448,0.162416363234823,0.01605399475820779,0.21497130071092463,0.23485536407472984,0.036266830333387956,0.03236975230215644,0.12696433148730435,0.24135889305858216
2021-05-14,0.0075559997931122,40525.0,86.0,18710331.25,-0.415569939023678,0.2099159765346042,-0.6736231262263082,0.018564661227004065,0.007763222420986093,-0.023275133789046498,-0.043133916263628835,-0.06439582226386342,-0.013311678704785335,-0.17113258825110522,-0.04569271873033065,0.03987690302358693,-0.0016086362107012864,-0.098327320156129,-0.042036297367970654,-0.28625169698678066,-0.18951571143553325
2021-05-21,0.0075130001641809,36220.0,79.0,18715475.0,-0.6959630903101359,0.0,-0.22094460293944929,0.011620449155945067,0.13146365296301543,0.03282273855554983,-0.012768902948731009,0.005111550207663074,0.022526402695503434,0.07209801396443027,0.0051868897567306504,0.12144228983650163,0.01126045347491278,0.026984000908596872,0.005604371251966889,-0.27103563725855867,-0.2056375877303238
2021-05-28,0.0074649997986853,26425.0,85.0,18720737.5,-0.09267262319413283,0.0,-0.6984742046178039,-0.03965449047984637,-0.028582965865708077,-0.04735636408196571,0.03970847765648022,0.057057570015793146,0.05324500276117483,0.05308328193652967,0.03680117691309981,0.08482899796340915,0.059518005716042155,0.03521286628470577,0.022418656000607218,-0.05488430696047782,-0.2887896568238737
2021-06-04,0.0074720000848174,19961.0,43.0,18726906.25,0.06553423870481612,-0.1891551892234653,-0.7655447817774245,0.01105930070575889,-0.0534240077291504,-0.02251403646972397,0.019931976451561306,0.013769948023990342,0.039420134680902,0.07526648482422638,0.017041776350330995,-0.04422690947909369,-0.019303020896452527,0.07598320592216123,0.037045526311580534,0.1253396467787728,0.05931118975328453
2021-06-11,0.007505000103265,21777.0,62.0,18732606.25,0.02656052324745506,0.0,0.033780836405924775,0.03350523871321931,0.035110168141148035,0.04237478768602482,0.01331431210723033,0.04650436898649346,0.05222076408265797,-0.015811750490839938,0.034331157624746034,-0.05147710462308264,0.014477419080331178,0.11037475190796497,0.06034359785966559,-0.13768861584488032,-0.06085717292685988
2021-06-18,0.0076049999333918,14272.0,47.0,18738275.0,-0.08380320251933271,-0.0527405390507803,0.6185138759724971,0.02001429472331928,-0.23004578369799375,-0.04526806859048754,-0.06254116375776686,0.011461555714911142,-0.05237784540109325,-0.14293736492598663,0.011608412285607717,-0.391879491781732,-0.32011154916200113,0.15663380319872933,0.014035518977449923,0.04379822306696838,-0.17813363767055157
2021-06-25,0.0075550000183284,13415.0,45.0,18742775.0,-0.23516510094719867,0.0,-0.29798137669739355,-0.02272651223255373,0.015014258411798077,-0.029051695779145653,0.09131479822600563,0.05965804356852078,0.058914054703069985,0.09183030762149147,0.051620538899161295,0.06017767068852853,0.048258165873098835,-0.17037239074741928,-0.050521310759477744,-0.03189979681919315,-0.010716391598477482
2021-07-02,0.0075659998692572,10956.0,23.0,18746518.75,0.1227153016483109,0.0,0.03679765536811852,-0.014239141923483079,-0.07464905572502452,-0.031378875830777336,0.055539296159710094,0.07578082546284937,-0.007235156966840073,-0.06308291346014006,0.047174202682499944,0.02537595958117711,0.059518005716041045,0.1474357798699184,0.0662653081440776,-0.20258726090374382,-0.11507571222601393
2021-07-09,0.0076850000768899,11446.0,30.0,18752200.0,-1.8873469955549282e-05,-0.2634693767953011,-0.7129860536482624,0.051298320821217214,0.0015693646197276964,0.08623343737195349,0.01406004514121273,0.019564305571685647,0.0015502684887538365,0.04950979897751617,0.01185564033766151,0.06960342221470306,-0.057909369505339314,0.0683307927930501,0.04216159359111327,0.2658407420350607,0.13447143524131672
2021-07-16,0.0077080000191926,10100.0,37.0,18758425.0,-0.13335993870300888,0.0,0.11327513235654424,-0.001496395867164324,-0.032125941419887644,0.001138312706083916,-0.032651795067618394,-0.02814974729901043,-0.032040736830376115,-0.102212161174428,-0.004692810524653757,0.007250195143988836,-0.06756118676955009,0.07704137207469897,0.016868150414664163,-0.027612813638698108,-0.060646191693760176
2021-07-23,0.0077089997939765,10979.0,24.0,18764750.0,0.12412970169083137,-0.03265981946315369,-0.1256545712503096,0.006850687329361005,-0.03468793180718614,-0.01785912082101443,0.06717876113883059,0.0875023514667419,0.06666625317582242,0.05749283488814072,0.057547982195961245,-0.030814020804992848,-0.06756118676955009,0.013302332766668812,0.029513701010149163,0.05231757817725151,0.10585073968910319
2021-07-30,0.007683000061661,12774.0,31.0,18771687.5,0.4770497123004842,0.0,0.4218686644912576,-0.011199587818306211,0.10675489065281854,0.03618601094338755,-0.011170547648698292,-0.029964915344409704,0.0041346199893324,-0.07426241945928491,-0.025192764627492092,0.04567728040055086,0.04504058663570987,0.046775528055468696,0.03232525457804991,0.1657929307399409,0.17479795162309608
2021-08-06,0.0076970001682639,9410.0,28.0,18778431.25,0.03443575613726524,0.038970918718729465,0.30663882727554415,0.029577199561913847,-0.0508450855590382,-0.017039691225351955,0.031088820352558555,0.028726716932462093,0.0888874815387799,0.058291789624057344,0.05532519095966126,-0.18778320720957453,-0.1785543239641083,-0.07153814406261949,-0.05405419585500293,0.03681480938281806,0.024048222965897814
2021-08-13,0.0077140000648796,12960.0,32.0,18785193.75,0.276482457291342,0.03918236759681836,-0.22799705900382827,0.013514325175325137,-0.08829078149232708,-0.03204830814449544,0.02679381666401981,0.006356427698181344,0.0687335631704884,0.08624088019434595,0.022228666107061645,0.0634401755301588,-0.08847315069268907,0.03535726585353505,0.016893912254936527,-0.001269711578936461,0.01121110621402166
2021-08-20,0.0077990000136196,11436.0,40.0,18792243.75,0.08346070454985233,0.010942823382895234,0.6853879873630604,0.016483735724228676,-0.05296684959312921,0.031256100277798654,-0.019998252758624657,-0.008997489497607258,-0.07183410014799607,-0.15571217581754793,-0.01753623245443836,0.011237885446347518,-0.09973299053563017,0.09182819353045168,0.019704294830097613,0.07654449427211912,0.13555544226655314
2021-08-27,0.0077269999310374,11378.0,38.0,18799350.0,-0.013785959598113351,0.09739502931915334,-1.0351841370517905,-0.005892058726958638,0.07084998695575788,-0.013826416119460644,0.053821344516103764,0.06859850401064005,0.042893472280636,0.11658553268267657,0.03112058479632296,0.12651803490716917,0.15764266685695463,-0.05004552887341962,-0.004224941804658711,-0.10255992882763915,-0.20897691138524643
2021-09-03,0.0076569998636841,12579.0,21.0,18805662.5,0.051702760737986964,0.0,0.7367016436403817,0.0074585981503960674,0.10659403871606965,0.005077685765460027,0.02210563999598758,0.04564970381708511,-0.01240214791003047,0.3313897551499063,0.011608412285607494,0.03153865311128912,0.08847284387670382,-0.05012193076168936,-0.00774728796552715,0.1855280714641625,0.2442871670697072
2021-09-10,0.0076999999582767,16081.0,39.0,18812281.25,-0.28678848209096275,0.03784865316130692,0.6943266758740647,0.03317790211727778,-0.04488403977149531,0.008105408678242054,-0.05967907376065318,-0.041109985490126455,-0.05684802875187889,0.10061425170259475,-0.02099403333491523,-0.14065610904199877,-0.14316524777662407,0.010115610006931952,-0.001412217244018521,-0.15441331137388165,-0.16766096577237888
2021-09-17,0.0077430000528693,15599.0,49.0,18818825.0,0.13571579183505644,0.0,-1.2840394101678578,0.01045138988472294,-0.05188533196578006,0.004061593066911756,-0.02051152039978854,-0.022783878330387752,-0.03825935937954883,0.04871019309674551,-0.012843421929784382,-0.12361729306425495,-0.20107492409794855,0.03540005091096643,-0.0014087042657993099,0.0660045228856791,0.04410599054023767
2021-09-24,0.0077169998548924,39384.0,38.0,18825381.25,-0.24699654620084055,0.0275535455410644,0.5033276234103495,-0.01045138988472294,-0.024159537605113468,-0.030903328892546655,0.01966961197285011,-0.0007102943172268006,0.010394759944195142,-0.07665863252218053,0.007903760225107526,-0.017038262823311445,-0.0048259086321054585,-0.10390121991485812,-0.04652705452453021,0.04454230135785048,0.09618925425612401
2021-10-01,0.0077490000985562,11741.0,43.0,18831825.0,0.2950889231568208,0.0,-0.15899715842497153,-0.020926160954871875,-0.14716788152455212,-0.05505733564454274,-0.07577873487787223,-0.10867323232231274,-0.09613933107079409,-0.24195370715674813,-0.06594544478111541,0.046764228859995316,0.019303327712436005,-0.06323478684544903,-0.026725567297041453,-0.003570210514966421,0.06688832610753737
2021-10-08,0.0077450000680983,16157.0,37.0,18838387.5,0.3211232096537624,0.04235573476841248,0.7463184469887175,0.0480483360472197,-0.01306498691514374,-0.009633714317252046,0.028368252695338825,0.00809941031748962,0.03845496200223275,-0.1660946805153385,0.05779483337598457,-0.013050572520952763,0.019303327712437143,-0.15973113574919018,-0.0960167206803757,0.02038364932636655,-0.027809509087020068
2021-10-15,0.0075759999454021,16329.0,36.0,18844862.5,0.4294086333172542,0.0,0.7070957679717618,0.005821915170684644,0.028191418388095607,-0.10192981960596065,0.0627698917648487,0.06429435164711683,0.12680014918009275,0.09262861121255406,0.061005783076438336,0.03987690302358693,0.10134162674633199,0.14500085169075727,0.04942057758420626,0.1209502675032022,0.2003630569028314
2021-10-22,0.0075530000030994,14741.0,60.0,18851431.25,-0.05503115267478176,0.008959995710651647,-0.4494678013653537,0.01769955736629969,0.030025342114318232,-0.0007360977723731565,0.05681399385495056,0.04264309090973262,0.026502229308434044,-0.059090744359973746,0.034084306444722934,0.0884538189581876,0.15442570125153737,-0.041427395876576956,-0.04659614309616944,-0.06960203902599893,-0.18752957775842227
2021-10-29,0.0075300000607967,19159.0,64.0,18858375.0,0.08820072101888021,0.0,0.8154521017630716,-0.026186927675370564,0.05172659650187916,0.010790915569924509,0.04803686803199292,0.09925110756019273,0.03273968449523945,0.0,0.055572042139684585,-0.04060208848431557,-0.07238709540165555,0.1638713540745349,0.060715973550874214,0.12412454645054327,0.23605889897881904
2021-11-05,0.0075969998724758,14764.0,64.0,18864993.75,-0.07010050822984448,0.07459216025313781,-0.9937370130450258,0.03352861989864442,-0.11385671530756544,-0.010192593078713064,0.07272155334530583,0.10321950778172084,0.08782343751253952,0.1485267923531317,0.078541638658846,0.11564246561396985,0.041823621030291525,0.08287083614969082,0.08400467715704174,-0.13507410221728544,-0.13420952750367565
2021-11-12,0.0076589998789131,16934.0,126.0,18871512.5,0.1741155317649583,0.0,-0.05371022324538122,0.019079047306340913,-0.0927935774848701,-0.009465384034221147,-0.009873674798086096,-0.03223040741805483,0.033778903680964145,-0.03273891211666369,0.018277162866538355,0.16711957023705248,0.17212008593728628,-0.09079829607657341,-0.09333631829931588,-0.0266025055006196,-0.0877354545022675
2021-11-19,0.0076930001378059,15971.0,102.0,18878018.75,-0.3341758794339129,0.04800374925028528,-0.0908717776734227,0.015267914082157663,-0.07315059294583748,-0.010938690669914652,0.012695151870194543,0.07677369618114382,-0.0031176575571736365,-0.026352483388163872,0.048409212326677054,-0.06670268037178873,-0.10777617158913982,0.04747384131425525,0.00706928316926958,0.018226504923442244,0.05819444426084308
2021-11-26,0.0077490000985562,15051.0,97.0,18884075.0,-0.24135837460277187,0.0,2.112196261672868,0.00680392495851212,-0.1409549754676261,-0.03569935309538036,-0.07773737416291637,-0.10569795970671492,-0.2333321001226243,-0.24115475242083173,-0.12077655650869978,-0.2088086071808125,-0.22198658120510167,0.10001618389633471,0.005657065925251059,0.05410609663790389,0.10491223696255636
2021-12-03,0.0078229997307062,12765.0,55.0,18890443.75,-0.0069371104126285665,-0.016011711602121725,-2.1326436220518747,0.006499969547993478,0.08573090757788249,0.09388885420441934,-0.043491708658148776,-0.06669162707871412,-0.00207886638594057,0.029543744317851672,-0.0409995313336462,-0.007975380604717364,-0.08364724206058305,0.18471073311902741,0.07716256657926435,-0.017106974283949916,-0.011953178137337872
2021-12-10,0.0078010000288486,11216.0,50.0,18897531.25,-0.35926815773926957,0.0,-0.5054057761876454,0.03331818922982399,-0.011448001656246931,-0.019817974213648004,0.1357261529344156,0.12297057066574868,0.1299182347517589,0.09582443015621989,0.10422810564638452,-0.001812687074605246,-0.05630104011062264,-0.25334331337074345,-0.08640404128058554,-0.1280906885331351,-0.0813660038271371
2021-12-17,0.007761999964714,10837.0,43.0,18903687.5,-0.05700898130566845,0.08796689324625317,0.12581415675716712,0.012883033168864966,0.03624671406265206,-0.009945930881866516,-0.07252098031077359,-0.10825990011384268,-0.02567316523811014,-0.031702289509019765,-0.01630084593823078,0.0442269094790938,0.02895483816066223,0.09875249666435093,0.042496497514653564,-0.05379208194633894,-0.20234555297247492
2021-12-24,0.0077120000496506,9335.0,45.0,18910143.75,0.2595779343341704,0.0,0.44199511999443364,0.029296625336820536,-0.006040413519491361,-0.03645211723238678,0.08438020357120779,0.10344171558801452,0.10305090908194736,0.011380709759045482,0.061252634256461436,0.042414222404488444,0.07721269721777578,-0.10672121361089948,-0.038163824377946964,-0.02000137057141793,0.06514227452326393
2021-12-31,0.007672999985516,9080.0,52.0,18916243.75,-0.25773666080942936,0.0036444986742578678,0.7389536393527993,0.010381246328450722,-0.002049803957122398,-0.027402836769051253,0.0342870259069199,0.00769481228868929,0.07061725494823734,-0.033326895919868704,0.027168704683768974,0.07214074159560468,0.056301040110623216,-0.015242940728723786,-0.011365655531046848,0.06126699688685183,0.0900016839543556
2022-01-07,0.0076379999518394,13589.0,57.0,18922825.0,-0.25831785266363605,0.0,-0.897397405373648,-0.005611484501865105,-0.02498602025380353,-0.035884349743104504,-0.0697530724342228,-0.14886150496968553,-0.02615425352672318,-0.03170163836416573,-0.07434328423829961,-0.11636765107469849,-0.14316524777662465,-0.2739588348826052,-0.169099548554698,-0.09665508734495093,-0.129004111218061
2022-01-14,0.0076469997875392,10644.0,45.0,18929462.5,0.08582099849836,0.004708713867995873,-0.639204948180467,0.003904657965881242,0.14224179096161926,0.07881468291762689,-0.010773886442516423,0.0012417948388703248,-0.05283368083469964,0.0398292284323889,-0.048409212326677054,0.06960286906027091,0.09329875250880872,-0.007392646708993533,-0.035524406742774906,0.10581612465104062,0.07609147299964458
2022-01-21,0.0077499998733401,15015.0,61.0,18936425.0,-0.36750698247674496,0.09300857092097292,1.8649801308475755,-0.006242776508325054,-0.12726457082473047,0.005732118351054083,-0.21028176604021143,-0.2343382974160524,-0.07637190978846231,-0.19508625399695778,-0.08348167723555355,0.051477104623082526,0.1898144706230358,0.07068855506505844,0.011371510494745385,0.010007511692047333,0.1182367931150421
2022-01-28,0.0077760000713169,14173.0,52.0,18942625.0,0.0707977164140694,0.014432364453254465,-1.8185869018402552,-0.04311490592266387,-0.14800283006465004,-0.06165054950284504,0.03122037633048791,0.0009101528990727026,-0.08265045436646612,-0.17964012134166607,-0.06718045442529208,-0.14464324618992508,-0.26863611086749867,-0.02310087493728097,-0.04689240425930108,-0.052829558652629116,-0.1482834307944122
2022-02-04,0.0076060001738369,12298.0,52.0,18949012.5,0.2134722676419969,0.001963736808492933,-0.044515038873456314,-0.0026420739529613435,0.2563090953179546,0.017768566906355143,0.05308159129929968,0.05138549098346834,-0.03557014432851635,0.13249593161890538,0.011608412285607494,0.06380249168330676,0.012869089685614555,-0.18139718322476273,-0.11854896297672912,-0.11374840881622411,-0.10482857199080975
2022-02-11,0.0075460001826286,11186.0,46.0,18955225.0,0.044887772778009705,0.0002756121836481329,0.852120018645976,0.008767944534164407,-0.017961446858151153,-0.048739116803000915,-0.06479929221984038,-0.09060786611446736,0.06904986587981754,-0.01056873212604792,0.044951411446200185,0.17944495729727683,0.16729417730518029,-0.03515900295347496,-0.051240300301623076,0.07269440109727965,0.047980042492844044
2022-02-18,0.0076549998484551,11291.0,55.0,18962225.0,-0.1334642978898195,0.060388932619907854,-0.834150376777582,0.002946029363479541,-0.043540079510503205,0.05285015341843141,-0.04899239298532487,-0.0459243167013943,-0.08474301721613964,-0.021132255093263774,-0.0815053603072462,0.11999247206947672,0.04664952966239755,-0.0009252268669481811,-0.02846566250816207,0.016792959592385026,0.027405734658156766
2022-02-25,0.0077280001714825,13508.0,38.0,18968375.0,-0.04190409921892546,0.0,0.46650575277394735,0.0008417226752794882,-0.15604965984779867,-0.031678870394609204,0.027680573719798263,0.03525037848254775,-0.07428020296777116,-0.003251817401114243,0.011361184233553923,-0.0206630838180899,0.04504058663571106,-0.06291886503745303,-0.02989076067231644,-0.0048808805319330295,0.054353130775441794
2022-03-04,0.0078199999406933,8871.0,38.0,18974625.0,-0.004738906264912135,-0.019717064673607787,0.13000191480710854,0.019803864054499076,-0.10993912405859108,0.004335476992784026,-0.04388014761570935,-0.07008614031843896,-0.3394899663994547,-0.18289356660491474,-0.00691560176095396,0.2584730247292899,0.19946628788724613,0.1645016696527617,0.09523449753028923,0.012021301561865816,-0.04444792564215794
2022-03-11,0.0078119998797774,9519.0,118.0,18980693.75,-0.022946253751046086,0.0,-0.15399840861782876,0.03586673844108712,-0.046960299639269176,-0.03134720973796107,-0.09515409001372421,-0.10674323550302534,0.1161271798163247,-0.2300387330449566,-0.02865056550796896,0.051114788469935446,0.036998019214170785,-0.24691218442562635,-0.21240871503066883,-0.06633901679625914,-0.05860913151210789
2022-03-18,0.0076000001281499,8408.0,34.0,18987293.75,0.16930279692639782,-0.0046179749058190556,0.23783745916428334,0.011901023381039266,0.07596550183894313,-0.09997041066776297,0.20313314376222902,0.224160409224897,0.25066497497645557,0.3072599547210336,0.13411405767056106,-0.20989610879469023,-0.13673100974980207,-0.06809700301494348,-0.02708857504633322,0.06099394063331709,0.14962207034235497
2022-03-25,0.007422000169754,8899.0,40.0,18993887.5,0.1410175715862776,0.0,0.590950759274744,0.0006079108210350626,-0.07984076363088033,-0.15883656618194908,0.06444822711964604,0.06871487411035249,-0.013629693472080762,0.023573071578661953,0.07656569860256934,0.11165477531161128,0.07399542479637217,-0.22142795258376724,-0.20813342053820505,0.20070317275435434,0.19166553744867
2022-04-01,0.0074149998836219,9851.0,51.0,19000237.5,0.10926573389704464,0.05366336123303517,-0.39633562802736,-0.003203222403147299,0.05572990490136187,0.023626238537788335,0.0018146253546598157,0.020712336422930022,0.05137329538919233,-0.0812856678550431,0.006915978632984432,-0.10440458016762233,-0.11903631824806732,0.18171998120270239,0.09231404163760115,-0.04514985152196527,-0.05265073048077529
2022-04-08,0.007414000108838,9037.0,49.0,19006481.25,-0.22350462712726826,0.0,-1.20192183650352,0.04222642087653439,-0.1842156805616707,-0.09238221483939835,-0.04220280889710848,-0.10521835048781347,0.03512201315575969,-0.21540750817450516,0.022228666107061423,0.07141555613487593,0.01286878286962928,-0.33682842070212426,-0.22294179472382425,-0.11809682965376445,-0.19138544167369276
2022-04-15,0.0073190000839531,8174.0,37.0,19012850.0,-0.094905243669414,-0.01708733003537244,-0.2644845680179129,-0.011947785751887263,-0.038928285166084375,-0.0793530064961071,-0.07714886048892122,-0.08881401974296699,-0.007338308459327703,-0.08047271350476459,-0.030873356744269165,0.09316614156684255,0.13190510111769715,-0.20274692688289736,-0.07860522963451366,-0.0817393894956171,-0.06921275727910114
2022-04-22,0.0071849999949336,7819.0,40.0,19019231.25,-0.04705322590433281,0.0,0.19721854091830993,0.017044884174414632,0.012594071705582799,-0.08206351293480207,-0.09268816290469384,-0.10795214872431713,-0.06972099260272335,-0.13168330284105323,-0.07977664830302289,-0.13594323327891145,-0.2139437069675784,-0.03526099947431505,-0.1086130895807953,0.04163425225770573,0.016874861040508282
2022-04-29,0.0072750002145767,8723.0,33.0,19026031.25,-0.06227245901492218,0.07419456185984408,0.7133924348424381,-0.10460742358893449,-0.2938098195453904,-0.0853367869534234,-0.11075294144223324,-0.10066167757679056,-0.013629693472080984,-0.010566778691485923,-0.00024722805205379395,-0.12252979145037823,-0.20429188970336692,-0.025053707201459108,-0.015718235544327608,0.1749812736713841,0.20941706188878206
2022-05-06,0.0072759999893605,7906.0,64.0,19032731.25,-0.1434566900269505,0.0,0.5707475430011935,0.0014963958671634359,0.03154814433130082,0.016829695030675884,-0.005206178331130129,-0.033139018991303226,-0.21020947324025308,-0.002438863050835627,-0.1165778252161227,-0.05401497715841641,-0.0611269487427281,-0.2591853837572999,-0.11440364867836661,0.0022117556536311866,-0.01924294350167899
2022-05-13,0.0074900002218782,15557.0,71.0,19039218.75,-0.3755298725138514,0.06890670918500497,0.11298339811391611,-0.014660003261122823,-0.14217512206678062,0.0620044319791041,-0.07588562410993926,-0.06056280182720952,0.0576633963584714,-0.027636866612773092,-0.020252726050784764,-0.2403478134465339,-0.19946628788724674,0.10735496727409866,0.09879431545882655,-0.1160966925966227,0.015172460745841665
2022-05-20,0.0073910001665353,8118.0,37.0,19045206.25,-0.004367542988442108,0.0,-0.6868675160352196,0.007435216964972069,0.1770154399193058,0.027434502861928056,-0.09537110754549816,-0.10985774121805725,-0.022540955188220302,0.06502853428403466,-0.12275249656497667,0.11745515268857509,0.1045588991677362,0.11757944997181324,0.05441134864059638,-0.019427952438994978,-0.21574286127430553
2022-05-27,0.0073339999653398,6425.0,47.0,19051206.25,-0.03157531523494683,-0.06403434971440103,-0.022036154145830267,-0.010404627513874942,0.13667758383381678,0.028906698406673925,0.20217911376319164,0.1691777206558469,0.1514978693917335,0.10811023126239117,0.14300522261576143,0.02972651919111613,0.04664952966239641,0.026489680691492212,0.11454299681438496,0.023339483270879813,0.07266120915804097
2022-06-03,0.0071560000069439,6007.0,37.0,19057462.5,0.06011588752151853,0.0,-0.23224546984096028,-0.003366890701119285,0.016082018965611455,-0.10383117404063136,-0.03723283334453442,-0.024026443832170008,-0.04560622812870885,-0.11786470674845317,-0.020252726050784764,-0.00978806767932261,-0.020911963923137822,-0.1321523461404116,-0.11780069861609244,-0.020042329009448134,-0.0383876716017425
2022-06-10,0.0070030000060796,5845.0,34.0,19064137.5,-0.03402331530853964,0.018253655830361204,-0.07665476798970983,0.02321751712646658,-0.11705788049615551,-0.15371110350442319,-0.16360480809825506,-0.14382547972739845,-0.18976536104662356,-0.14017097601356432,-0.11435503397982272,0.0710526868272956,-0.006434238026822012,-0.10521838846863077,-0.17788316509481583,-0.03864428628150063,-0.029784729941729093
2022-06-17,0.0071569997817277,10121.0,32.0,19070087.5,-0.47933728787945845,0.0,1.4524122907936539,-0.0060089646540806285,-0.06422648516555185,0.06692406505311332,-0.1763811858184593,-0.11723170084771695,-0.1981719936771087,-0.23490636640139007,-0.18178233958513823,-0.11854210114801955,-0.0337807467927677,-0.07868095659697062,-0.08177510698074736,-0.07018910997109862,-0.021854745663154485
2022-06-24,0.0070460001006722,7469.0,40.0,19076218.75,0.04369763396672077,-0.0337333018628313,-1.4098782528999672,-0.01028772158675273,-0.023737301271147704,-0.08081242449456671,0.19188137026352214,0.16972694642446573,0.11141859239369067,0.14045064272837832,0.13337312725846118,-0.04277709171206889,-0.07560406100707337,0.02234717030949858,0.0702958651539543,0.018936451182632486,-0.04974064450698634
2022-07-01,0.0070239999331533,7062.0,36.0,19082637.5,-0.10936232165505011,0.0,0.14473107450524114,-0.006079108210353956,-0.03767215852844652,-0.030820274842009,-0.07003412384161811,-0.10359404995695276,-0.06048443987293051,-0.05092376002808052,-0.03902396814939979,-0.06416480783645506,-0.1930320498604253,0.162452188999922,0.14778748069306036,0.11963959748623565,0.23257770863267413
2022-07-08,0.007230999879539,6062.0,41.0,19088800.0,0.1300781753390448,-0.019743052268413108,-0.40957927329479293,0.032453085369120505,-0.2732747416992569,-0.0041049256150080815,0.05886432367006733,0.10973674714087311,0.0986860172961076,0.06735116797842267,0.17758360829256103,-0.21823435870698693,-0.08364693524459776,-0.1548738857024326,-0.11355467894212001,-0.024185957656837453,-0.1160142149525607
2022-07-15,0.0071749999187886,6293.0,48.0,19094656.25,-0.042486401277246955,0.0,0.16124150637523793,-0.017933369220544115,-0.1279820551215447,-0.09645297440694178,-0.02804584088579154,-0.028886757930520868,-0.03130326786126425,-0.09199146597286828,-0.036060246500999815,-0.1192678397631804,-0.09651602493021239,0.1698012866326018,0.09774393497136014,0.006403169145389076,-0.07641522006422863
2022-07-22,0.0071319998241961,6534.0,27.0,19100518.75,0.10319624800029498,-0.06907402508876637,-0.3432889053183296,-0.005284147905923353,0.17347352260155224,0.05851699517458919,0.07890767421658085,0.08400431250917095,0.12362171356510498,0.16755584956782082,0.07459013541832293,0.060177670688528584,-0.008043181053509096,0.11242499657968791,0.12649063573703823,-0.04091065318583875,-0.038194878405979016
2022-07-29,0.0072949999012053,6221.0,31.0,19107175.0,0.060108116092713826,0.0,0.05353549495210291,-0.011176206632881103,-0.025524662594627268,0.08744285990060341,0.13388910326533532,0.11181214236289061,0.14113093038949542,0.11827460243407689,0.11188501469146894,0.12434303167941585,0.2509417261817492,-0.05224704928391688,0.060371701685416945,0.12514168099496015,0.20943161231865082
2022-08-05,0.0073580001480877,5797.0,27.0,19113418.75,-0.02497570687328088,0.02280504043430731,-0.32891868677393954,0.016296686240833358,0.049235507955125435,0.05943753404912355,0.011725424851063204,0.05221215540040802,-0.029181172011667034,-0.06817226163937684,0.023957754983315427,0.04313885471078471,-0.059518312532026885,-0.03491069681659692,-0.1075896419263408,-0.08973311131784589,-0.07575317550519156
2022-08-12,0.0072889998555183,5883.0,17.0,19119975.0,0.06066987937490764,0.0,0.07711940517168622,-0.001870494833954961,0.061191463095842336,-0.012614771408915315,0.10798328945233915,0.07171917502896852,0.058362772037825694,0.14702199659542758,0.07705977783464601,0.093529010874423,0.13512237353910084,-0.0429947806144344,0.04321080308584013,0.03548366014683629,0.05778339461704529
2022-08-19,0.0072889998555183,6694.0,22.0,19126325.0,-0.19865659372721306,0.008369798495054814,0.4454460621780073,0.0019874007610771738,-0.20135381948040987,-0.09251582352946097,-0.03929562111210627,-0.06250512925308849,-0.03607905355908736,-0.11498925107297864,0.034331157624746034,-0.18669515244126555,-0.26059323662997486,-0.11730249312683566,-0.11666483565863162,0.042658213208460916,0.12032114219376844
2022-08-26,0.0073400000110268,6419.0,65.0,19133156.25,-0.03249789485451843,0.0,-0.5120746487856367,-0.012929795539714073,-0.10529822821245771,-0.024703996785637505,-0.13333497354011725,-0.12799888927891567,-0.11937752186591055,-0.09116972116706007,-0.07113233453784584,-0.03480171110735153,-0.0305631675553788,0.027105861920386637,-0.04320611911488148,-0.11733227214386727,-0.18313534793800124
2022-09-02,0.0071689998731017,6193.0,30.0,19139643.75,-0.01612849028078106,0.12419272958831096,0.21762447855725392,-0.015642013048949188,-0.016825959173075056,-0.10969884549083297,-0.10354651426485817,-0.10185055356237038,-0.10239904301116542,-0.18644686407345296,-0.11114408427936917,-0.09062882218594098,-0.12707949930157636,-0.1480065019752937,-0.11586153463923138,0.0536965122576018,0.08993256941247807
2022-09-09,0.0069400002248585,7137.0,28.0,19146081.25,0.07839650847924301,0.0,0.13027652256348876,0.016016112015739825,0.05298431049415786,-0.1117454750707263,0.11376652014120547,0.09894566815940253,0.04828089068702601,0.07310012589480969,0.03853026578935381,0.020301320819373914,0.1206449544587691,-0.0894498027486095,-0.057731113057505334,0.13830981882167176,0.15527127473897262
2022-09-16,0.0069789998233318,6554.0,62.0,19152531.25,-0.08691288424547045,0.05053469467712224,-0.45993869666540055,0.010498152255572935,-0.02104038573953959,0.01420113155151248,-0.15414075077690348,-0.147505652019839,-0.1348245648695343,-0.13141600787846666,-0.1553549421854996,-0.14428148319120931,0.10777617158913982,-0.058072693264495226,-0.09670058044033156,-0.20129707010579223,-0.17058196456856956
2022-09-23,0.0071390001103281,5461.0,25.0,19158843.75,-0.02847062942732642,0.0,0.18133842647234302,-0.013257132135656269,-0.13028319022983426,0.03172970280682619,-0.14008718377096807,-0.11052487841221248,-0.18055277712836382,-0.1388091065513241,-0.07063825530576917,-0.10259189309301708,-0.10134162674633257,-0.0641607777312792,-0.16741800298056003,0.1369240583349831,-0.060657104516161686
2022-09-30,0.0070409998297691,5647.0,33.0,19165306.25,0.007466122673429776,-0.03239397340095762,0.33231965598874896,-0.0287588580720588,-0.01064797491820646,-0.06243914632388692,-0.08567508314942651,-0.06860466931393638,-0.030004243879108605,-0.09527681733396588,-0.03951767050944621,0.060177670688528584,0.02252029331785499,-0.15220516774516638,-0.09670643540402983,0.03585911249544649,0.10132919360732862
2022-10-07,0.0070389998145401,5644.0,40.0,19172556.25,0.005949583852328688,0.0,-0.1326344510660339,0.016811072320171316,-0.03596151934585046,-0.017313019605720514,0.044627126444937715,0.015300998342498429,0.04286179920825406,0.08624185691162718,0.016300845938231,0.11636765107469843,0.16085993927835884,-0.057084052830282284,-0.03529137918758432,-0.11250600286264117,-0.1554786183646052
2022-10-14,0.0069450000301003,5794.0,56.0,19179393.75,-0.019472980177243082,0.20105149704572678,-0.24112588753075456,-0.007107880369029429,-0.033471489035520774,-0.06293719285436272,-0.04104745838639068,-0.0695197030781185,-0.006965507837100926,-0.12320279226193613,-0.034331157624746256,-0.17763282337710373,-0.2718533832889023,-0.11360655178178086,-0.1171601655875037,0.09868935643378457,0.07143533544158231
2022-10-21,0.0068060001358389,5458.0,33.0,19185893.75,-0.0008665143117637109,0.0,-0.29215151740865836,0.007481979335820066,0.024464838814009626,-0.07774636894316189,0.1325299406524466,0.12207557413727843,0.06214898823095549,0.0722793578062826,0.04371677867405377,0.0424142224044885,0.15281706504083498,-0.2534987912133727,-0.0896804789661273,-0.09493483294768224,-0.08570930714301683
2022-10-28,0.0068560000509023,6536.0,46.0,19192131.25,0.07957332484115148,0.05794150350520311,0.211572085922693,-0.03306099619015557,0.16769290612463683,0.10595891326179996,0.1171772583644567,0.048230653909374865,0.14840888880550018,0.07310012589480971,0.09854789040163814,-0.03588865956679593,-0.0032172724214036275,0.1704075356160233,0.15477128139233548,0.08392383952389482,0.029711977792384436
2022-11-04,0.0069090002216398,5491.0,56.0,19198443.75,0.030570025408806822,0.0,1.0615755024571325,0.012275122347829903,-0.19367578509171413,-0.05823311142988796,-0.10079006770456678,-0.1375422650058571,0.062148988230955604,0.05503085619498635,-0.05952392225223835,0.11999247206947672,0.24450718133894245,-0.11022844229192819,-0.07343178371073811,-0.01037613763431916,0.0370053807641928
2022-11-11,0.0069189998321235,9521.0,64.0,19204850.0,-0.22997212119924787,-0.0034760372971196496,0.05461658554215898,0.008417226752797768,0.39289725817377796,0.18886074433885391,0.17628276799406128,0.19359078038220412,0.16662304549763673,0.3655016061913296,0.07903571789092312,0.29327473583664126,0.1109934440105429,0.17271028852847747,0.23051694675662282,0.02015155151086201,0.21082117837113512
2022-11-18,0.0068709999322891,8547.0,67.0,19211106.25,-0.018305600550311885,0.0,0.48911463810320455,-0.0001636682979704318,0.15047063741003242,0.039625115290332635,-0.01972791519034156,-0.026111600784406552,0.020359365324283063,-0.05338801772822399,-0.006174671348853966,-0.06416536099088721,-0.1126020802212453,0.08235435938498642,0.037696598274826285,-0.016219541459962128,-0.1797378225636026
2022-11-25,0.0069309999234974,8256.0,82.0,19217006.25,-0.009415641099384059,0.008907023670378544,-1.5878014829974965,0.0008884850461283733,0.041166455207031216,0.055447606350221834,0.0501156019787079,0.017463478473572436,0.08036485698105955,0.15523553778438515,0.05137331084710772,0.015588445056286648,0.0756040610070734,0.1534153736553613,0.1174341778885819,-0.16212715053623733,-0.2108611920532748
2022-12-02,0.0070250001735985,6009.0,40.0,19222825.0,0.032537862202658835,0.0,0.01344042497670983,-0.009422617726048355,0.10680886071054352,0.10995828523402618,0.03643452775118905,0.04681700124112831,0.025181804601694946,-0.0024639321277164505,-0.005680592116777072,0.14645593326453044,0.25255036239245154,0.20918034788466267,0.16050211986018464,0.09136462243271581,0.16971621399136727
2022-12-09,0.0069300001487135,5539.0,29.0,19229343.75,0.0017963102580830226,-0.12801094660354384,-0.16286336122683046,0.015758918976070735,0.027732143779220397,-0.04729886512394277,-0.10842654340070434,-0.08739779819834725,-0.035360845242099925,-0.05338801772822399,-0.07557791701044603,-0.007250195143988836,0.043431950425008095,-0.03585120406119989,-0.049404183685851144,-0.04134754319149431,-0.08839022384636985
2022-12-16,0.0068230000324547,6597.0,35.0,19235756.25,-0.02600153547554837,0.0,0.17929761702379887,-0.0005143860793377364,0.07181615681267717,-0.036040735798104295,-0.06562924101242196,-0.06477986928167712,-0.15534957180208542,-0.049669003894330155,-0.12225879420493024,-0.00978806767932272,-0.0305631675553788,0.04901601342898292,0.07701150851584943,-0.07844906164052379,0.04867118791161895
2022-12-23,0.0071240002289414,5665.0,54.0,19241812.5,0.006801665510597549,0.05296734711730966,-0.09310028835831569,0.002829123436357328,-0.03305084005619374,0.1764776353986628,-0.002876790381010519,-0.051972993010050095,0.03227700082976659,0.029688624047876755,-0.009138392997253941,0.017038262823311556,0.07721269721777578,-0.23406558892248663,-0.14364333738743756,0.1348215251827658,0.01650746268631742
2022-12-30,0.0070540001615881,5332.0,61.0,19247693.75,-0.010075102343698933,0.0,0.4164685822261336,-0.006196014137475947,0.0509752486394357,-0.01895437875169348,-0.003836052720080474,-0.009002113475079843,-0.011297442507083755,-0.014844474810152164,-0.026427397399638508,0.08627881573043417,0.027346201949960403,-0.1229440085566843,-0.10050162287323686,0.11665645791636892,0.16675520151303713
2023-01-06,0.0071259997785091,5627.0,30.0,19254575.0,0.019244833231608666,-0.06009888319919232,-0.598859715834548,-0.006827306143936118,-0.12297977153593731,-0.01316365035160838,0.045151855402360885,0.021005702104764823,0.19581192177015438,0.002474024872954783,0.08743318047607684,0.1475439880328393,-0.016086055291032936,0.2657475419407984,0.21993936933936062,-0.10201381632056977,-0.14599537569752075
2023-01-13,0.0071279997937381,5847.0,39.0,19261356.25,0.16574736824808411,0.0,0.3564861227369667,0.012088072864434585,0.3000661132957837,0.14324351540882896,0.08327169496172293,0.10144441420774597,0.0828426328732157,0.18307816617103612,0.03556616726892292,0.18306977829205517,0.06595255055884774,0.07423895081296121,0.09030461809636098,0.2763192757644554,0.2093624977767734
2023-01-20,0.0071870000101625,5656.0,46.0,19267943.75,0.15232833110998073,0.1654148089312567,0.0472546064637242,-0.021043066881994088,-0.023396549141982192,0.028851143857794304,-0.020937333214716025,0.01425418122036426,-0.008068501182080468,0.0907145709140813,-0.019512172510715242,0.01921326605106488,-0.04986649526781481,-0.026006820757626545,0.01456363670303229,-0.14149092417535125,-0.15083339362894477
2023-01-27,0.0070679998025298,5495.0,34.0,19274568.75,0.022290123119076077,0.0,-0.02562517046373808,-0.034206674275952365,0.053749944548354134,-0.05119407231702744,0.07831666895209466,0.11319805116630555,0.04088308821335862,0.08494184621052103,0.0911382094086075,-0.002537319380901737,-0.054692403899920805,0.02411625603238765,0.0029134299362502114,0.05022187143137258,-0.009606921320970407
2023-02-03,0.0071189999580383,5445.0,26.0,19280800.0,0.01995369855904139,0.08327727664961859,0.12587872748955664,-0.02148730940505872,0.009492380741038642,0.03762292934954259,0.053303592012055034,0.0826898184689353,0.05809825908198718,-0.0692730220151444,0.0787888667108998,-0.2088086071808124,-0.1785546307800936,0.01250660710033874,-0.0006288231011922774,0.08718686175363466,0.1410373167196779
2023-02-10,0.0070759998634457,4920.0,55.0,19287206.25,-0.10004881933424681,0.0,-0.013139873177116734,0.01660064165135089,-0.14454874637025483,-0.09768934089174552,-0.03444299947166196,-0.054014992839214626,-0.032815015045770446,0.01484414923772448,-0.028897416687992283,-0.003625374149210492,-0.053083767689219,-0.15691916425141728,-0.15184145755773015,-0.1082599781201764,-0.13583553804153037
2023-02-17,0.0069889998994767,5213.0,16.0,19294250.0,0.16338984980986426,-0.009202536169558018,-0.045437762732890186,-0.015595250678100303,-0.0679419532571659,-0.08643287820235823,-0.00623346109060563,0.012169794931039757,0.06616718827855927,-0.08988989595642871,-0.006915601760953738,-0.07612843189796337,-0.036997712398185514,-0.047882973425941305,-0.048176983294697495,0.14450136937057156,0.056819428638227976
2023-02-24,0.0070090000517666,4908.0,33.0,19301062.5,-0.0770759206844408,0.0,0.21126936589967626,-0.002034163131926281,-0.06010571252278729,-0.018308279348475454,-0.08694803673132356,-0.07760498457555476,-0.07262207482712268,-0.11710384398649842,-0.04915051961080774,-0.10549152862706679,-0.14799115640873012,-0.0668440120473181,-0.08906102380685227,-0.18225139642174593,-0.07517115831043397
2023-03-03,0.0068979999050498,5447.0,18.0,19307525.0,-0.04601018913828281,0.18436273560115524,-0.24302444784260135,-0.0009352474169774805,0.001495288069909062,-0.06731850235001047,0.0624135943246229,0.06526795579261091,0.08499468973722935,0.14761681741960075,0.04569271873033065,0.15008130741374104,0.07399542479637217,0.05551628608298431,0.016633951866734192,0.4144379552086529,0.4058078514373915
2023-03-10,0.0069249998778104,6182.0,21.0,19313825.0,-0.11958064032958515,0.0034634369470070148,0.19861135610839936,0.011082681891183777,-0.01334541956802826,0.009917320289201115,-0.1460849404011162,-0.09277548399828794,-0.11350601906946522,-0.04700647258613033,-0.0889154181723073,0.05002673370162536,-0.11099313719455878,0.17584161991921848,0.11560508722924792,-0.17707015401092463,-0.16464538918204008
2023-03-17,0.0070600002072751,5945.0,34.0,19320431.25,0.40159968554247283,0.020087934292639664,0.7558110109145748,-0.0010053909732505861,0.026129973830287367,0.09926181239710763,0.04449980617084326,0.14012244443523536,-0.1806259676064359,-0.0940126195998322,-0.043469550621999975,0.3588904677489848,0.2847218593425469,0.05988074395040122,0.1536494703477504,0.06477576974477284,0.024444722179826517
2023-03-24,0.0070500001311302,6417.0,28.0,19327387.5,0.00286432661672098,0.15570788271369196,-0.7199937845796407,-0.03196208047520677,0.196116607408237,0.0855467831480996,0.04620704397533704,0.05010798876300848,0.04532459459320437,0.1146298191135442,-0.0022227912363002034,-0.004350559609937132,0.09490738871950996,0.0,0.06585077671424133,-0.31898431537925476,-0.3093930655182988
2023-03-31,0.006881000008434,6076.0,27.0,19333725.0,0.054489373066657465,0.0,0.16771027653892112,-0.029740867859885167,0.06177772607583498,-0.07993938475922802,0.10942043884759944,0.08381909652265351,0.1877733816024878,0.1385457184578619,0.10200531441008454,-0.015587891901855278,0.14477419080331172,-0.02281169379017945,-0.04975431051500667,0.11120898565835136,0.17771895041928665
2023-04-07,0.0069510000757873,5063.0,50.0,19340118.75,-0.030354090708437753,0.04940207145676223,-0.7608713018236113,0.01323375095023227,0.013742258227770643,0.05210600023649259,-0.0016043351172119191,-0.024043912191509254,0.02643931117816134,-0.08081814584983638,-0.016548073990284573,0.11854265430245281,0.12386192006418809,0.11572976025680017,0.11632876074235188,0.3184177236531701,0.02667821316470942
2023-04-14,0.0068270000629127,5247.0,19.0,19346443.75,0.1423231716255272,0.0,0.7747633861419356,0.02260960630543085,0.1193796512147548,-0.02797143757664866,0.026231713849230287,0.004341401070937723,0.08633223502363352,0.0659736710396841,0.03037927751219227,-0.00471287576308721,0.06756118676954953,-0.1643756065371148,-0.11148787675663702,-0.2667213484527101,-0.03965355900034062
2023-04-21,0.006800000090152,4727.0,17.0,19352818.75,-0.17932794008492137,0.039008431860211745,-0.0565461787669721,-0.018447755299880964,-0.07428608063091158,-0.0507040811961168,-0.0020857104000899795,-0.016362971835235607,0.025359858630221943,0.046181797628478294,0.003951880112553985,-0.07649074805111256,-0.053083767689218964,-0.032398602730284706,-0.029338052099201595,0.2475186674228813,0.15461650539487026
2023-04-28,0.0067699998617172,5046.0,20.0,19358875.0,0.11539572591806213,0.0,-0.499599776538619,-0.0658414181552176,0.05425789803282233,0.006454327486192346,0.029922257684630305,0.049673848655914954,-0.007553599748627127,-0.020616548368857956,-0.008397462585153948,0.01993845151179352,0.0032172724214036275,0.09814968576590145,0.08801884026856338,0.8963344578530572,-0.16648601856046152
2023-05-05,0.0067569999955594,4861.0,40.0,19365137.5,0.01157498810307478,-0.033437500239240414,0.10060301995432536,-0.008978375202983724,-0.008096566895169688,-0.012525884130708098,-0.0264726506497186,0.002754863022764953,-0.003237073600343754,0.06102562129377642,-0.007903760225107526,0.09642919956290497,0.09169011629810686,-0.0621911370516824,-0.014707668810009289,-0.4921361121519561,-0.2683062891758673
2023-05-12,0.0068129999563097,5387.0,18.0,19371625.0,-0.15217678824828185,0.0,0.24712337438770987,0.01487043392994214,-0.09834296930270692,-0.010544253373018009,-0.008342841600361028,0.017865507625999477,0.012409424156388571,0.05195484790446503,0.04272899708193045,-0.023563825661006232,-0.24933278315506208,-0.02961413591228823,-0.01912114044575164,0.6671446914486936,-0.17139315103376307
2023-05-19,0.0066940002143383,4968.0,28.0,19378312.5,0.004514645033680487,0.07304458674704617,-0.23054728100115163,-0.0012625840129190102,-0.12139347513339394,-0.13188177684941116,0.05639465917530018,0.09584195172513854,0.04154822273338232,0.0700970458279413,0.06322857431273832,-0.11491728015323921,-0.025737565739259144,-0.15141593623933783,-0.1470509262598203,0.043108756026793316,0.2166340751037784
2023-05-26,0.0066599999554455,5089.0,33.0,19384718.75,-0.009365681914208612,0.0,0.030640906228779574,-0.004535949972341413,-0.04523854897420232,-0.042934777538433666,0.011230844138582441,0.09926395194205861,-0.07662058620811041,-0.05607789712029443,0.017042153222361467,-0.0986042027906584,-0.07721300403376048,-0.00047827582057013984,-0.05146981487859453,0.11535944071207904,0.26968494240594965
2023-06-02,0.0066979997791349,5035.0,30.0,19391331.25,0.02950034374399646,0.07968915848985181,0.17579234631999202,0.013561087546174022,0.03226986157382272,0.03896484947712886,0.06337410245893782,0.05217876000755428,0.00701472950364046,0.155039217610889,0.05804168455600767,0.004712875763087432,0.049866802083800635,0.05593649646846938,0.07447630923450632,-0.36136264592784273,-0.0631597784536202
2023-06-09,0.0066789998672902,4428.0,47.0,19397737.5,-0.04259464617845998,0.0,-0.2971687904064655,0.023965715060048742,0.019467317292320097,-0.003560768808977599,0.015883391062591734,-0.0012525841196382448,-0.018345985155564515,0.06006257805464066,0.009138769869284635,0.03588865956679599,0.0932987525088087,-0.0033521328478409995,-0.01326968972571857,-0.6304391045672897,-0.16162253737676702
2023-06-16,0.0065100002102553,4659.0,20.0,19404256.25,-0.008505273725077478,0.05279546062680662,0.5488360679221467,-0.017465745512055264,0.14490219733652998,-0.0430278314077992,0.08978595830067326,0.11212117819060308,0.07580350654355206,0.07390233635499643,0.04816236114665373,-0.014862706441125972,-0.014477419080331122,0.032567450903359746,0.02653820845869742,0.8541063082439138,0.3207605888534115
2023-06-23,0.0063769998960196,5349.0,8.0,19410206.25,0.2428460481168826,0.0,0.19454196147483416,-0.007528741706669173,0.011500913477547892,-0.08212156743832888,-0.050324148102811384,-0.04084693254949645,-0.1495277186866717,-0.18766190037110597,-0.07162641376992274,-0.12434303167941585,-0.25737596420857173,0.034960740053415845,0.011793067881019359,-0.9434161823687808,-0.20920971826314938
2023-06-30,0.0063550001941621,4911.0,22.0,19416437.5,-0.013007706513493034,-0.0806161811771513,0.359093462240737,-0.01702150298899041,-0.08067042098884825,-0.050410475405399335,0.0810820852381533,0.057517141998982835,0.10095791821778155,0.07224191697717486,0.07039140412574585,0.002537872535333996,0.04986649526781651,-0.018678351634779655,-0.01768784533241957,0.4860128256664402,0.16838484965835887
2023-07-07,0.0063769998960196,5014.0,25.0,19423012.5,-0.006737273671927113,0.0,-0.8118334142623609,0.022820036974251723,0.020068395582274468,0.02372734781671948,-0.03808495729248618,-0.0265853015876496,-0.1511640180882461,-0.024911174253729573,-0.05162016202713082,0.013412888674100953,0.04664952966239641,-0.17201426732633882,-0.14869265808081017,0.7564818711989145,0.07106066187245696
2023-07-14,0.0064530000090599,4411.0,23.0,19429500.0,-0.0010324898269575833,0.1544443352354401,0.9121128084931895,0.002829123436356662,0.2954606683699206,0.1763484710725698,0.08639590027849842,0.10725906587879108,0.14679869828791547,0.06642882129266425,0.016794925170307895,0.10114152217155992,0.2702447470781999,0.10612833495792429,0.1581484244534873,-0.9171140387470493,-0.04839836735157621
2023-07-21,0.0064170002005994,4616.0,24.0,19435618.75,-0.02329374763904335,0.0,-0.8160779996849498,-0.002571930396688016,-0.07667346200792335,-0.05525983197509787,0.023350189446286418,-0.028758570999491306,0.048568944439906,0.0049819092783187635,0.05853614066011503,0.027188646655782245,-0.04664952966239638,0.021129706219919497,0.007394819150892407,-0.6677522416128084,-0.3734513330163265
2023-07-28,0.0065569998696446,4817.0,21.0,19441812.5,-0.033008588747422185,-0.07487485707386621,-0.13998421987872106,-0.026303833602492777,-0.1405623697535877,0.030713332335467358,0.03816593398344659,0.0656263140466915,0.06057517894516096,0.11791191475037155,0.06322857431273854,-0.011600201599494708,-0.04021498481958974,-0.09220141675465066,-0.04877653157739853,0.8558811738918891,0.22995863125626426
2023-08-04,0.0064010000787675,4617.0,19.0,19448100.0,-0.013228637132379872,0.0,-0.3279736020076901,0.00965642958029278,-0.02412144109377823,-0.1124843505704991,-0.08140399872960247,-0.09563849671637081,-0.12224179484402842,-0.18184913025902216,-0.0671804544252923,-0.06053998684167761,-0.10616753537843801,-0.1447361191479029,-0.05888688289154026,-0.8924775382718794,-0.28659617952113026
2023-08-11,0.0062830001115798,4944.0,25.0,19454531.25,0.01804359237917008,0.0029738250424968804,0.2674185256824632,0.012345265904103009,0.02668978089963059,-0.06514993053533269,-0.009340225273943403,-0.048488312209620466,-0.0010910089392133226,-0.016607449502486826,-0.02815648627589229,-0.09389132702757119,-0.13833964596050388,-0.055858948551873344,-0.06817402630970776,1.2837193647427583,0.3347435519574673
2023-08-18,0.0063080000691115,6623.0,25.0,19461418.75,-0.1861740137601191,0.0,0.42372098744170683,-0.005214004349649581,-0.09498624335949979,-0.024304559579386043,-0.07367408839004952,-0.06779958345853299,-0.11241800623169262,-0.1752054993131732,-0.0644635839569152,-0.08229112542807537,0.011260453474912734,-0.07704633819743789,-0.05483290602687049,-0.5688512665825347,0.18204406569783038
2023-08-25,0.0063359998166561,6129.0,23.0,19467831.25,8.881632920076932e-05,0.15280283711139142,-0.4051197869329789,-0.014356047850604181,-0.0670329281672496,-0.009893154060385934,0.027939699130871576,0.04924022232409575,0.037654574902848514,0.04649988188968057,0.04915014273877705,0.08301575773437175,0.21716067257299565,0.0698236856898441,0.03260277985734694,0.01355041658166023,-0.279764752697661
2023-09-01,0.0063390000723302,4788.0,85.0,19473768.75,-0.014016326951977853,0.0,0.24957609539645886,-0.006663637845964798,0.039918794460801155,0.016674975612067877,0.09034133382113718,0.11344543396105777,0.07039725549952935,0.18101859499768436,0.10719258103884566,0.09026650603279274,-0.008042874237523284,-0.004117679768305238,0.046690993508081174,-0.03852823737374833,0.22918382086574307
2023-09-08,0.006341999862343,7825.0,24.0,19480000.0,0.0060139756909991515,-0.06959771835913853,-0.6011980880906657,0.019359621531434223,-0.12985936654122843,-0.05171128516684398,-0.04565366172726604,-0.04188373105377474,-0.03328839907353376,-0.037366598594380074,-0.01234934269770771,-0.07359055936262937,-0.18659750501761685,-0.023182624957729714,-0.031206956511683676,-0.0324186037009091,-0.2752141057561486
2023-09-15,0.0063709998503327,5884.0,25.0,19486843.75,0.03876610728785457,0.0,0.2618291032678622,-0.001122296900372799,-0.053842011117416266,-0.004145202662953595,-0.004719072390122037,-0.014796727910412866,0.07595416764461249,0.09549169513580114,0.032355217568469374,0.00942519837174216,0.01608605529103179,-0.06810158712824033,-0.031206956511683676,1.9721010063101143,1.1758675266064693
2023-09-22,0.0063530001789331,6365.0,29.0,19493168.75,-0.0012395428944067532,0.1404785627620948,-0.20655388562268379,-0.007318311037849634,0.02164410962055996,-0.0044379751354155506,-0.10463882753615117,-0.10351287346355575,-0.09477096874099056,-0.10379541988704477,-0.08891541817230753,0.0101503838324708,0.07560406100707395,-0.07389667035351066,-0.04755518614994314,-1.7886072039347856,-0.9448830900444445
2023-09-29,0.0063359998166561,4922.0,48.0,19499625.0,0.01810964952401306,0.0,0.4172314676422176,-0.024737294179055125,-0.08797013585525515,-0.04580333666869674,-0.023755571219186367,0.003013548873559424,-0.033610693985746565,-0.13700934217473693,-0.009879323409353935,-0.25992339565074685,-0.19946628788724613,-0.13233914875723152,-0.10253680825474928,-0.7605299301575664,-0.159650954129525
2023-10-06,0.0063829999417066,5207.0,26.0,19506075.0,0.057575740506380035,0.00953813159022543,-0.2916325303928639,0.02214198259694289,-0.014042797372748828,0.02351540721284029,0.016644821116668984,0.05383311639198296,-0.05124232295474762,-0.06559796045889865,-0.04198768979779999,-0.0634401755301588,-0.09812466114091419,-0.1753946688728396,-0.120404986469075,-0.2158441420128543,-0.12695613821400697
2023-10-13,0.0063330000266432,5089.0,29.0,19512950.0,-0.060156965073773994,0.0,0.006897933784732274,-0.0010755345295239138,-0.008780187626352465,-0.0355949105435458,0.015837296638506082,0.0048556901208787195,0.039671807201991705,0.0033214899004972986,0.06890916642951539,0.3309766356324749,0.16890312033186794,0.13663408090632267,0.09984118296807401,-0.13060280606565444,-0.05995868388245251
2023-10-20,0.0063029997982084,6916.0,35.0,19519418.75,0.15662038021860192,0.1754568882759293,0.9817784247105702,0.01199454812273637,0.0441644390018312,-0.0003194386559244311,-0.08330707554669581,-0.08941385237614097,-0.1647474859952287,-0.13285764258532828,-0.12250526851292287,0.17255707830643696,0.09973299053563188,-0.21173446300952548,-0.17286077723445514,0.11174827175908231,0.15535493971071912
2023-10-27,0.0062919999472796,6635.0,28.0,19525881.25,0.23443791725186847,0.0,0.022416212215277342,-0.0380411886855605,-0.019558325624954298,-0.014935562687373949,-0.08492312113921607,-0.07777709929256837,-0.045732492403746994,-0.02906287384313755,-0.07187326494994606,0.09280382541369447,-0.0353890761874854,0.05475073916252016,0.06408023569188985,1.0712542938673961,0.3486865013793832
2023-11-03,0.0062560001388192,7269.0,33.0,19532362.5,0.045772605457671034,0.06777596200911784,-0.09565113603116493,-0.0010521533440996933,0.04849897540264547,-0.0034532707569920884,0.19400644779337162,0.1875349112197029,0.16915517923023438,0.34875123039337996,0.15189676443299205,-0.04930210139533031,0.00643423802682145,0.17253036208160188,0.19184022755870916,-0.0031537997283259678,-0.042123494470593936
2023-11-10,0.0061900001019239,6677.0,33.0,19538843.75,0.14372869003512756,-2.6645352591003757e-15,0.26863874964559,0.026818219681830513,0.043039533681012765,-0.022312651230056435,0.04783430172506664,0.08941436615141574,-0.012672653068753092,-0.12455424340651278,0.00666875058093086,-0.19140802820435265,-0.1415566115659217,0.017502908583746812,-0.01793726678596512,0.48793104584752167,0.21436784565169043
2023-11-17,0.0061110001988708,4905.0,12.0,19545256.25,-0.03859013993562588,0.10478273877460387,-0.5212247415876174,-0.0001402871125473215,0.16527430677306254,0.016841917031399367,0.08225687015470196,0.06404645507708984,0.13995217847949393,0.17105412529619324,0.05730075414390767,0.15080649287446946,0.22681248983720714,0.09966702726694132,0.14348056939662618,0.08746674441350777,-0.3191964176425002
2023-11-24,0.0061260000802576,7083.0,90.0,19552093.75,0.06165685083315031,-3.9968028886505635e-15,0.2164528705725195,0.011947785751888373,0.04665658578501308,0.02830393155155253,0.03644150420456427,0.029051166018414287,0.05454916291722944,0.035706179216559164,0.02815648627589229,0.06706554967936817,0.08364724206058305,-0.011667714367134763,-0.011958177857310098,0.5956312586479515,0.29437338428608095
2023-12-01,0.0061989999376237,6159.0,29.0,19558475.0,0.05344467099443451,0.15511774428523273,0.283544040376261,-0.0023381185424438122,-0.01265439118186562,0.04406670147146241,0.030705364575980054,0.0036002802372296916,0.06666967729175566,0.054802955496069616,0.04989145002290751,0.23527206837586934,0.1705114497265839,0.16940628887024656,0.21711142187310484,-0.86988895969822,0.01080733178515847
2023-12-08,0.0064190002158284,8079.0,25.0,19564543.75,0.3045478622166906,0.0,0.08986658546867443,0.023334423053588793,-0.08869714427990127,0.10394894968419655,0.008888250758860794,0.01866956593085356,0.07107822655574347,-0.045669346628342655,0.05063238043500751,-0.23092206192036135,-0.35871759095490313,0.07559699437695688,0.0014988707067525309,-0.5803264556373309,-0.5878701051725582
2023-12-15,0.0063900002278387,5240.0,21.0,19571150.0,-0.12473254252528032,-0.030836364085715662,-0.16615385097185942,-0.0013093463837681174,0.1788377230448427,0.05808839183010872,0.08914761281685646,0.11026054103339633,0.046813228995160605,0.03736594744952648,0.0543370324955077,0.0493021013953292,0.11742768203736492,0.2404184059321286,0.23681220372498352,1.5098645539202096,0.08636771409458655
2023-12-22,0.0063910000026226,4494.0,41.0,19577968.75,0.11484395447290274,8.881784197001252e-16,0.18359512994142513,0.016881215876443534,0.011170743712640263,0.0061676660140923545,0.03504820680194731,0.03228024361969695,0.009400910294585563,0.1131852542548395,0.003210949700453769,0.11854265430245081,0.04664952966239755,-0.03278252221884087,0.02560844022341502,-0.04850161703410372,0.2395146260726937
2023-12-29,0.0063849999569356,5522.0,17.0,19584281.25,-0.10738171751387582,0.2223377671049387,0.6525677642712016,0.006102489395778621,0.055043109460901074,0.019000489027248824,0.01346754492243285,0.011370103716020541,0.011612461172937572,0.07365425016560434,-0.008397462585153948,0.032626154725166945,-0.054692403899920805,0.019571871718095157,0.028559341927334003,-0.30092164420793344,-0.252602737739809
2024-01-05,0.0063100000843405,7212.0,23.0,19590862.5,0.11686563616633294,-3.552713678800501e-15,-0.7609170080674554,-0.004255375747247658,-0.10723956293591719,-0.09716518372325234,-0.05995464366896819,-0.10718148581231635,-0.02764888013156175,-0.05841485600147234,-0.011855640337661288,-0.06597749491106142,-0.09169042311409216,-0.12672704805436813,-0.12025041542744108,-1.09608193372004,-0.20800567019149452
2024-01-12,0.0062750000506639,14010.0,32.0,19597156.25,-0.07785139825877407,0.05636153575499625,3.1875397664837166,0.006523350733418365,0.030414773119078697,-0.00798291089801384,0.07106937969066496,0.10751749484194861,0.0016589841696319496,0.24805493443917515,0.052114241259207494,0.013050572520953985,-0.0032169656054183843,0.011254380151595411,0.10672193630625981,-0.30727020210261546,-0.17911942929417257
2024-01-19,0.0062020001932978,8999.0,17.0,19602912.5,-0.06388947130843126,0.0,-1.8877701147641175,-0.003413653071968392,-0.09099563379713083,-0.08556761610389185,0.0466495504465545,0.09752944661478269,-0.08073508951633546,-0.06349573929760632,0.01580714357818458,-0.06452823029846777,-0.08364724206058305,-0.11889776455391143,-0.11874686074972995,0.5795004604703886,0.11286040927846719
2024-01-26,0.0062380000017583,5843.0,37.0,19609662.5,0.010606890114787992,-0.13500958632909388,0.2947948047798592,-0.030372159866344228,-0.028493015769499808,0.011040355494290388,0.040402883926345945,0.0220740977884355,0.16368172991102292,-0.03809718312062205,0.09706602957743815,-0.033351340185892475,0.03056347437136348,-0.015168830897102747,0.004508322047654056,0.2215510177117297,0.20370601816522127
2024-02-02,0.0062790000811219,5720.0,20.0,19616556.25,0.07578031248222605,0.09475321584591612,-1.5214146110757834,-0.012836270798016747,0.024502406207130845,0.035072697784255036,0.05630396528142456,0.043644952695333306,-0.0005529947232110199,0.10159292241822837,0.052361092439230816,0.058002667460774315,-0.01769469150173418,0.12717208905354022,0.07686747640887248,-0.43338123279762364,0.029431882017407318
2024-02-09,0.0062130000442266,6974.0,29.0,19623406.25,0.22051540254760882,0.1492687646887827,0.8149381232041994,0.029764249045309166,-0.08645685776610645,-0.07662750032911259,0.05557417842658463,0.06748129967587646,0.009953477003304956,-0.01862534740518007,0.04470456026617686,-0.036613845027526626,-0.011260146658927477,-0.10897239524877128,-0.0949721951566076,-0.6529321134522119,-0.27600346657653874
2024-02-16,0.0061889998614788,7801.0,31.0,19629862.5,0.2780533961140781,0.29437600775035344,0.5298648323033661,-0.030559209349740435,-0.002989517903390304,-0.018310223757739053,-0.013710973313410868,-0.0543877368009853,0.07907653336119425,0.09312608588104632,0.039518047381476906,-0.04567728040054897,0.11421040961596242,-0.05350386034595578,-0.05577555518228905,-0.14541610781991277,-0.010636364234198337
2024-02-23,0.0061349999159574,9718.0,27.0,19635987.5,-0.07878063910303545,6.217248937900877e-15,-0.5213039532132107,0.0022212126153215994,0.04597190681740426,-0.014196409414849898,0.06766212969410068,0.05212173095206607,0.05695674443275767,0.12529719968498054,0.03210836638844583,0.08265344158122256,-0.06434391434814705,0.05448600661966507,0.027135414755919074,0.6582157519581087,0.2428030232230749
2024-03-01,0.0061630001291632,12211.0,28.0,19642231.25,0.648757766442047,-0.10865572696452919,2.721653444021384,-0.0029226481780548763,-0.018379450246413076,0.010247036536645604,0.040564837308266544,0.0741123402583681,0.007741498110461098,0.09651334141180246,0.020499954102838558,0.15479418317682825,0.02895483816066223,0.04402315003054624,0.05168293555721093,0.06881017589074823,0.3328810969342423
2024-03-08,0.006171999964863,15235.0,32.0,19648806.25,0.3240763525996835,-0.0036461653343793365,-0.03949805243042448,0.038508812394049574,0.12887309019221738,0.05985502648376806,-0.009167558052911584,-0.05531150474483715,0.06912220032890626,0.0990528063425884,0.006421522528877066,0.31683856149764544,0.1705114497265845,0.06204291738843881,0.08162990388103075,0.052181050050484235,-0.1982496069643671
2024-03-15,0.0061920001171529,10551.0,38.0,19655337.5,0.06816653266150041,0.2174392759155812,-0.2749671701267191,0.011480162043399522,-0.05924430807203995,-0.011643122349411561,-0.0024821224472222347,-0.04280518700889013,0.019357811413823534,-0.14646331431065462,-0.016548073990284795,-0.0696028690602708,0.12868813551227826,-0.13738167338304352,-0.12698245268769148,-0.8125061880178996,0.11843322391827282
2024-03-22,0.0060689998790621,8515.0,23.0,19661556.25,-0.31532017274461444,0.0,-0.7153863090202695,0.01849451767072985,-0.018681047627815306,-0.0885220070120929,0.0926126677128134,0.10953354901974244,0.06597586580079184,0.19302603167875088,0.11756560680824579,0.023200956353422564,-0.07560436782305924,0.0512106576695352,0.08012283622510064,0.21591240607623796,-0.25561467672268057
2024-03-29,0.0061160000041127,8094.0,33.0,19667956.25,0.33787563464717785,-0.03883218975797709,-1.2576573407640996,-0.010381246328450722,-0.06026656445953815,0.005013242488818737,0.015136910551461824,-0.01991829673593193,0.03770080046794666,-0.03979015974114608,0.023216824571215433,0.19467053304598414,0.03056347437136403,0.031513486854677475,0.012090500036890606,0.7501401397105706,-0.07160266538507531
2024-04-05,0.0060999998822808,6781.0,32.0,19674318.75,-0.11341789728717533,-8.881784197001252e-16,-0.42164906688308923,0.03998182707578879,0.03780020513599003,0.003853263508687421,-0.037761050528644535,-0.029751184830148603,-0.07318405785465787,-0.11683166543750656,-0.06149986230851434,0.34148933561809347,0.36676077200841284,-0.14416004891034734,-0.11128880799089658,-0.6879925364060694,-0.056997671404122374
2024-04-12,0.006085000000894,7927.0,37.0,19680868.75,-0.03898093178410855,0.15428326754594046,0.5357962925315318,-0.003530558999089717,-0.09782866639968091,-0.04890133608567049,-0.06168754485551986,-0.01848974458471986,-0.0022171150667436024,-0.060108483766850185,0.032108366388445386,0.0634401755301588,0.0965157181142271,-0.05434389910748305,-0.07277836976201313,0.6816303256987105,0.14563525255826437
2024-04-19,0.0060729999095201,8069.0,27.0,19687493.75,-0.1837410014420784,4.440892098500626e-15,0.04601398153301384,0.0008884850461283733,-0.07338340495955098,-0.035712686187110654,-0.12768828201016258,-0.19851043552477887,-0.0665305725819696,-0.22519649433783107,-0.1358427696747846,0.15008130741374082,0.09169042311409215,-0.05632003394758345,-0.06216214958434252,-0.37749344410540586,0.1578721640780466
2024-04-26,0.0059879999607801,7760.0,37.0,19690687.5,-0.005419461387412561,0.08115540173896196,-0.7218910692216229,-0.061398992924573514,0.07583639699497158,-0.024473445407861005,0.10661042309174884,0.1374109954231797,0.11421053092271993,0.06349508815275229,0.08323482605553068,-0.15986937509306332,-0.21072674136215885,-0.04495716311464548,-0.009097442594344085,0.3355656563751501,-0.22849267544696816
2024-05-03,0.006087000016123,5283.0,17.0,19693681.25,-0.04624999322712453,1.7763568394002505e-15,-0.7896460134828442,-0.01898552256464381,0.003066769162488825,0.06392634159675614,0.024658772772206294,0.03765150722870425,-0.011088571435158734,0.20149156592622486,-0.007162829813007754,-0.13268017528284926,-0.10777617158914099,0.094595851933028,0.1268618404355074,0.0026964305036554226,-0.4630965314388929
2024-05-10,0.0059650000184774,4536.0,27.0,19696621.875,-0.1180496688549888,-0.23442836833591185,-0.4824107455753087,0.02073911147147678,0.046240698869603025,-0.058794767918868285,0.07771993302947866,0.055300458576431843,0.18295907460041638,-0.09651269026694842,0.08916226935233063,0.2084462910276641,0.24933308997104797,0.013881459079754466,0.004561016720938338,1.8502906116082778,-0.22703763246007366
2024-05-17,0.0059179998934268,5195.0,28.0,19699784.375,0.34752330840659873,0.0,1.3774391553466074,-0.010498152255573157,0.07335589081247751,0.00024721774241065475,0.07006950442659132,0.081522007269617,0.036591386905591605,0.05672253052580234,0.027415555863792296,0.17944495729727494,0.4857970902564801,0.0629624141137669,0.06539643153125696,-0.9577379828666763,0.14402743005774596
2024-05-24,0.0058880001306533,5170.0,26.0,19703090.625,0.08309766780424432,0.058330253913898567,0.12278020964988423,0.0072949298524249695,-0.048923328209461214,-0.038984571342032925,-8.122585000958082e-05,0.05202308609933004,-0.01885018622672785,-0.028784509418032123,0.0014818608241999875,-0.2805870326232669,-0.16890312033186805,-0.0004958482548715892,-0.02129216098506359,1.112342433618032,-0.11236569466292295
2024-05-31,0.0058820000849664,4909.0,29.0,19706193.75,-0.05917832014639446,-3.1086244689504383e-15,0.38797016401193263,-0.011760736268492167,0.020176335697726366,0.0004844356660518301,-0.016846141628348743,-0.06084769021701231,-0.02217671485582562,0.042330275816786056,-0.06718045442529119,-0.022475770892695035,0.003217272421404349,-0.04610624751422454,-0.004562187713678001,-0.23870577684004823,0.16507826447064122
2024-06-07,0.0058929999358952,4392.0,28.0,19709225.0,0.10259729288024788,-0.0314476922807736,-0.056865293400743866,0.03668507993094261,0.05239434368667428,0.030658888877594936,0.05403761457073042,0.10295311530180573,0.07207464429230281,-0.022011951791081952,0.11805968604032246,-0.13413054620430742,-0.17533735835869058,0.06755531362710998,0.04561368018760281,-2.986477682566229,-0.21967147733892056
2024-06-14,0.0059270001947879,4538.0,33.0,19712368.75,-0.18453701779253873,4.440892098500626e-15,-0.4850793042647328,0.007014355627331215,-0.1381284259738348,-0.03489186772774855,0.07137210793533244,0.13640245455900812,-0.15080234584280294,-0.07378708371583009,0.047915509966629966,0.1497184381061607,0.05469240389992136,0.15769502542679864,0.14339391593389206,2.323483446171263,0.027376633798418842
2024-06-21,0.0058769998140633,4597.0,36.0,19715490.625,-0.10473610110781184,-0.001958013113391832,-0.7168438713538636,0.004231994561823882,-0.02878191431379218,-0.04306783068299258,0.02837473083061548,0.008320333685596815,0.04412315791514443,-0.09814836614031619,0.035566167268923365,-0.03443884179977008,-0.0048259086321059685,-0.03531982892828289,-0.021357736578484054,-0.07854463132926082,0.14125193556024482
2024-06-28,0.0058079999871551,3687.0,17.0,19718384.375,-0.21066345123102614,0.0,0.9457984506462767,-0.021440547034209834,0.0018318072533705099,-0.04101592342099236,-0.002368007602730593,-0.002592766923607659,-0.03366034366677706,0.1809349228839392,0.021734963747014557,0.008337696757867441,-0.0659525505588483,-0.10844636824803316,-0.07169637247057614,0.007788929632077668,0.17402677884004203
2024-07-05,0.005729999858886,4547.0,28.0,19721425.0,-0.204169867362344,-0.16995128546064864,3.264935445185699,0.0098200978782641,0.07530939525483582,-0.02145322235926006,0.08507386236392689,0.14352183854007006,0.060588875408893905,0.15106430384935576,0.007162452940977282,0.21460898455777455,0.3072424594763865,0.05344732294863597,0.08737245227627632,-0.7061712564851428,-0.18846444287750208
2024-07-12,0.0058140000328421,4441.0,29.0,19724690.625,0.07035585517629661,-0.02778049858490661,-3.6399850064611603,0.0,0.07052722484583418,0.0797882763863349,0.04367957458117688,-0.011279679267678588,0.08415107317418835,0.13228723969318246,0.04964422197085394,0.07902862058644633,-0.0579093695053392,0.06886828007702855,0.08874953973810518,1.1455938588922225,-0.08971067535697658
2024-07-19,0.0058369999751448,4161.0,27.0,19727990.625,0.48820171263574164,0.12074374271328381,0.43707585913596514,0.0,0.025569108524518214,0.025217320817106925,-0.08980888093319184,-0.16481859433793433,-0.16044808042661218,-0.09217411210442883,-0.09731250388542989,-0.05002728685605984,-0.23002976225861071,-0.05090237605036696,-0.03978447832962295,-1.026793909385606,0.08871033330348665
2024-07-26,0.0059949997812509,4953.0,48.0,19731568.75,0.06753815713240519,-3.1086244689504383e-15,-0.4483846892732708,0.0,-0.044631121265688134,0.08527762135888883,-0.03714811926783712,-0.10328501412924096,0.03590442364649471,-0.11009752535694517,-0.030873356744269387,-0.03987634986915367,-0.1946406860711265,0.0034930943316995866,0.033663699279470216,-0.33362695697505407,0.0686780289814175
