Date,USD_OnChain_Volume,Nr_Transactions,Nr_Addresses,BTC_PageViews,Crypto_PageViews
2010-07-30,0.0,325.0,374.0,0.0,0.0
2010-08-06,0.0,3018.0,3495.0,0.0,0.0
2010-08-13,0.0,2748.0,3131.0,0.0,0.0
2010-08-20,0.0,2645.0,2886.0,0.0,0.0
2010-08-27,0.0,2483.0,2698.0,0.0,0.0
2010-09-03,8831.8405999,2389.0,2635.0,0.0,0.0
2010-09-10,8242.776,2168.0,2403.0,0.0,0.0
2010-09-17,15175.705224,2773.0,3010.0,0.0,0.0
2010-09-24,14275.692599999998,3858.0,4434.0,0.0,0.0
2010-10-01,14302.320268,3950.0,4321.0,0.0,0.0
2010-10-08,48760.0216,2766.0,3438.0,0.0,0.0
2010-10-15,50856.4669,2517.0,3109.0,0.0,0.0
2010-10-22,34288.3974,4268.0,5335.0,0.0,0.0
2010-10-29,71495.4791,3518.0,4498.0,0.0,0.0
2010-11-05,73710.71810000001,2501.0,2804.0,0.0,0.0
2010-11-12,258812.6514,2847.0,3166.0,0.0,0.0
2010-11-19,61932.8031,26296.0,9482.0,0.0,0.0
2010-11-26,77015.7778,30692.0,4296.0,0.0,0.0
2010-12-03,57248.727699999996,3163.0,3966.0,0.0,0.0
2010-12-10,57208.408840000004,3272.0,4151.0,0.0,0.0
2010-12-17,49160.9085,4127.0,5913.0,0.0,0.0
2010-12-24,77357.125053,4321.0,5816.0,0.0,0.0
2010-12-31,48265.519271,4066.0,5552.0,0.0,0.0
2011-01-07,37794.808435,6359.0,5628.0,0.0,0.0
2011-01-14,96605.537412,9023.0,8126.0,0.0,0.0
2011-01-21,91443.785706,6548.0,8574.0,0.0,0.0
2011-01-28,382697.60147899995,7638.0,9728.0,0.0,0.0
2011-02-04,194110.563317,8984.0,10944.0,0.0,0.0
2011-02-11,344929.49256,9095.0,12765.0,0.0,0.0
2011-02-18,224385.44851000002,14360.0,19916.0,0.0,0.0
2011-02-25,199382.00162,14120.0,20524.0,0.0,0.0
2011-03-04,616792.42291,15865.0,20235.0,0.0,0.0
2011-03-11,446006.72533,13824.0,20080.0,0.0,0.0
2011-03-18,523560.68732,20085.0,18086.0,0.0,0.0
2011-03-25,416339.32182,24091.0,27516.0,0.0,0.0
2011-04-01,406220.10895,16877.0,25739.0,0.0,0.0
2011-04-08,309106.98422,13313.0,22378.0,0.0,0.0
2011-04-15,393105.11857,14767.0,24577.0,0.0,0.0
2011-04-22,4097101.84612,18025.0,27661.0,0.0,0.0
2011-04-29,1320646.22407,21779.0,33953.0,0.0,0.0
2011-05-06,3052976.3023,24006.0,39705.0,0.0,0.0
2011-05-13,4751600.515699999,23967.0,41675.0,0.0,0.0
2011-05-20,11339030.644000001,32036.0,64254.0,0.0,0.0
2011-05-27,9981636.340300001,39934.0,74126.0,0.0,0.0
2011-06-03,5274990.078,43283.0,81729.0,0.0,0.0
2011-06-10,19567419.122,71368.0,131372.0,0.0,0.0
2011-06-17,41815397.794,85388.0,162580.0,0.0,0.0
2011-06-24,31168001.223,76823.0,158976.0,0.0,0.0
2011-07-01,12187407.572,72389.0,156092.0,0.0,0.0
2011-07-08,7739892.1759,63178.0,153145.0,0.0,0.0
2011-07-15,5693843.1389,60970.0,158939.0,0.0,0.0
2011-07-22,7530495.5831,61283.0,130506.0,0.0,0.0
2011-07-29,6420604.5563,56918.0,147526.0,0.0,0.0
2011-08-05,7338061.9418,54724.0,129307.0,0.0,0.0
2011-08-12,6499787.8979,53126.0,120334.0,0.0,0.0
2011-08-19,0.0,55639.0,123610.0,0.0,0.0
2011-08-26,0.0,51979.0,137438.0,0.0,0.0
2011-09-02,13932575.5725,49369.0,107264.0,0.0,0.0
2011-09-09,5004715.0043,49015.0,100183.0,0.0,0.0
2011-09-16,7851422.6811999995,44413.0,88848.0,0.0,0.0
2011-09-23,3157268.8169,46389.0,101978.0,0.0,0.0
2011-09-30,2330773.5884,40661.0,83617.0,0.0,0.0
2011-10-07,3241027.9236,40096.0,78833.0,0.0,0.0
2011-10-14,2280354.966,39715.0,76511.0,0.0,0.0
2011-10-21,2238551.0812,36189.0,71130.0,0.0,0.0
2011-10-28,2334521.6928,36949.0,72183.0,0.0,0.0
2011-11-04,2979530.0619,40319.0,74414.0,0.0,0.0
2011-11-11,2984044.1442,40174.0,75168.0,0.0,0.0
2011-11-18,19662120.7698,39051.0,73544.0,0.0,0.0
2011-11-25,34257236.729100004,36212.0,60196.0,0.0,0.0
2011-12-02,59865336.0593,41684.0,70285.0,0.0,0.0
2011-12-09,76814661.516,42774.0,70303.0,0.0,0.0
2011-12-16,5039810.0815,37083.0,62138.0,0.0,0.0
2011-12-23,4063346.599,38712.0,64405.0,0.0,0.0
2011-12-30,3112029.8086,36059.0,60698.0,0.0,0.0
2012-01-06,6274682.9614,40690.0,67420.0,0.0,0.0
2012-01-13,6774748.409,45780.0,75818.0,0.0,0.0
2012-01-20,7119270.1113,47174.0,78158.0,0.0,0.0
2012-01-27,5518259.035499999,45955.0,76215.0,0.0,0.0
2012-02-03,4961236.9716,46130.0,79753.0,0.0,0.0
2012-02-10,4915644.5715,50127.0,81893.0,0.0,0.0
2012-02-17,9438942.2662,57842.0,90033.0,0.0,0.0
2012-02-24,4463598.9141,47371.0,82470.0,0.0,0.0
2012-03-02,5399784.7769,46762.0,82229.0,0.0,0.0
2012-03-09,4185424.1099,44899.0,81880.0,0.0,0.0
2012-03-16,4942355.103399999,44243.0,79990.0,0.0,0.0
2012-03-23,4932922.3891,46144.0,82498.0,0.0,0.0
2012-03-30,4995074.7863,47457.0,82327.0,0.0,0.0
2012-04-06,5588739.5714,46836.0,81824.0,0.0,0.0
2012-04-13,7137539.4642,50451.0,76458.0,0.0,0.0
2012-04-20,7159196.1778,56363.0,96361.0,0.0,0.0
2012-04-27,6688819.536699999,53170.0,91047.0,0.0,0.0
2012-05-04,6080366.5808,72855.0,106757.0,0.0,0.0
2012-05-11,8141145.450300001,108202.0,128710.0,0.0,0.0
2012-05-18,7344654.6594,143141.0,146931.0,0.0,0.0
2012-05-25,8116177.8859,204968.0,170723.0,0.0,0.0
2012-06-01,10786365.4997,183092.0,161684.0,0.0,0.0
2012-06-08,9490969.6437,209740.0,177752.0,0.0,0.0
2012-06-15,10115428.746,298263.0,213864.0,0.0,0.0
2012-06-22,11612349.454,244817.0,196383.0,0.0,0.0
2012-06-29,11518898.234,183917.0,184438.0,0.0,0.0
2012-07-06,10064104.8693,158431.0,176576.0,0.0,0.0
2012-07-13,13041467.773,186732.0,183150.0,0.0,0.0
2012-07-20,18134493.223,216129.0,196595.0,0.0,0.0
2012-07-27,16339014.367999999,215709.0,201078.0,0.0,0.0
2012-08-03,20891264.055,237144.0,227506.0,0.0,0.0
2012-08-10,18467660.879,225781.0,224901.0,0.0,0.0
2012-08-17,22617522.498999998,291153.0,263497.0,0.0,0.0
2012-08-24,41066205.977,254332.0,259722.0,0.0,0.0
2012-08-31,23543221.43,234640.0,220477.0,0.0,0.0
2012-09-07,20168134.517,269954.0,232215.0,0.0,0.0
2012-09-14,30627748.63,227733.0,215583.0,0.0,0.0
2012-09-21,31906716.107,206790.0,210981.0,0.0,0.0
2012-09-28,25245400.584,196908.0,189474.0,0.0,0.0
2012-10-05,28705581.11,197920.0,227023.0,0.0,0.0
2012-10-12,22077466.362999998,228662.0,244081.0,0.0,0.0
2012-10-19,20971809.016000003,211201.0,223920.0,0.0,0.0
2012-10-26,30815226.089,227836.0,217247.0,0.0,0.0
2012-11-02,25065168.286000002,166908.0,169328.0,0.0,0.0
2012-11-09,21931603.527999997,206425.0,199583.0,0.0,0.0
2012-11-16,18074428.562,208649.0,196537.0,0.0,0.0
2012-11-23,22555610.735,242768.0,237478.0,0.0,0.0
2012-11-30,21976757.712,234421.0,212616.0,0.0,0.0
2012-12-07,28249559.804,211165.0,193153.0,0.0,0.0
2012-12-14,30910770.618,256498.0,212023.0,0.0,0.0
2012-12-21,21935685.687,283960.0,200438.0,0.0,0.0
2012-12-28,19989541.431,280328.0,212729.0,0.0,0.0
2013-01-04,24592928.174000002,275848.0,204210.0,0.0,0.0
2013-01-11,23913880.491,300012.0,284658.0,0.0,0.0
2013-01-18,27643538.558,335562.0,289450.0,0.0,0.0
2013-01-25,43246408.054,323144.0,259690.0,0.0,0.0
2013-02-01,63263073.259,363896.0,286768.0,0.0,0.0
2013-02-08,48454201.675,388767.0,307287.0,0.0,0.0
2013-02-15,50565355.309,396003.0,286320.0,0.0,0.0
2013-02-22,58624661.986,383796.0,278046.0,0.0,0.0
2013-03-01,73013433.889,434137.0,312706.0,0.0,0.0
2013-03-08,84438364.647,416583.0,312379.0,0.0,0.0
2013-03-15,84282620.739,414698.0,324345.0,0.0,0.0
2013-03-22,112318431.24599999,321552.0,340404.0,0.0,0.0
2013-03-29,157347623.48,378758.0,409779.0,0.0,0.0
2013-04-05,237807969.1,411434.0,497995.0,0.0,0.0
2013-04-12,494076589.95,434896.0,596070.0,0.0,0.0
2013-04-19,192887844.34,394134.0,531984.0,0.0,0.0
2013-04-26,210761198.29,384241.0,508162.0,0.0,0.0
2013-05-03,248820683.4,347559.0,500462.0,0.0,0.0
2013-05-10,212031431.97,395994.0,450373.0,0.0,0.0
2013-05-17,215489583.14000002,450358.0,462214.0,0.0,0.0
2013-05-24,151462596.33,369978.0,430326.0,0.0,0.0
2013-05-31,161008687.89,368662.0,417952.0,0.0,0.0
2013-06-07,169821412.76999998,381140.0,420208.0,0.0,0.0
2013-06-14,141088133.07999998,326624.0,371859.0,0.0,0.0
2013-06-21,116477832.97999999,317325.0,349650.0,0.0,0.0
2013-06-28,117726848.11,313282.0,353043.0,0.0,0.0
2013-07-05,155606612.14,254136.0,356596.0,0.0,0.0
2013-07-12,146245890.9,275121.0,371360.0,0.0,0.0
2013-07-19,186894637.09,267621.0,350992.0,0.0,0.0
2013-07-26,148293437.79,269082.0,349082.0,0.0,0.0
2013-08-02,141123301.09,310999.0,431006.0,0.0,0.0
2013-08-09,137192445.39,359348.0,399806.0,0.0,0.0
2013-08-16,168554780.53,374333.0,441965.0,0.0,0.0
2013-08-23,142352753.09,430023.0,440751.0,0.0,0.0
2013-08-30,149534465.16,400886.0,449528.0,0.0,0.0
2013-09-06,160611345.21,372091.0,415683.0,0.0,0.0
2013-09-13,117252145.17,355722.0,390232.0,0.0,0.0
2013-09-20,150687485.6,396408.0,406204.0,0.0,0.0
2013-09-27,161561704.13,390334.0,435160.0,0.0,0.0
2013-10-04,250149609.99,361543.0,461133.0,0.0,0.0
2013-10-11,143870786.91,337462.0,426841.0,0.0,0.0
2013-10-18,188836801.91,371413.0,475541.0,0.0,0.0
2013-10-25,355897862.34000003,406647.0,564182.0,0.0,0.0
2013-11-01,254354025.65,344470.0,484324.0,0.0,0.0
2013-11-08,431796336.16999996,347014.0,624547.0,0.0,0.0
2013-11-15,653582704.37,423651.0,703799.0,0.0,0.0
2013-11-22,1477069850.62,496764.0,894827.0,0.0,0.0
2013-11-29,1849197559.6,573118.0,1015343.0,0.0,0.0
2013-12-06,1893512740.2,535575.0,1024316.0,0.0,0.0
2013-12-13,1098647069.46,432020.0,850354.0,0.0,0.0
2013-12-20,1372414894.52,460414.0,902214.0,0.0,0.0
2013-12-27,886634371.74,378490.0,782511.0,0.0,0.0
2014-01-03,614924209.95,362614.0,744809.0,0.0,0.0
2014-01-10,816934937.9200001,415619.0,839945.0,0.0,0.0
2014-01-17,632818927.88,394573.0,793216.0,0.0,0.0
2014-01-24,621207627.52,430169.0,856935.0,0.0,0.0
2014-01-31,584112908.1300001,418332.0,888607.0,0.0,0.0
2014-02-07,700761337.05,442923.0,954260.0,0.0,0.0
2014-02-14,563589857.8199999,460021.0,918975.0,0.0,0.0
2014-02-21,505910705.39,456364.0,986278.0,0.0,0.0
2014-02-28,691003270.01,486950.0,1131176.0,0.0,0.0
2014-03-07,1264386976.6399999,501165.0,1194748.0,0.0,0.0
2014-03-14,1867886791.8,493598.0,1091810.0,0.0,0.0
2014-03-21,551015077.87,458075.0,956917.0,0.0,0.0
2014-03-28,453764233.61,474463.0,1041011.0,0.0,0.0
2014-04-04,433267927.19,438930.0,1013704.0,0.0,0.0
2014-04-11,478245056.61,438368.0,1038711.0,0.0,0.0
2014-04-18,415008786.77,432716.0,994132.0,0.0,0.0
2014-04-25,401252007.4,458008.0,975034.0,0.0,0.0
2014-05-02,315455733.40999997,417684.0,945170.0,0.0,0.0
2014-05-09,265635070.62,455972.0,921790.0,0.0,0.0
2014-05-16,272390914.24,462915.0,926426.0,0.0,0.0
2014-05-23,362977565.07,454095.0,980543.0,0.0,0.0
2014-05-30,610108602.5899999,448796.0,992050.0,0.0,0.0
2014-06-06,494282417.05,435864.0,1048076.0,0.0,0.0
2014-06-13,940431224.0899999,415019.0,995783.0,0.0,0.0
2014-06-20,360733748.02,429574.0,1008251.0,0.0,0.0
2014-06-27,462649060.23,415171.0,1010454.0,0.0,0.0
2014-07-04,429700163.56,432231.0,996152.0,0.0,0.0
2014-07-11,335581808.99,429096.0,1067800.0,0.0,0.0
2014-07-18,356744585.74,436814.0,1029873.0,0.0,0.0
2014-07-25,392332755.77,437259.0,1031880.0,0.0,0.0
2014-08-01,396005295.49,438504.0,1028115.0,0.0,0.0
2014-08-08,419550421.49,467857.0,1050434.0,0.0,0.0
2014-08-15,469015273.04,499117.0,1144324.0,0.0,0.0
2014-08-22,460987892.78999996,489699.0,1145521.0,0.0,0.0
2014-08-29,499691173.99,468665.0,1096255.0,0.0,0.0
2014-09-05,343347800.39,471977.0,1091444.0,0.0,0.0
2014-09-12,382218471.65999997,488267.0,1133574.0,0.0,0.0
2014-09-19,411171343.71,521907.0,1162667.0,0.0,0.0
2014-09-26,383435766.90999997,499906.0,1145681.0,0.0,0.0
2014-10-03,378042710.81,507467.0,1190401.0,0.0,0.0
2014-10-10,528015977.17,533745.0,1182391.0,0.0,0.0
2014-10-17,449125239.18,510668.0,1201666.0,0.0,0.0
2014-10-24,380884655.11,532614.0,1043354.0,0.0,0.0
2014-10-31,327581031.05,587226.0,1254607.0,0.0,0.0
2014-11-07,383864850.70000005,592442.0,1237612.0,0.0,0.0
2014-11-14,562808954.35,594385.0,1282104.0,0.0,0.0
2014-11-21,487915358.3,581967.0,1252766.0,0.0,0.0
2014-11-28,513871348.84000003,579654.0,1257192.0,0.0,0.0
2014-12-05,622961752.73,649749.0,1370300.0,0.0,0.0
2014-12-12,540811006.88,591088.0,1332850.0,0.0,0.0
2014-12-19,483585556.9,640489.0,1426704.0,0.0,0.0
2014-12-26,385287529.24,588307.0,1308186.0,0.0,0.0
2015-01-02,322811016.67,537067.0,1208771.0,0.0,0.0
2015-01-09,555409477.66,650650.0,1364505.0,0.0,0.0
2015-01-16,519048599.88,726636.0,1510364.0,0.0,0.0
2015-01-23,368482942.94,653763.0,1419468.0,0.0,0.0
2015-01-30,459721675.01,634999.0,1367590.0,0.0,0.0
2015-02-06,335788782.9,606172.0,1424048.0,0.0,0.0
2015-02-13,308255606.79,674246.0,1476832.0,0.0,0.0
2015-02-20,321718390.55,690645.0,1559252.0,0.0,0.0
2015-02-27,289724096.84,687094.0,1463762.0,0.0,0.0
2015-03-06,421501125.54,687791.0,1511368.0,0.0,0.0
2015-03-13,548403701.09,684005.0,1440947.0,0.0,0.0
2015-03-20,352370132.31,688660.0,1425364.0,0.0,0.0
2015-03-27,356096617.87,680178.0,1409273.0,0.0,0.0
2015-04-03,314118099.35,735315.0,1500901.0,0.0,0.0
2015-04-10,327760127.01,741034.0,1495205.0,0.0,0.0
2015-04-17,307690922.98,721392.0,1457156.0,0.0,0.0
2015-04-24,305223516.41,748583.0,1493631.0,0.0,0.0
2015-05-01,333063631.25,748210.0,1501635.0,0.0,0.0
2015-05-08,311358906.1,731055.0,1581415.0,0.0,0.0
2015-05-15,324629399.27,721202.0,1480632.0,0.0,0.0
2015-05-22,308905617.1,691732.0,1487524.0,0.0,0.0
2015-05-29,317269799.97,737914.0,1558204.0,0.0,0.0
2015-06-05,372718637.68,839635.0,1731282.0,0.0,0.0
2015-06-12,356467863.76,784982.0,1643328.0,0.0,0.0
2015-06-19,539765993.23,843082.0,1743864.0,0.0,0.0
2015-06-26,367816309.03000003,784564.0,1606453.0,0.0,0.0
2015-07-03,438307392.19,901182.0,1763433.0,31066.0,359.0
2015-07-10,581236053.33,1170413.0,1886818.0,68151.0,701.0
2015-07-17,501611430.52,1024061.0,1677882.0,53053.0,612.0
2015-07-24,401044332.88,861422.0,1628740.0,58335.0,573.0
2015-07-31,452581566.16999996,841176.0,1684762.0,58462.0,796.0
2015-08-07,432103315.23,883413.0,1739101.0,75422.0,838.0
2015-08-14,576387943.37,770288.0,1600497.0,53983.0,720.0
2015-08-21,586934978.45,771462.0,1648198.0,63208.0,903.0
2015-08-28,544324193.91,810851.0,1706877.0,63611.0,650.0
2015-09-04,428145060.74,846219.0,1693997.0,58575.0,693.0
2015-09-11,461272940.21,912767.0,1820917.0,51596.0,674.0
2015-09-18,413748279.43,1201554.0,1797425.0,58884.0,625.0
2015-09-25,482533523.94,877405.0,1849920.0,89099.0,680.0
2015-10-02,500063477.04,917526.0,1791809.0,48019.0,598.0
2015-10-09,509313673.92,883079.0,1682817.0,54839.0,590.0
2015-10-16,533522094.65999997,939609.0,1806429.0,51099.0,643.0
2015-10-23,625435849.2,987004.0,2021078.0,53997.0,703.0
2015-10-30,885734626.75,1029688.0,2054573.0,59430.0,611.0
2015-11-06,1691279756.4,1220258.0,2432054.0,78846.0,685.0
2015-11-13,1231292101.8,1077448.0,2177601.0,65490.0,723.0
2015-11-20,1025006427.6999999,1084373.0,2201748.0,58949.0,676.0
2015-11-27,808114357.62,1055057.0,2151259.0,54249.0,657.0
2015-12-04,1037407231.68,1178169.0,2328951.0,57172.0,716.0
2015-12-11,1472152968.4,1396575.0,2689106.0,145660.0,842.0
2015-12-18,1457922044.0,1500094.0,2845475.0,75468.0,681.0
2015-12-25,1393156742.9,1471570.0,2770704.0,54899.0,518.0
2016-01-01,776926498.38,1153282.0,2251576.0,62651.0,516.0
2016-01-08,718159355.75,1199102.0,2388495.0,65339.0,610.0
2016-01-15,782482287.36,1282310.0,2527422.0,60043.0,623.0
2016-01-22,797787559.1800001,1441688.0,2838229.0,69743.0,628.0
2016-01-29,1058919888.4300001,1523594.0,2966579.0,63472.0,597.0
2016-02-05,1021137032.0,1452332.0,2897184.0,54953.0,636.0
2016-02-12,855538207.8,1551329.0,2936123.0,55123.0,563.0
2016-02-19,1096863599.1,1464702.0,2899262.0,87930.0,575.0
2016-02-26,1172849124.1,1549641.0,2977056.0,72123.0,575.0
2016-03-04,1548661517.2,1657370.0,3050347.0,60639.0,596.0
2016-03-11,1032487852.2,1349214.0,2512585.0,59024.0,609.0
2016-03-18,844561945.6,1337916.0,2546633.0,57684.0,639.0
2016-03-25,846172641.9599999,1309046.0,2508334.0,52245.0,550.0
2016-04-01,941955542.3,1332230.0,2471379.0,53372.0,585.0
2016-04-08,972371322.57,1438981.0,2624362.0,56337.0,618.0
2016-04-15,885356347.9,1517253.0,2672523.0,55589.0,621.0
2016-04-22,875357563.95,1461889.0,2657090.0,58393.0,651.0
2016-04-29,1015739678.86,1585955.0,2779710.0,59980.0,626.0
2016-05-06,946997588.6800001,1563032.0,2652210.0,189400.0,556.0
2016-05-13,893017626.3,1558224.0,2648591.0,79442.0,592.0
2016-05-20,967067090.4200001,1553510.0,2680871.0,74828.0,640.0
2016-05-27,1105971926.77,1528308.0,2684906.0,55475.0,569.0
2016-06-03,1490512129.7,1498565.0,2729018.0,71301.0,557.0
2016-06-10,1263841260.6,1533307.0,2812820.0,66637.0,572.0
2016-06-17,1999927875.2,1702877.0,3033119.0,71564.0,510.0
2016-06-24,1778501643.5,1665679.0,3067102.0,80931.0,557.0
2016-07-01,1338072932.1,1479776.0,2752968.0,71114.0,521.0
2016-07-08,1289370689.1000001,1445801.0,2591641.0,62617.0,443.0
2016-07-15,1139334332.2,1435415.0,2560393.0,67469.0,455.0
2016-07-22,1120623839.3,1464625.0,2551564.0,59310.0,482.0
2016-07-29,1056906316.8,1558954.0,2614754.0,60525.0,746.0
2016-08-05,1300509882.1,1569746.0,2695399.0,133374.0,844.0
2016-08-12,1065413623.6,1587006.0,2710359.0,69652.0,893.0
2016-08-19,1000287882.0,1595709.0,2727437.0,57231.0,810.0
2016-08-26,944048695.25,1556428.0,2749410.0,58039.0,1011.875
2016-09-02,928264301.84,1531553.0,2665746.0,57940.0,934.0
2016-09-09,926687164.9,1523598.0,2730080.0,62245.0,806.0
2016-09-16,854063335.1999999,1498662.0,2680108.0,68451.0,702.0
2016-09-23,871650605.3,1568617.0,2770953.0,65006.0,600.0
2016-09-30,1011876291.1,1604064.0,2915572.0,59152.0,579.0
2016-10-07,965833365.78,1737701.0,3173257.0,59543.0,597.0
2016-10-14,1106655523.9,1650648.0,2938391.0,59089.0,471.0
2016-10-21,1118665596.3,1631895.0,2915151.0,58875.0,462.0
2016-10-28,1171990457.2,1672876.0,2972403.0,65258.0,507.0
2016-11-04,1290469355.7,1714558.0,3025189.0,71224.0,487.0
2016-11-11,1213463331.1,1830430.0,3245064.0,81031.0,738.0
2016-11-18,1319348441.8,1842575.0,3324612.0,86689.0,531.0
2016-11-25,1350731628.8,1985628.0,3449938.0,74975.0,511.0
2016-12-02,1367583730.3,1950991.0,3451895.0,79311.0,528.0
2016-12-09,1331372920.5,1993681.0,3573316.0,70744.0,460.0
2016-12-16,1357671413.9,1888967.0,3365804.0,72434.0,444.0
2016-12-23,1863380287.1,1997839.0,3486478.0,81100.0,480.0
2016-12-30,1963251000.0,1876461.0,3254693.0,94713.0,394.0
2017-01-06,2447588800.1,1986938.0,3454159.0,136511.0,423.0
2017-01-13,2031433601.3,2006926.0,3417152.0,120159.0,488.0
2017-01-20,1538962090.4,1934687.0,3372512.0,98087.0,462.0
2017-01-27,1519193275.3,1895969.0,3332683.0,84347.0,483.0
2017-02-03,1361056570.3,1976795.0,3484413.0,91237.0,547.0
2017-02-10,1829203146.1,2088823.0,3607112.0,88774.0,484.0
2017-02-17,1391776801.8,2001560.0,3465323.0,84633.0,485.0
2017-02-24,1692416955.0,2051594.0,3592614.0,92800.0,420.0
2017-03-03,2098992741.4,2184314.0,3748961.0,141661.0,449.0
2017-03-10,2025072615.5,2071374.0,3741989.0,131490.0,452.0
2017-03-17,2521183381.1,1996929.0,3672994.0,116243.0,373.0
2017-03-24,2391106332.9,1991939.0,3722265.0,106988.0,1008.0
2017-03-31,2352425572.5,1823304.0,3512485.0,91735.0,413.0
2017-04-07,2414823711.6,1946713.0,3733099.0,92228.0,416.0
2017-04-14,2026736791.6,1843502.0,3645197.0,92069.0,413.0
2017-04-21,2199822598.6,1939182.0,3642526.0,107476.0,403.0
2017-04-28,2293693319.7,1999435.0,3794249.0,99125.0,440.0
2017-05-05,3231625122.8,2167834.0,4059701.0,112335.0,436.0
2017-05-12,4439088756.3,2300840.0,4332968.0,168367.0,497.0
2017-05-19,4627715155.0,2187503.0,4199466.0,189400.0,695.0
2017-05-26,6588031624.8,2396536.0,4479357.0,189400.0,1011.875
2017-06-02,5220744839.3,2222538.0,4232014.0,189400.0,702.0
2017-06-09,5544678862.7,2087991.0,4171642.0,189400.0,1011.875
2017-06-16,5202183577.0,1889481.0,3809539.0,189400.0,878.0
2017-06-23,4455857620.5,1794951.0,3660616.0,188252.0,829.0
2017-06-30,4461070561.9,1707714.0,3470413.0,189400.0,980.0
2017-07-07,4130567449.3,1632850.0,3390510.0,177598.0,860.0
2017-07-14,4151328631.1,1657376.0,3447775.0,177633.0,1011.875
2017-07-21,4026850087.1,1668316.0,3429119.0,185267.0,889.0
2017-07-28,5136620176.5,1598926.0,3158179.0,187108.0,975.0
2017-08-04,8752725956.0,1416296.0,2889309.0,189400.0,917.0
2017-08-11,7373926194.5,1766895.0,3636555.0,189400.0,963.0
2017-08-18,7376810271.7,2024630.0,3996667.0,189400.0,1011.875
2017-08-25,6292954707.3,1638447.0,3424067.0,189400.0,1011.875
2017-09-01,6907835714.4,1829123.0,3825885.0,189400.0,1011.875
2017-09-08,8210696714.4,1791415.0,3857325.0,189400.0,1011.875
2017-09-15,6755227963.4,1744319.0,3685217.0,189400.0,1011.875
2017-09-22,5155476879.4,1645656.0,3509542.0,189400.0,1011.875
2017-09-29,4894250928.8,1667764.0,3540311.0,178792.0,1011.875
2017-10-06,4879302522.3,1783233.0,3740452.0,178907.0,1009.0
2017-10-13,6936094772.1,1965100.0,4053150.0,189400.0,1011.875
2017-10-20,8072799330.5,2224749.0,4470699.0,189400.0,1011.875
2017-10-27,11641921680.6,2092638.0,4281500.0,189400.0,1011.875
2017-11-03,11148159619.9,2105304.0,4501340.0,189400.0,1011.875
2017-11-10,12481184368.0,2066886.0,4460780.0,189400.0,1011.875
2017-11-17,14640916661.0,1900695.0,4293437.0,189400.0,1011.875
2017-11-24,15775486990.0,2212999.0,4826192.0,189400.0,1011.875
2017-12-01,21455597354.0,2606983.0,5680229.0,189400.0,1011.875
2017-12-08,22757188883.0,2689389.0,5972585.0,189400.0,1011.875
2017-12-15,30188470611.0,2807293.0,6326247.0,189400.0,956.0
2017-12-22,30685918133.0,2615400.0,6092328.0,189400.0,686.0
2017-12-29,22548617540.0,2030619.0,4882384.0,189400.0,549.0
2018-01-05,24470972721.0,2381244.0,5818544.0,189400.0,506.0
2018-01-12,27301550050.0,2418414.0,6059792.0,189400.0,701.0
2018-01-19,19532649813.0,1947013.0,4743310.0,189400.0,509.0
2018-01-26,15580349363.0,1681193.0,3834981.0,189400.0,439.0
2018-02-02,13974642827.0,1573667.0,3722362.0,189400.0,767.0
2018-02-09,12066502520.0,1393929.0,3259441.0,189400.0,444.0
2018-02-16,8259467601.6,1281231.0,2990118.0,189400.0,373.0
2018-02-23,10409995134.2,1292735.0,3055903.0,189400.0,341.0
2018-03-02,10456768570.8,1323541.0,3150359.0,166729.0,300.0
2018-03-09,9847337212.0,1353289.0,3113268.0,147990.0,331.0
2018-03-16,8024604098.7,1275853.0,2884864.0,134213.0,1008.0
2018-03-23,6622796819.3,1265444.0,2854109.0,166444.0,535.0
2018-03-30,6690712316.3,1223148.0,2784027.0,134400.0,553.0
2018-04-06,5152794779.1,1191274.0,2765214.0,122933.0,544.0
2018-04-13,6272259786.6,1267561.0,2786065.0,115488.0,494.0
2018-04-20,6190482785.6,1355840.0,3118703.0,104622.0,513.0
2018-04-27,8915599460.3,1487697.0,3332885.0,136415.0,643.0
2018-05-04,8671889028.0,1459431.0,3301547.0,89414.0,517.0
2018-05-11,8534973186.2,1426501.0,3202335.0,107456.0,581.0
2018-05-18,9607392182.3,1377966.0,3122013.0,101205.0,588.0
2018-05-25,5642795679.8,1364123.0,3028308.0,106974.0,1011.875
2018-06-01,5371789542.1,1316003.0,2993293.0,101724.0,579.0
2018-06-08,4955262215.4,1375180.0,3029821.0,159550.0,829.0
2018-06-15,5688681464.6,1406625.0,3031360.0,132786.0,885.0
2018-06-22,4453033848.3,1293254.0,2824302.0,112364.0,1011.875
2018-06-29,4469911444.9,1290909.0,2790889.0,111949.0,351.0
2018-07-06,5261319924.9,1360734.0,2978396.0,100529.0,335.0
2018-07-13,4482592649.7,1362496.0,2870789.0,79679.0,383.0
2018-07-20,5170493713.4,1468771.0,3085762.0,86757.0,437.0
2018-07-27,5742528734.1,1552054.0,3282466.0,89473.0,389.0
2018-08-03,5704181971.7,1526322.0,3259102.0,93030.0,329.0
2018-08-10,4735470780.7,1499275.0,3196864.0,90608.0,320.0
2018-08-17,5103537232.3,1539528.0,3255806.0,88525.0,595.0
2018-08-24,4736083188.7,1458628.0,3127948.0,89974.0,437.0
2018-08-31,5201970880.7,1536837.0,3221136.0,92034.0,299.0
2018-09-07,5322429736.6,1585166.0,3293831.0,92298.0,846.0
2018-09-14,4939672904.3,1544511.0,3127510.0,83692.0,419.0
2018-09-21,4215968371.3,1652727.0,3295947.0,95836.0,237.0
2018-09-28,4654938394.6,1662491.0,3288970.0,88455.0,288.0
2018-10-05,4432611474.3,1644320.0,3405618.0,68108.0,250.0
2018-10-12,4407585464.2,1669063.0,3307656.0,66101.0,248.0
2018-10-19,5481682943.1,1688906.0,3246798.0,61979.0,330.0
2018-10-26,4767014559.1,1709805.0,3266505.0,65163.0,382.0
2018-11-02,4841609761.2,1869618.0,3403950.0,72761.0,718.0
2018-11-09,4856570774.4,1912772.0,3484295.0,74475.0,645.0
2018-11-16,7259598973.5,1946060.0,3455873.0,75853.0,695.0
2018-11-23,5750792463.9,1855192.0,3255223.0,79345.0,436.0
2018-11-30,5937812937.700001,1765707.0,3125548.0,85222.0,290.0
2018-12-07,8330031255.7,1765406.0,3118428.0,77578.0,402.0
2018-12-14,3574318715.0,1785159.0,2965519.0,75729.0,315.0
2018-12-21,4391146953.2,1924653.0,3154289.0,65276.0,201.0
2018-12-28,3402250262.6,1928896.0,2848325.0,66163.0,170.0
2019-01-04,3000512428.9,1871512.0,2837516.0,79725.0,134.0
2019-01-11,4219236090.1,2081786.0,3127506.0,73982.0,214.0
2019-01-18,3938654051.3999996,2095825.0,3131815.0,61587.0,429.0
2019-01-25,3070981323.9,2090273.0,3124450.0,52597.0,230.0
2019-02-01,3540319958.7,2214426.0,3243389.0,57217.0,197.0
2019-02-08,2873347880.1,2349482.0,3241895.0,66276.0,226.0
2019-02-15,3191472699.2999997,2201662.0,3239280.0,56835.0,223.0
2019-02-22,3959711552.0,2314337.0,3447768.0,63300.0,230.0
2019-03-01,4352807237.8,2418696.0,3505479.0,64300.0,205.0
2019-03-08,3581286178.7,2125101.0,3538769.0,62852.0,182.0
2019-03-15,3734164532.3,1915619.0,3564132.0,53253.0,379.0
2019-03-22,3645714534.7,1990002.0,3591863.0,50055.0,287.0
2019-03-29,3872565741.0,2313046.0,3633641.0,45454.0,251.0
2019-04-05,5961242232.9,2631846.0,4031118.0,60870.0,231.0
2019-04-12,5324230627.8,2604758.0,3868625.0,55197.0,388.0
2019-04-19,4704983510.4,2539942.0,3740481.0,46270.0,920.0
2019-04-26,5899991480.1,2533919.0,3746553.0,49401.0,535.0
2019-05-03,5094065276.5,2727219.0,3849561.0,48766.0,319.0
2019-05-10,6310375609.7,2472674.0,3993648.0,49635.0,262.0
2019-05-17,9876935748.6,2546943.0,4477741.0,57151.0,270.0
2019-05-24,7203265215.2,2627146.0,4300607.0,56268.0,251.0
2019-05-31,10357972939.8,2583507.0,4239128.0,61041.0,369.0
2019-06-07,10893689038.8,2389352.0,4159041.0,45892.0,235.0
2019-06-14,7155070520.3,2346584.0,4141676.0,44651.0,440.0
2019-06-21,11656026510.3,2410999.0,4401101.0,58744.0,366.0
2019-06-28,15068361679.0,2651658.0,4774620.0,78636.0,328.0
2019-07-05,11188926573.0,2544395.0,4238350.0,56312.0,337.0
2019-07-12,11722047509.1,2408840.0,4069568.0,61636.0,274.0
2019-07-19,9764857496.6,2260808.0,3815635.0,56772.0,226.0
2019-07-26,6848994866.4,2198424.0,3576387.0,48753.0,206.0
2019-08-02,9731618969.1,2265696.0,3620947.0,49822.0,209.0
2019-08-09,9083053790.0,2382092.0,3770762.0,49044.0,202.0
2019-08-16,8300837715.1,2284877.0,3520089.0,46519.0,152.0
2019-08-23,8858338401.0,2199879.0,3697800.0,47305.0,173.0
2019-08-30,7824765641.6,2274752.0,3535057.0,44981.0,183.0
2019-09-06,9586376152.2,2368224.0,3710598.0,44431.0,159.0
2019-09-13,9016873791.4,2242646.0,3678088.0,45632.0,159.0
2019-09-20,8867155654.0,2315383.0,3732137.0,43100.0,213.0
2019-09-27,10403454477.7,2303563.0,3750529.0,47003.0,339.0
2019-10-04,5580051637.4,2238908.0,3630892.0,44522.0,248.0
2019-10-11,5689026408.5,2270975.0,3610896.0,44000.0,212.0
2019-10-18,6690956238.3,2237312.0,3508961.0,47611.0,169.0
2019-10-25,6289865897.9,2269548.0,3641444.0,45374.0,182.0
2019-11-01,9599197483.7,2103668.0,3652874.0,52297.0,176.0
2019-11-08,9946340573.5,2173254.0,3717593.0,55924.0,155.0
2019-11-15,6626631778.7,2228077.0,3635189.0,49320.0,196.0
2019-11-22,6500641625.8,2135718.0,3715453.0,43284.0,134.0
2019-11-29,7549343034.0,2113082.0,3666566.0,47345.0,182.0
2019-12-06,6643274457.6,2167459.0,3718948.0,48448.0,167.0
2019-12-13,6469042549.8,2123761.0,3588539.0,40850.0,250.0
2019-12-20,7398773560.1,2169737.0,3115474.0,42717.0,253.0
2019-12-27,5302857856.2,2050402.0,3341999.0,54164.0,115.0
2020-01-03,5364142146.7,2059975.0,3362251.0,66454.0,142.0
2020-01-10,7086521293.1,2189029.0,3726567.0,76714.0,128.0
2020-01-17,10073291216.6,2213353.0,3775805.0,79974.0,158.0
2020-01-24,7098058742.4,2172459.0,3660281.0,38560.0,132.0
2020-01-31,7742306640.3,2173677.0,3701220.0,34801.0,127.0
2020-02-07,12402184047.7,2253717.0,3923869.0,34793.0,149.0
2020-02-14,11471055875.6,2309894.0,3990214.0,40131.0,667.0
2020-02-21,11164034714.0,2277413.0,3908921.0,49412.0,309.0
2020-02-28,8516760204.6,2290997.0,3894381.0,41271.0,167.0
2020-03-06,8015558926.6,2349178.0,4058060.0,41928.0,256.0
2020-03-13,13044824001.3,2208183.0,3417188.0,44734.0,228.0
2020-03-20,9614835377.7,1833320.0,3571506.0,41019.0,173.0
2020-03-27,7443032274.8,1780547.0,3442718.0,39311.0,179.0
2020-04-03,6402166302.3,1900296.0,3642320.0,43194.0,155.0
2020-04-10,8720118781.4,1948627.0,3736849.0,43524.0,158.0
2020-04-17,6186217254.5,1981263.0,3872848.0,47597.0,161.0
2020-04-24,7203276414.5,2090634.0,4161241.0,49314.0,211.0
2020-05-01,11215566192.1,2162277.0,4377637.0,58400.0,184.0
2020-05-08,10067946049.6,2222704.0,4473504.0,58925.0,212.0
2020-05-15,11319644584.0,2126430.0,4393483.0,62682.0,202.0
2020-05-22,9141450823.0,1939287.0,3498809.0,53435.0,165.0
2020-05-29,9661769992.0,1919214.0,3985439.0,44410.0,134.0
2020-06-05,12302221133.7,2116266.0,4232772.0,39847.0,152.0
2020-06-12,8440427441.9,2157517.0,4260424.0,40724.0,132.0
2020-06-19,9605511842.6,2152475.0,4259819.0,35651.0,124.0
2020-06-26,10105573934.1,2155100.0,4239132.0,35796.0,147.0
2020-07-03,7219561152.1,2208603.0,4387616.0,34878.0,151.0
2020-07-10,7993928155.3,2303662.0,4547170.0,37071.0,135.0
2020-07-17,7265070676.3,2215029.0,4510309.0,51728.0,130.0
2020-07-24,8639313795.7,2281202.0,4674742.0,48922.0,141.0
2020-07-31,13250646411.4,2305190.0,4805449.0,58210.0,170.0
2020-08-07,11991854545.0,2222284.0,4801962.0,51078.0,168.0
2020-08-14,11270405182.4,2247782.0,4797755.0,50164.0,164.0
2020-08-21,11491004820.358335,2219668.0,4720157.0,49574.0,142.0
2020-08-28,9766811964.087633,2239032.0,4691339.0,45971.0,146.0
2020-09-04,13553017527.142263,2167982.0,4716277.0,44943.0,196.0
2020-09-11,10263960335.22602,2217841.0,4713332.0,41445.0,127.0
2020-09-18,10500213095.906971,2258586.0,4764532.0,41019.0,205.0
2020-09-25,10978835900.386946,2185606.0,4642016.0,37221.0,419.0
2020-10-02,10505463803.150982,2150333.0,4611873.0,32731.0,208.0
2020-10-09,9674992023.333496,2231906.0,4709224.0,33438.0,113.0
2020-10-16,10066978676.533096,2182152.0,4698851.0,36140.0,171.0
2020-10-23,13003268372.351723,2115366.0,4645699.0,51017.0,271.0
2020-10-30,12397018985.33694,1859253.0,4289148.0,44652.0,216.0
2020-11-06,18697665490.887577,2088074.0,4669449.0,49417.0,128.0
2020-11-13,16621598712.650234,2090773.0,4683398.0,49503.0,186.0
2020-11-20,18613339490.15391,2206569.0,4918118.0,66133.0,179.0
2020-11-27,21264109551.222824,2221857.0,4948093.0,77823.0,184.0
2020-12-04,19430834005.08529,2184975.0,4962944.0,77088.0,212.0
2020-12-11,17515281059.434677,2112562.0,4809355.0,67033.0,181.0
2020-12-18,27120212101.55162,2206607.0,5043593.0,95778.0,186.0
2020-12-25,28341312084.164696,2131499.0,4868611.0,87951.0,198.0
2021-01-01,36681655472.97474,2169509.0,5044242.0,119207.0,234.0
2021-01-08,38298706055.405815,2541706.0,5970764.0,189400.0,326.0
2021-01-15,38298706055.405815,2325817.0,5509275.0,189400.0,384.0
2021-01-22,31601075568.593246,2151732.0,5130022.0,150936.0,293.0
2021-01-29,30906146013.43546,2194952.0,5264606.0,132349.0,329.0
2021-02-05,32881466962.445297,2321234.0,5636811.0,142631.0,355.0
2021-02-12,38298706055.405815,2304413.0,5755347.0,189400.0,380.0
2021-02-19,38298706055.405815,2215966.0,5535920.0,189400.0,347.0
2021-02-26,38298706055.405815,2156011.0,5591378.0,189400.0,380.0
2021-03-05,38298706055.405815,2134548.0,5363643.0,151753.0,474.0
2021-03-12,38298706055.405815,2097016.0,5256647.0,134005.0,349.0
2021-03-19,38298706055.405815,2140863.0,5608312.0,148096.0,312.0
2021-03-26,38298706055.405815,2050793.0,5365914.0,117624.0,309.0
2021-04-02,38298706055.405815,2111735.0,5466383.0,112290.0,274.0
2021-04-09,38298706055.405815,2050908.0,5404640.0,108926.0,284.0
2021-04-16,38298706055.405815,2030755.0,5559790.0,144604.0,323.0
2021-04-23,38298706055.405815,1754067.0,5141651.0,147639.0,341.0
2021-04-30,38298706055.405815,1896507.0,4877628.0,148319.0,451.0
2021-05-07,38298706055.405815,2015178.0,5239495.0,154066.0,422.0
2021-05-14,38298706055.405815,1980948.0,5525847.0,189400.0,521.0
2021-05-21,38298706055.405815,1641271.0,4680205.0,189400.0,553.0
2021-05-28,38298706055.405815,1549618.0,4303168.0,189400.0,684.0
2021-06-04,25817218952.329678,1582039.0,4216831.0,139630.0,418.0
2021-06-11,24793197826.96425,1542666.0,4154515.0,152759.0,370.0
2021-06-18,25274959755.8584,1607729.0,4187446.0,120557.0,303.0
2021-06-25,26603436408.01603,1440091.0,3788153.0,108968.0,330.0
2021-07-02,23258038105.01696,1367337.0,3725457.0,85901.0,238.0
2021-07-09,15875346444.376005,1540809.0,3896383.0,77757.0,243.0
2021-07-16,17828053377.603333,1489509.0,3716214.0,87730.0,274.0
2021-07-23,19545208579.778248,1497573.0,3730243.0,76353.0,241.0
2021-07-30,37879590301.30424,1659049.0,4039539.0,84619.0,204.0
2021-08-06,22551547160.34706,1624561.0,4022533.0,93662.0,326.0
2021-08-13,28766250520.46598,1691502.0,4126537.0,83191.0,245.0
2021-08-20,25922683148.06811,1689225.0,4137010.0,88168.0,227.0
2021-08-27,29847193311.409466,1723170.0,4197794.0,86548.0,255.0
2021-09-03,28250319941.94702,1786792.0,4344075.0,78828.0,283.0
2021-09-10,32515448083.638924,1784537.0,4357143.0,115812.0,250.0
2021-09-17,23609881985.303997,1746453.0,4283922.0,98718.0,302.0
2021-09-24,25011279202.062508,1764467.0,4273620.0,142896.0,280.0
2021-10-01,23071148374.387882,1738407.0,4258582.0,170813.0,289.0
2021-10-08,35872947931.51379,1933218.0,4695780.0,109467.0,290.0
2021-10-15,35295663237.7765,1881079.0,4620241.0,107586.0,306.0
2021-10-22,38298706055.405815,1983427.0,4842853.0,113416.0,490.0
2021-10-29,38298706055.405815,1907275.0,4796290.0,124430.0,612.0
2021-11-05,38298706055.405815,1924013.0,4884081.0,110595.0,556.0
2021-11-12,38298706055.405815,1960317.0,4883747.0,115839.0,877.0
2021-11-19,38298706055.405815,1921164.0,4807359.0,123547.0,731.0
2021-11-26,38298706055.405815,1914217.0,4818138.0,108736.0,676.0
2021-12-03,38298706055.405815,1941522.0,4892805.0,96586.0,451.0
2021-12-10,38298706055.405815,1861957.0,4796572.0,103799.0,407.0
2021-12-17,23806702893.571507,1797831.0,4574778.0,83147.0,397.0
2021-12-24,20213218979.2919,1858408.0,4743128.0,70123.0,304.0
2021-12-31,34417405240.25574,1711991.0,4682640.0,71635.0,360.0
2022-01-07,28758807260.301582,1685471.0,4414628.0,83960.0,407.0
2022-01-14,25192678531.627502,1795834.0,4590591.0,83808.0,392.0
2022-01-21,30023520177.029625,1787669.0,4550961.0,81545.0,377.0
2022-01-28,33914147546.55019,1771724.0,4516997.0,110489.0,383.0
2022-02-04,34883039325.61905,1766880.0,4504238.0,94979.0,411.0
2022-02-11,31700131841.63701,1801938.0,4590366.0,88173.0,421.0
2022-02-18,24957602779.379177,1741797.0,4521234.0,76733.0,419.0
2022-02-25,25215158896.413948,1684629.0,4372411.0,84970.0,305.0
2022-03-04,32893833628.746193,1802141.0,4699110.0,77422.0,295.0
2022-03-11,27651503493.946808,1730390.0,4506405.0,67309.0,398.0
2022-03-18,26612773801.631824,1772518.0,4649338.0,61813.0,281.0
2022-03-25,29950630189.861744,1795340.0,4657482.0,61130.0,297.0
2022-04-01,38298706055.405815,1865656.0,4741512.0,68331.0,320.0
2022-04-08,26175317373.71031,1838391.0,4660609.0,66780.0,311.0
2022-04-15,24918783027.128662,1802036.0,4540149.0,62835.0,275.0
2022-04-22,27685827729.65363,1781422.0,4572270.0,56966.0,274.0
2022-04-29,25255261746.84527,1857117.0,4688179.0,62595.0,239.0
2022-05-06,32828604167.2263,1879744.0,4806556.0,52977.0,286.0
2022-05-13,38298706055.405815,1831451.0,4780341.0,83647.0,381.0
2022-05-20,32953730531.808323,1868708.0,4649369.0,70607.0,279.0
2022-05-27,25044426365.616257,1756906.0,4396422.0,51882.0,305.0
2022-06-03,25954503273.67219,1787328.0,4462850.0,44758.0,264.0
2022-06-10,24153145794.440956,1738090.0,4395898.0,43155.0,327.0
2022-06-17,38298706055.405815,1800348.0,4631536.0,77686.0,282.0
2022-06-24,31437910462.424496,1703774.0,4380948.0,77221.0,263.0
2022-07-01,22576775534.33245,1739901.0,4400735.0,48395.0,227.0
2022-07-08,16763302573.06039,1744527.0,4450783.0,45322.0,218.0
2022-07-15,18689534422.32611,1703757.0,4291862.0,45928.0,233.0
2022-07-22,24262394110.051178,1754087.0,4371521.0,46531.0,199.0
2022-07-29,16279676470.647652,1766733.0,4438534.0,43541.0,203.0
2022-08-05,15010148965.650549,1788523.0,4537852.0,42914.0,228.0
2022-08-12,15756279293.66588,1772236.0,4523468.0,40839.0,173.0
2022-08-19,16591432484.352264,1782446.0,4534222.0,43852.0,170.0
2022-08-26,12198059930.838053,1715407.0,4408986.0,44393.0,250.0
2022-09-02,16191026951.020027,1741244.0,4502876.0,44565.0,283.0
2022-09-09,15553302752.466646,1784390.0,4584894.0,44609.0,218.0
2022-09-16,14903847006.237864,1800087.0,4677050.0,46802.0,280.0
2022-09-23,14481149995.482462,1771964.0,4417362.0,42489.0,265.0
2022-09-30,16715251184.36832,1788539.0,4415853.0,40308.0,329.0
2022-10-07,14286908882.10922,1823619.0,4507645.0,38251.0,269.0
2022-10-14,11902930362.143236,1798410.0,4451641.0,38918.0,312.0
2022-10-21,12224757076.694237,1771086.0,4317851.0,40052.0,240.0
2022-10-28,15527376733.021072,1821094.0,4423417.0,41721.0,267.0
2022-11-04,16961137372.936563,1871137.0,4632716.0,43543.0,301.0
2022-11-11,28825603789.153328,1910812.0,4864631.0,56086.0,280.0
2022-11-18,25459993031.53195,1791333.0,4703981.0,67635.0,531.0
2022-11-25,15070722092.254585,1801608.0,4507506.0,51547.0,402.0
2022-12-02,13043344420.724,1815163.0,4503769.0,48251.0,364.0
2022-12-09,11121361008.12727,1809097.0,4474566.0,40704.0,267.0
2022-12-16,13450137302.490326,1816656.0,4579753.0,46353.0,404.0
2022-12-23,12490906741.396698,1821460.0,4513899.0,38307.0,368.0
2022-12-30,10883878764.355875,1711435.0,4282803.0,37627.0,312.0
2023-01-06,11641313503.157114,1764641.0,4369733.0,41717.0,283.0
2023-01-13,11667798757.787958,1985346.0,4647891.0,38675.0,299.0
2023-01-20,15907935340.26947,2068271.0,4757423.0,41604.0,272.0
2023-01-27,16030662180.811651,2031422.0,4655891.0,37600.0,265.0
2023-02-03,15749142829.898106,2152522.0,4867677.0,38117.0,324.0
2023-02-10,13878547182.80769,2147568.0,4805502.0,35541.0,228.0
2023-02-17,16382372136.06442,2133374.0,4814421.0,35709.0,156.0
2023-02-24,14570175241.660574,1945351.0,4546977.0,35450.0,173.0
2023-03-03,16169085844.316532,2227874.0,4992358.0,37170.0,181.0
2023-03-10,18113332789.89814,2229717.0,4872248.0,37814.0,171.0
2023-03-17,26987682197.123074,2225192.0,5004008.0,42267.0,209.0
2023-03-24,23229018539.053364,2120156.0,4794773.0,43473.0,183.0
2023-03-31,20419411284.90992,2133648.0,4795107.0,39129.0,240.0
2023-04-07,16056472618.229362,2471203.0,5053112.0,35934.0,206.0
2023-04-14,23003630880.57882,2257639.0,4822024.0,39505.0,159.0
2023-04-21,19078675326.838383,2087791.0,4675779.0,34254.0,156.0
2023-04-28,15195205587.436043,2856423.0,4623377.0,37445.0,167.0
2023-05-05,15364704968.169426,3586647.0,4620558.0,36764.0,232.0
2023-05-12,21682072163.80429,4109700.0,4128819.0,33708.0,208.0
2023-05-19,15511658817.026745,3875790.0,4219143.0,34822.0,166.0
2023-05-26,16147640858.074146,3327573.0,4388412.0,32755.0,187.0
2023-06-02,18120903719.741104,3290363.0,4808186.0,33638.0,148.0
2023-06-09,17915362499.177834,2794670.0,4691743.0,34024.0,195.0
2023-06-16,21458661850.563442,2811616.0,4592544.0,32854.0,183.0
2023-06-23,27916080598.836918,2907761.0,4808192.0,35593.0,169.0
2023-06-30,26376974085.332123,2797711.0,4847872.0,40000.0,141.0
2023-07-07,22876789936.645145,2783044.0,4656439.0,33644.0,141.0
2023-07-14,19619696731.768764,3383215.0,4986481.0,33434.0,153.0
2023-07-21,20728084690.90761,3295917.0,5031483.0,30529.0,131.0
2023-07-28,17294914715.37856,3155892.0,4858293.0,33265.0,137.0
2023-08-04,16955254187.596554,3112119.0,4963696.0,32780.0,232.0
2023-08-11,17464321366.261143,3238049.0,4975244.0,31710.0,186.0
2023-08-18,19961084752.271717,3644985.0,5086073.0,36697.0,151.0
2023-08-25,16828228149.158264,3345337.0,4711661.0,39187.0,176.0
2023-09-01,18485954221.297935,3007737.0,4936229.0,40377.0,250.0
2023-09-08,12405511881.572416,3638389.0,5191463.0,37740.0,128.0
2023-09-15,13885912178.376083,3869617.0,5974462.0,42302.0,150.0
2023-09-22,13965806226.723799,3759098.0,5669692.0,40847.0,174.0
2023-09-29,17282098665.602856,2712846.0,4804386.0,39287.0,193.0
2023-10-06,18777933110.598137,2156307.0,4611810.0,34641.0,179.0
2023-10-13,17969071551.24298,1866923.0,4278045.0,34660.0,191.0
2023-10-20,23386756775.611107,1960422.0,4451001.0,41908.0,178.0
2023-10-27,32591957970.630333,2559333.0,5026588.0,58679.0,200.0
2023-11-03,26891050473.30353,3191165.0,5446297.0,40677.0,171.0
2023-11-10,27967008719.395954,3942480.0,5830354.0,43455.0,190.0
2023-11-17,20798125452.26768,4009797.0,5535308.0,37379.0,144.0
2023-11-24,25916788828.669014,4250541.0,5530097.0,46919.0,248.0
2023-12-01,30711191455.56228,3391805.0,5345168.0,44626.0,232.0
2023-12-08,38298706055.405815,3473896.0,4878474.0,59854.0,199.0
2023-12-15,34095221832.50562,3983762.0,4681822.0,42189.0,210.0
2023-12-22,32689998721.679825,4354942.0,4737657.0,33110.0,191.0
2023-12-29,32658881587.9285,3965557.0,4513465.0,42485.0,136.0
2024-01-05,37702584996.974945,3696435.0,4462758.0,57730.0,162.0
2024-01-12,38298706055.405815,2821996.0,4102247.0,75241.0,192.0
2024-01-19,38298706055.405815,3517105.0,4423612.0,61987.0,194.0
2024-01-26,38298706055.405815,3195520.0,4321573.0,45205.0,224.0
2024-02-02,38298706055.405815,3620135.0,4828827.0,41412.0,170.0
2024-02-09,37747473924.13828,2458048.0,4058179.0,50642.0,189.0
2024-02-16,38298706055.405815,2365084.0,4246845.0,57574.0,180.0
2024-02-23,38298706055.405815,2578577.0,4362358.0,60328.0,175.0
2024-03-01,38298706055.405815,2743176.0,4801605.0,90179.0,218.0
2024-03-08,38298706055.405815,2755569.0,4808623.0,101172.0,242.0
2024-03-15,38298706055.405815,2490918.0,4745621.0,99320.0,259.0
2024-03-22,38298706055.405815,2630781.0,4582005.0,73754.0,181.0
2024-03-29,38298706055.405815,2526936.0,4452894.0,61476.0,235.0
2024-04-05,38298706055.405815,2536088.0,4508772.0,50157.0,246.0
2024-04-12,38298706055.405815,3324933.0,4714215.0,44302.0,204.0
2024-04-19,38298706055.405815,3135419.0,4818448.0,49686.0,221.0
2024-04-26,38298706055.405815,4446752.0,3847292.0,97379.0,239.0
2024-05-03,38298706055.405815,3323099.0,4075611.0,42718.0,176.0
2024-05-10,28041005672.731735,3860561.0,3367161.0,39081.0,204.0
2024-05-17,37988184842.340515,3796456.0,3272493.0,33880.0,194.0
2024-05-24,38298706055.405815,4281898.0,3338102.0,36940.0,218.0
2024-05-31,38298706055.405815,4632837.875,3225344.0,35739.0,218.0
2024-06-07,38298706055.405815,4305939.0,3223101.0,32419.0,200.0
2024-06-14,38298706055.405815,4425784.0,3466316.0,30910.0,220.0
2024-06-21,35339039079.059586,3733263.0,3195117.0,53055.0,239.0
2024-06-28,38298706055.405815,3737870.0,3252720.0,30430.0,213.0
2024-07-05,38298706055.405815,3994401.0,3633064.0,28930.0,193.0
2024-07-12,38298706055.405815,4511007.0,3347222.0,31939.0,202.0
2024-07-19,38298706055.405815,3973575.0,3302251.0,29240.0,256.0
2024-07-26,38298706055.405815,4632837.875,3385551.0,30995.0,266.0
2024-08-02,38298706055.405815,3271477.0,2527489.0,33626.0,219.0
