Date,BalanceSheet_global
01/03/73,706.8656
01/10/73,700.9787
01/17/73,699.5624
01/24/73,700.8852
01/31/73,705.9002
02/07/73,703.4736
02/14/73,709.2743
02/21/73,711.7601
02/28/73,718.5449
03/07/73,717.5137
03/14/73,719.1385
03/21/73,718.9917
03/28/73,723.1221
04/04/73,721.9902
04/11/73,724.4292
04/18/73,727.7499
04/25/73,733.6156
05/02/73,733.0308
05/09/73,732.746
05/16/73,738.9639
05/23/73,739.1176
05/30/73,738.629
06/06/73,744.5508
06/13/73,744.9239
06/20/73,749.6283
06/27/73,749.2886
07/04/73,756.5501
07/11/73,753.8168
07/18/73,754.8564
07/25/73,760.6747
08/01/73,764.6927
08/08/73,762.2101
08/15/73,769.6575
08/22/73,764.27
08/29/73,761.9845
09/05/73,767.7636
09/12/73,773.8323
09/19/73,768.4948
09/26/73,773.0562
10/03/73,772.5736
10/10/73,777.569
10/17/73,771.5379
10/24/73,789.35
10/31/73,785.7965
11/07/73,789.8027
11/14/73,788.9616
11/21/73,784.3181
11/28/73,784.0833
12/05/73,793.7946
12/12/73,797.6026
12/19/73,799.3767
12/26/73,792.5541
01/02/74,808.978
01/09/74,804.8405
01/16/74,806.9773
01/23/74,806.9965
01/30/74,805.8777
02/06/74,809.4746
02/13/74,814.7525
02/20/74,816.464
02/27/74,809.6878
03/06/74,819.3573
03/13/74,820.3928
03/20/74,823.493
03/27/74,830.3764
04/03/74,832.381
04/10/74,836.6152
04/17/74,838.0239
04/24/74,835.1439
05/01/74,841.6085
05/08/74,838.0709
05/15/74,846.0942
05/22/74,842.2152
05/29/74,848.3478
06/05/74,849.9033
06/12/74,856.4264
06/19/74,850.6599
06/26/74,862.872
07/03/74,857.3557
07/10/74,859.0114
07/17/74,858.7807
07/24/74,862.1083
07/31/74,866.9695
08/07/74,866.0688
08/14/74,866.1977
08/21/74,863.01
08/28/74,867.5048
09/04/74,875.4494
09/11/74,871.3023
09/18/74,865.905
09/25/74,870.7905
10/02/74,868.2085
10/09/74,865.8794
10/16/74,879.5676
10/23/74,874.598
10/30/74,870.1742
11/06/74,877.4554
11/13/74,879.1791
11/20/74,876.6837
11/27/74,884.325
12/04/74,883.417
12/11/74,889.5363
12/18/74,885.1881
12/25/74,888.7229
01/01/75,887.2367
01/08/75,881.2233
01/15/75,880.8201
01/22/75,881.3431
01/29/75,869.783
02/05/75,880.1117
02/12/75,873.7616
02/19/75,877.8417
02/26/75,870.6366
03/05/75,886.9395
03/12/75,884.9263
03/19/75,878.4812
03/26/75,887.4696
04/02/75,886.3219
04/09/75,889.2221
04/16/75,890.9204
04/23/75,882.5488
04/30/75,889.3192
05/07/75,883.991
05/14/75,885.8908
05/21/75,886.4269
05/28/75,891.2573
06/04/75,895.1692
06/11/75,901.3328
06/18/75,897.8236
06/25/75,898.7146
07/02/75,891.6822
07/09/75,895.4646
07/16/75,894.6841
07/23/75,889.4959
07/30/75,888.3894
08/06/75,893.3122
08/13/75,893.5513
08/20/75,892.4242
08/27/75,897.4631
09/03/75,902.0494
09/10/75,899.3777
09/17/75,894.8477
09/24/75,895.6113
10/01/75,906.4436
10/08/75,901.4152
10/15/75,910.272
10/22/75,902.6977
10/29/75,898.9495
11/05/75,907.7776
11/12/75,917.871
11/19/75,902.3373
11/26/75,919.0453
12/03/75,913.6448
12/10/75,919.5432
12/17/75,916.1231
12/24/75,921.9687
12/31/75,923.977
01/07/76,920.6953
01/14/76,918.4399
01/21/76,915.7902
01/28/76,914.9813
02/04/76,921.5947
02/11/76,918.2252
02/18/76,926.4292
02/25/76,913.4307
03/03/76,926.5548
03/10/76,928.6952
03/17/76,926.0963
03/24/76,929.3946
03/31/76,927.0589
04/07/76,930.9519
04/14/76,931.9127
04/21/76,931.4947
04/28/76,924.3367
05/05/76,934.1908
05/12/76,932.7286
05/19/76,930.1696
05/26/76,930.7056
06/02/76,937.5786
06/09/76,937.8428
06/16/76,942.5707
06/23/76,940.5984
06/30/76,948.7168
07/07/76,949.2885
07/14/76,944.7965
07/21/76,942.9744
07/28/76,938.5127
08/04/76,949.8135
08/11/76,948.4973
08/18/76,948.2154
08/25/76,950.0999
09/01/76,952.3437
09/08/76,959.5327
09/15/76,959.4986
09/22/76,955.39
09/29/76,961.7707
10/06/76,967.0278
10/13/76,972.5339
10/20/76,967.6583
10/27/76,966.7179
11/03/76,977.1656
11/10/76,968.559
11/17/76,974.0732
11/24/76,983.0573
12/01/76,988.2772
12/08/76,993.9092
12/15/76,1004.3796
12/22/76,1005.0541
12/29/76,997.0004
01/05/77,1000.003
01/12/77,1000.6491
01/19/77,996.7324
01/26/77,994.4259
02/02/77,990.6307
02/09/77,991.5155
02/16/77,990.6164
02/23/77,1001.662
03/02/77,1004.4816
03/09/77,1005.6762
03/16/77,1016.2284
03/23/77,1016.9574
03/30/77,1017.0415
04/06/77,1020.9722
04/13/77,1023.5298
04/20/77,1021.2904
04/27/77,1020.0247
05/04/77,1028.9165
05/11/77,1024.2973
05/18/77,1027.1097
05/25/77,1028.2991
06/01/77,1043.2091
06/08/77,1039.2138
06/15/77,1047.9566
06/22/77,1039.022
06/29/77,1037.93
07/06/77,1048.6091
07/13/77,1046.6252
07/20/77,1049.0303
07/27/77,1049.282
08/03/77,1052.1196
08/10/77,1053.1595
08/17/77,1052.0756
08/24/77,1055.3381
08/31/77,1064.0961
09/07/77,1064.009
09/14/77,1067.8447
09/21/77,1066.6658
09/28/77,1068.8594
10/05/77,1082.3722
10/12/77,1081.9113
10/19/77,1071.8243
10/26/77,1076.2701
11/02/77,1075.4609
11/09/77,1088.7801
11/16/77,1088.1866
11/23/77,1087.2593
11/30/77,1088.6819
12/07/77,1096.3338
12/14/77,1097.2559
12/21/77,1106.2603
12/28/77,1112.782
01/04/78,1113.0366
01/11/78,1107.882
01/18/78,1106.1029
01/25/78,1104.1255
02/01/78,1109.2375
02/08/78,1110.5452
02/15/78,1105.5237
02/22/78,1113.2986
03/01/78,1119.5179
03/08/78,1117.9168
03/15/78,1131.8927
03/22/78,1130.4475
03/29/78,1131.1292
04/05/78,1149.6588
04/12/78,1142.3227
04/19/78,1148.5479
04/26/78,1145.0978
05/03/78,1150.3649
05/10/78,1153.5782
05/17/78,1153.2712
05/24/78,1157.1442
05/31/78,1184.4177
06/07/78,1173.4096
06/14/78,1170.735
06/21/78,1174.2303
06/28/78,1174.1691
07/05/78,1182.9814
07/12/78,1178.2332
07/19/78,1178.4762
07/26/78,1177.8926
08/02/78,1183.4712
08/09/78,1183.7162
08/16/78,1191.9029
08/23/78,1189.5742
08/30/78,1188.591
09/06/78,1206.1845
09/13/78,1199.1483
09/20/78,1206.6256
09/27/78,1212.195
10/04/78,1218.6893
10/11/78,1221.2563
10/18/78,1207.8514
10/25/78,1227.8827
11/01/78,1224.4311
11/08/78,1237.322
11/15/78,1236.0152
11/22/78,1243.7097
11/29/78,1233.8229
12/06/78,1244.3796
12/13/78,1244.5599
12/20/78,1256.1192
12/27/78,1271.7895
01/03/79,1264.8427
01/10/79,1267.3372
01/17/79,1268.6529
01/24/79,1272.3963
01/31/79,1273.6199
02/07/79,1274.8344
02/14/79,1271.4228
02/21/79,1278.1505
02/28/79,1286.0726
03/07/79,1276.5632
03/14/79,1291.0055
03/21/79,1291.2761
03/28/79,1295.0667
04/04/79,1309.1151
04/11/79,1316.345
04/18/79,1318.8951
04/25/79,1320.3269
05/02/79,1320.8164
05/09/79,1320.9593
05/16/79,1328.4886
05/23/79,1324.9758
05/30/79,1335.1569
06/06/79,1339.0391
06/13/79,1343.5379
06/20/79,1352.6869
06/27/79,1360.0041
07/04/79,1367.1378
07/11/79,1371.2842
07/18/79,1363.8232
07/25/79,1381.8208
08/01/79,1384.1695
08/08/79,1375.5138
08/15/79,1384.3938
08/22/79,1384.4902
08/29/79,1390.512
09/05/79,1415.2776
09/12/79,1411.1336
09/19/79,1427.0556
09/26/79,1418.2977
10/03/79,1429.0033
10/10/79,1445.1652
10/17/79,1420.2987
10/24/79,1430.9953
10/31/79,1427.9117
11/07/79,1416.2322
11/14/79,1435.3897
11/21/79,1431.6476
11/28/79,1421.9913
12/05/79,1435.2302
12/12/79,1435.9097
12/19/79,1428.6564
12/26/79,1430.3288
01/02/80,1437.0763
01/09/80,1439.9029
01/16/80,1440.0849
01/23/80,1449.1466
01/30/80,1437.5889
02/06/80,1456.844
02/13/80,1462.686
02/20/80,1468.2686
02/27/80,1457.8622
03/05/80,1467.9465
03/12/80,1468.9298
03/19/80,1470.7436
03/26/80,1475.5212
04/02/80,1478.0707
04/09/80,1481.0349
04/16/80,1476.0286
04/23/80,1480.7679
04/30/80,1486.7256
05/07/80,1479.1614
05/14/80,1487.2993
05/21/80,1486.6108
05/28/80,1490.0542
06/04/80,1478.7499
06/11/80,1489.7532
06/18/80,1485.8046
06/25/80,1494.4777
07/02/80,1489.1084
07/09/80,1498.5414
07/16/80,1504.6653
07/23/80,1510.0735
07/30/80,1502.4337
08/06/80,1510.7024
08/13/80,1513.4279
08/20/80,1526.89
08/27/80,1522.6133
09/03/80,1533.7954
09/10/80,1525.33
09/17/80,1533.6022
09/24/80,1534.2689
10/01/80,1545.184
10/08/80,1542.2161
10/15/80,1554.3602
10/22/80,1556.1194
10/29/80,1554.1817
11/05/80,1574.1893
11/12/80,1583.9194
11/19/80,1569.6419
11/26/80,1587.2264
12/03/80,1573.3805
12/10/80,1589.008
12/17/80,1584.5746
12/24/80,1595.5714
12/31/80,1590.3014
01/07/81,1593.2125
01/14/81,1599.6188
01/21/81,1598.1372
01/28/81,1602.7314
02/04/81,1608.2786
02/11/81,1610.1587
02/18/81,1616.401
02/25/81,1618.6368
03/04/81,1623.5387
03/11/81,1623.3025
03/18/81,1629.7038
03/25/81,1635.4098
04/01/81,1644.3314
04/08/81,1637.1245
04/15/81,1657.5726
04/22/81,1655.1279
04/29/81,1656.6242
05/06/81,1657.063
05/13/81,1658.883
05/20/81,1662.3107
05/27/81,1671.2806
06/03/81,1662.3203
06/10/81,1685.1843
06/17/81,1682.3605
06/24/81,1692.1576
07/01/81,1681.4174
07/08/81,1675.2339
07/15/81,1692.7616
07/22/81,1691.0274
07/29/81,1672.5743
08/05/81,1703.7277
08/12/81,1698.9813
08/19/81,1700.2501
08/26/81,1708.9774
09/02/81,1695.2731
09/09/81,1704.4307
09/16/81,1720.1455
09/23/81,1716.033
09/30/81,1741.314
10/07/81,1666.5066
10/14/81,1678.5433
10/21/81,1679.1568
10/28/81,1679.1947
11/04/81,1687.5878
11/11/81,1694.3987
11/18/81,1700.4033
11/25/81,1713.3162
12/02/81,1713.4095
12/09/81,1699.4609
12/16/81,1693.9184
12/23/81,1703.6999
12/30/81,1685.7961
01/06/82,1695.3889
01/13/82,1701.6439
01/20/82,1706.0048
01/27/82,1711.5404
02/03/82,1719.4162
02/10/82,1714.3624
02/17/82,1725.0777
02/24/82,1712.4788
03/03/82,1726.8601
03/10/82,1725.109
03/17/82,1725.6257
03/24/82,1729.8545
03/31/82,1738.8189
04/07/82,1742.2733
04/14/82,1739.079
04/21/82,1737.4074
04/28/82,1730.3522
05/05/82,1746.856
05/12/82,1754.0795
05/19/82,1745.9707
05/26/82,1755.6862
06/02/82,1765.7116
06/09/82,1762.9822
06/16/82,1756.4275
06/23/82,1761.6666
06/30/82,1768.9363
07/07/82,1770.2399
07/14/82,1769.2384
07/21/82,1772.9619
07/28/82,1788.2796
08/04/82,1790.7915
08/11/82,1793.1624
08/18/82,1792.2497
08/25/82,1803.4771
09/01/82,1810.108
09/08/82,1804.9653
09/15/82,1820.1505
09/22/82,1806.3159
09/29/82,1796.4633
10/06/82,1811.5876
10/13/82,1824.602
10/20/82,1824.1637
10/27/82,1834.1413
11/03/82,1838.2188
11/10/82,1821.1217
11/17/82,1818.0081
11/24/82,1829.4726
12/01/82,1831.0032
12/08/82,1838.8424
12/15/82,1844.3079
12/22/82,1846.1007
12/29/82,1833.4254
01/05/83,1848.234
01/12/83,1861.9405
01/19/83,1852.0884
01/26/83,1868.4559
02/02/83,1867.512
02/09/83,1860.7497
02/16/83,1848.5544
02/23/83,1865.0775
03/02/83,1882.3094
03/09/83,1862.9167
03/16/83,1876.687
03/23/83,1867.1367
03/30/83,1868.8176
04/06/83,1884.2024
04/13/83,1875.2659
04/20/83,1875.5347
04/27/83,1879.337
05/04/83,1886.4309
05/11/83,1889.4417
05/18/83,1886.8338
05/25/83,1887.1162
06/01/83,1909.657
06/08/83,1895.2147
06/15/83,1906.9873
06/22/83,1904.0069
06/29/83,1902.668
07/06/83,1930.2819
07/13/83,1920.1196
07/20/83,1927.0053
07/27/83,1936.4405
08/03/83,1932.134
08/10/83,1932.307
08/17/83,1927.3175
08/24/83,1939.1671
08/31/83,1942.9154
09/07/83,1941.4087
09/14/83,1935.8111
09/21/83,1946.7734
09/28/83,1937.3063
10/05/83,1966.041
10/12/83,1975.0591
10/19/83,1958.7847
10/26/83,1974.6441
11/02/83,1966.5443
11/09/83,1969.2
11/16/83,1977.0746
11/23/83,1985.6664
11/30/83,1975.7388
12/07/83,1983.4541
12/14/83,1983.4466
12/21/83,1981.4345
12/28/83,1978.9095
01/04/84,2013.1601
01/11/84,2009.9796
01/18/84,1997.9104
01/25/84,2011.8073
02/01/84,2019.6525
02/08/84,2012.0348
02/15/84,2023.4836
02/22/84,2020.3977
02/29/84,2029.493
03/07/84,2017.7035
03/14/84,2044.2532
03/21/84,2035.5768
03/28/84,2039.1161
04/04/84,2053.2995
04/11/84,2060.1067
04/18/84,2059.6204
04/25/84,2078.7444
05/02/84,2074.5907
05/09/84,2092.0276
05/16/84,2090.6717
05/23/84,2099.5718
05/30/84,2085.3176
06/06/84,2102.3064
06/13/84,2092.5173
06/20/84,2118.9467
06/27/84,2107.1089
07/04/84,2122.0524
07/11/84,2113.4169
07/18/84,2115.4118
07/25/84,2123.3719
08/01/84,2124.7454
08/08/84,2118.4608
08/15/84,2130.2862
08/22/84,2125.195
08/29/84,2119.0012
09/05/84,2131.088
09/12/84,2143.063
09/19/84,2140.0112
09/26/84,2142.4318
10/03/84,2133.3855
10/10/84,2154.4055
10/17/84,2124.4421
10/24/84,2153.5157
10/31/84,2160.8838
11/07/84,2166.8987
11/14/84,2170.4445
11/21/84,2175.9193
11/28/84,2151.0933
12/05/84,2175.0882
12/12/84,2174.9946
12/19/84,2178.7633
12/26/84,2189.4519
01/02/85,2187.5999
01/09/85,2180.2556
01/16/85,2191.4893
01/23/85,2189.9432
01/30/85,2190.3852
02/06/85,2196.6613
02/13/85,2206.8493
02/20/85,2221.2785
02/27/85,2226.9917
03/06/85,2219.2819
03/13/85,2225.6277
03/20/85,2223.5835
03/27/85,2224.2212
04/03/85,2220.1096
04/10/85,2228.4331
04/17/85,2217.4291
04/24/85,2224.579
05/01/85,2244.3067
05/08/85,2241.9121
05/15/85,2263.6527
05/22/85,2253.8102
05/29/85,2240.406
06/05/85,2267.1988
06/12/85,2271.3334
06/19/85,2279.0623
06/26/85,2273.5048
07/03/85,2279.6433
07/10/85,2276.7661
07/17/85,2275.4114
07/24/85,2282.3989
07/31/85,2290.4023
08/07/85,2281.64
08/14/85,2290.0481
08/21/85,2288.9661
08/28/85,2290.0012
09/04/85,2310.3541
09/11/85,2302.6437
09/18/85,2302.9995
09/25/85,2306.0899
10/02/85,2317.1228
10/09/85,2308.8952
10/16/85,2312.237
10/23/85,2310.8645
10/30/85,2307.4127
11/06/85,2331.516
11/13/85,2335.4887
11/20/85,2346.3555
11/27/85,2360.4552
12/04/85,2367.312
12/11/85,2366.7863
12/18/85,2379.2897
12/25/85,2383.7367
01/01/86,2394.9508
01/08/86,2390.0574
01/15/86,2400.5451
01/22/86,2393.1787
01/29/86,2381.3765
02/05/86,2398.5896
02/12/86,2393.9434
02/19/86,2406.9322
02/26/86,2402.0053
03/05/86,2419.9096
03/12/86,2426.9232
03/19/86,2421.1879
03/26/86,2437.1343
04/02/86,2429.0087
04/09/86,2436.4311
04/16/86,2435.6201
04/23/86,2453.2647
04/30/86,2448.8161
05/07/86,2441.3879
05/14/86,2439.5529
05/21/86,2449.2631
05/28/86,2454.4689
06/04/86,2447.0394
06/11/86,2451.3382
06/18/86,2448.4657
06/25/86,2459.8192
07/02/86,2465.1826
07/09/86,2471.5587
07/16/86,2486.6456
07/23/86,2484.5397
07/30/86,2485.2181
08/06/86,2493.2125
08/13/86,2492.6703
08/20/86,2501.4704
08/27/86,2519.7656
09/03/86,2532.0363
09/10/86,2514.4094
09/17/86,2527.7558
09/24/86,2518.9784
10/01/86,2546.0622
10/08/86,2524.944
10/15/86,2541.6636
10/22/86,2532.079
10/29/86,2518.5899
11/05/86,2537.4413
11/12/86,2560.7762
11/19/86,2546.9217
11/26/86,2566.5902
12/03/86,2560.0113
12/10/86,2574.5036
12/17/86,2574.5008
12/24/86,2614.2465
12/31/86,2633.7281
01/07/87,2622.3301
01/14/87,2610.2395
01/21/87,2620.359
01/28/87,2637.6292
02/04/87,2620.6848
02/11/87,2624.0656
02/18/87,2623.6166
02/25/87,2626.4986
03/04/87,2626.8764
03/11/87,2637.739
03/18/87,2631.2366
03/25/87,2646.81
04/01/87,2664.3837
04/08/87,2656.3874
04/15/87,2679.5315
04/22/87,2678.5941
04/29/87,2658.4418
05/06/87,2666.015
05/13/87,2668.3027
05/20/87,2679.7856
05/27/87,2701.8092
06/03/87,2665.9548
06/10/87,2681.7627
06/17/87,2666.9255
06/24/87,2692.9642
07/01/87,2679.9534
07/08/87,2658.6309
07/15/87,2686.3883
07/22/87,2675.4345
07/29/87,2671.7469
08/05/87,2682.2691
08/12/87,2694.1055
08/19/87,2685.636
08/26/87,2713.4704
09/02/87,2671.9213
09/09/87,2712.0125
09/16/87,2714.3696
09/23/87,2724.3437
09/30/87,2726.6666
10/07/87,2714.0946
10/14/87,2725.6167
10/21/87,2748.7635
10/28/87,2766.6838
11/04/87,2742.5033
11/11/87,2737.5767
11/18/87,2726.8671
11/25/87,2732.0852
12/02/87,2729.2221
12/09/87,2731.3595
12/16/87,2735.5696
12/23/87,2739.7927
12/30/87,2727.0889
01/06/88,2744.2466
01/13/88,2745.9882
01/20/88,2755.6041
01/27/88,2764.9415
02/03/88,2767.0217
02/10/88,2770.6547
02/17/88,2775.6999
02/24/88,2754.7062
03/02/88,2767.4522
03/09/88,2765.4264
03/16/88,2784.1984
03/23/88,2791.2445
03/30/88,2773.9531
04/06/88,2805.6509
04/13/88,2788.6087
04/20/88,2813.1751
04/27/88,2806.9404
05/04/88,2831.0237
05/11/88,2834.6959
05/18/88,2828.5833
05/25/88,2819.0587
06/01/88,2862.1982
06/08/88,2845.3697
06/15/88,2885.5219
06/22/88,2857.2168
06/29/88,2851.2807
07/06/88,2876.0133
07/13/88,2871.5659
07/20/88,2877.638
07/27/88,2883.9406
08/03/88,2869.2281
08/10/88,2886.2708
08/17/88,2874.6428
08/24/88,2885.8492
08/31/88,2870.0101
09/07/88,2884.0354
09/14/88,2874.8576
09/21/88,2898.6304
09/28/88,2874.8275
10/05/88,2899.5138
10/12/88,2898.1602
10/19/88,2900.8326
10/26/88,2902.1359
11/02/88,2916.0024
11/09/88,2900.4471
11/16/88,2920.2762
11/23/88,2919.633
11/30/88,2927.237
12/07/88,2926.8749
12/14/88,2928.1301
12/21/88,2926.5728
12/28/88,2930.1201
01/04/89,2937.5602
01/11/89,2944.7761
01/18/89,2935.452
01/25/89,2942.0934
02/01/89,2958.2448
02/08/89,2960.3126
02/15/89,2964.4001
02/22/89,2974.4331
03/01/89,2999.4164
03/08/89,2965.2778
03/15/89,2991.1748
03/22/89,2984.9446
03/29/89,2975.3628
04/05/89,2981.1386
04/12/89,2979.7079
04/19/89,2986.235
04/26/89,2991.9152
05/03/89,3005.8945
05/10/89,2996.8545
05/17/89,3017.4267
05/24/89,3014.2207
05/31/89,3024.4222
06/07/89,3011.3191
06/14/89,3017.1022
06/21/89,3024.1265
06/28/89,3017.8935
07/05/89,3035.0913
07/12/89,3054.0042
07/19/89,3029.4138
07/26/89,3070.9083
08/02/89,3056.83
08/09/89,3072.335
08/16/89,3063.9323
08/23/89,3080.046
08/30/89,3055.4603
09/06/89,3083.7327
09/13/89,3070.9288
09/20/89,3093.9343
09/27/89,3076.0327
10/04/89,3093.9551
10/11/89,3091.374
10/18/89,3096.2323
10/25/89,3102.4303
11/01/89,3148.6114
11/08/89,3100.7634
11/15/89,3122.7633
11/22/89,3118.3614
11/29/89,3116.4447
12/06/89,3125.4525
12/13/89,3136.1782
12/20/89,3132.3993
12/27/89,3141.0066
01/03/90,3131.6598
01/10/90,3153.43
01/17/90,3152.4565
01/24/90,3149.551
01/31/90,3158.5011
02/07/90,3158.9195
02/14/90,3150.442
02/21/90,3176.5431
02/28/90,3174.0416
03/07/90,3176.8316
03/14/90,3185.3503
03/21/90,3187.7294
03/28/90,3184.9823
04/04/90,3190.9287
04/11/90,3191.142
04/18/90,3198.9471
04/25/90,3198.924
05/02/90,3205.84
05/09/90,3199.192
05/16/90,3210.8192
05/23/90,3209.4502
05/30/90,3203.3963
06/06/90,3216.9614
06/13/90,3234.2761
06/20/90,3236.5539
06/27/90,3248.1788
07/04/90,3235.0955
07/11/90,3245.4018
07/18/90,3244.0417
07/25/90,3267.8778
08/01/90,3271.7993
08/08/90,3272.0173
08/15/90,3300.4054
08/22/90,3291.1694
08/29/90,3262.7443
09/05/90,3299.7328
09/12/90,3266.0876
09/19/90,3283.236
09/26/90,3269.2118
10/03/90,3281.0125
10/10/90,3285.8297
10/17/90,3254.0185
10/24/90,3273.5833
10/31/90,3285.8933
11/07/90,3264.7426
11/14/90,3300.5094
11/21/90,3283.6987
11/28/90,3270.999
12/05/90,3280.2023
12/12/90,3295.9645
12/19/90,3276.1653
12/26/90,3287.7583
01/02/91,3286.1597
01/09/91,3275.2474
01/16/91,3253.1589
01/23/91,3299.3481
01/30/91,3263.8745
02/06/91,3297.3262
02/13/91,3280.5744
02/20/91,3304.208
02/27/91,3287.0483
03/06/91,3301.1656
03/13/91,3300.6779
03/20/91,3311.2125
03/27/91,3299.3211
04/03/91,3302.5551
04/10/91,3300.1122
04/17/91,3298.7674
04/24/91,3283.6567
05/01/91,3331.3376
05/08/91,3280.49
05/15/91,3321.7642
05/22/91,3285.3289
05/29/91,3298.7549
06/05/91,3297.0068
06/12/91,3310.4078
06/19/91,3291.0095
06/26/91,3332.063
07/03/91,3281.6083
07/10/91,3305.3769
07/17/91,3279.5688
07/24/91,3303.5123
07/31/91,3314.39
08/07/91,3310.5465
08/14/91,3295.9198
08/21/91,3318.1238
08/28/91,3299.8627
09/04/91,3325.1105
09/11/91,3293.7168
09/18/91,3326.9326
09/25/91,3326.9909
10/02/91,3338.2644
10/09/91,3309.7536
10/16/91,3363.8418
10/23/91,3335.8873
10/30/91,3339.3567
11/06/91,3341.6263
11/13/91,3377.872
11/20/91,3352.0999
11/27/91,3375.524
12/04/91,3359.9734
12/11/91,3382.5392
12/18/91,3354.4085
12/25/91,3398.9076
01/01/92,3356.9142
01/08/92,3379.0632
01/15/92,3396.2563
01/22/92,3406.9014
01/29/92,3384.0668
02/05/92,3405.768
02/12/92,3392.7069
02/19/92,3410.0553
02/26/92,3382.5238
03/04/92,3408.0963
03/11/92,3398.1224
03/18/92,3392.9021
03/25/92,3403.4459
04/01/92,3426.5143
04/08/92,3393.1229
04/15/92,3448.9091
04/22/92,3402.1887
04/29/92,3387.6247
05/06/92,3397.4242
05/13/92,3401.8791
05/20/92,3400.3789
05/27/92,3413.1329
06/03/92,3386.7809
06/10/92,3417.0421
06/17/92,3391.8439
06/24/92,3416.6983
07/01/92,3437.6751
07/08/92,3398.5752
07/15/92,3421.4433
07/22/92,3417.9163
07/29/92,3383.0976
08/05/92,3427.348
08/12/92,3412.2661
08/19/92,3414.2063
08/26/92,3422.7554
09/02/92,3430.1338
09/09/92,3426.9829
09/16/92,3452.8697
09/23/92,3417.7646
09/30/92,3453.4778
10/07/92,3425.8447
10/14/92,3459.1488
10/21/92,3435.4077
10/28/92,3438.4869
11/04/92,3447.0786
11/11/92,3468.8483
11/18/92,3438.2076
11/25/92,3474.5071
12/02/92,3456.5421
12/09/92,3469.3944
12/16/92,3458.105
12/23/92,3478.4792
12/30/92,3444.9765
01/06/93,3466.5182
01/13/93,3446.3252
01/20/93,3449.1825
01/27/93,3436.9268
02/03/93,3463.8851
02/10/93,3453.1736
02/17/93,3466.0672
02/24/93,3433.9629
03/03/93,3476.9011
03/10/93,3462.2772
03/17/93,3473.5211
03/24/93,3475.7919
03/31/93,3497.154
04/07/93,3486.3815
04/14/93,3490.2857
04/21/93,3471.7113
04/28/93,3491.25
05/05/93,3497.0612
05/12/93,3525.0984
05/19/93,3503.5931
05/26/93,3527.9011
06/02/93,3534.5697
06/09/93,3553.3343
06/16/93,3544.1852
06/23/93,3556.6706
06/30/93,3544.7766
07/07/93,3590.9515
07/14/93,3566.4383
07/21/93,3579.335
07/28/93,3561.0439
08/04/93,3585.7396
08/11/93,3581.0244
08/18/93,3578.4154
08/25/93,3578.5624
09/01/93,3606.5951
09/08/93,3574.9484
09/15/93,3632.729
09/22/93,3581.2185
09/29/93,3595.7373
10/06/93,3576.6093
10/13/93,3591.9092
10/20/93,3581.5638
10/27/93,3594.6288
11/03/93,3581.4655
11/10/93,3596.0594
11/17/93,3577.3785
11/24/93,3611.3837
12/01/93,3622.907
12/08/93,3617.5906
12/15/93,3631.9646
12/22/93,3611.8671
12/29/93,3599.9424
01/05/94,3646.4383
01/12/94,3655.4243
01/19/94,3666.3735
01/26/94,3649.8597
02/02/94,3668.5641
02/09/94,3672.4297
02/16/94,3661.8145
02/23/94,3666.5179
03/02/94,3683.2249
03/09/94,3666.4327
03/16/94,3690.2049
03/23/94,3702.88
03/30/94,3710.9549
04/06/94,3710.1664
04/13/94,3699.5039
04/20/94,3689.0396
04/27/94,3704.1689
05/04/94,3697.2879
05/11/94,3726.8049
05/18/94,3707.8574
05/25/94,3725.3527
06/01/94,3737.0616
06/08/94,3712.0326
06/15/94,3731.4112
06/22/94,3726.9935
06/29/94,3727.8589
07/06/94,3762.5856
07/13/94,3762.2347
07/20/94,3768.4793
07/27/94,3780.1312
08/03/94,3764.0855
08/10/94,3770.0874
08/17/94,3769.7439
08/24/94,3790.0341
08/31/94,3799.162
09/07/94,3775.9345
09/14/94,3784.1028
09/21/94,3797.2099
09/28/94,3790.0042
10/05/94,3794.3822
10/12/94,3810.6841
10/19/94,3798.4625
10/26/94,3814.6193
11/02/94,3813.1955
11/09/94,3794.044
11/16/94,3808.5534
11/23/94,3836.3247
11/30/94,3826.7381
12/07/94,3824.4266
12/14/94,3826.0932
12/21/94,3847.1832
12/28/94,3852.8236
01/04/95,3872.4676
01/11/95,3864.4097
01/18/95,3873.8186
01/25/95,3875.6927
02/01/95,3912.2344
02/08/95,3863.9102
02/15/95,3890.796
02/22/95,3889.8979
03/01/95,3935.7829
03/08/95,3904.7355
03/15/95,3954.6563
03/22/95,3922.8744
03/29/95,3929.1769
04/05/95,3968.0593
04/12/95,3979.2482
04/19/95,3987.8403
04/26/95,4009.5424
05/03/95,3993.2691
05/10/95,4017.2699
05/17/95,4000.5295
05/24/95,4027.0564
05/31/95,4037.8387
06/07/95,4033.5182
06/14/95,4030.9147
06/21/95,4042.6495
06/28/95,4023.5893
07/05/95,4069.0429
07/12/95,4061.3576
07/19/95,4071.435
07/26/95,4088.3196
08/02/95,4092.4792
08/09/95,4089.9818
08/16/95,4090.5939
08/23/95,4097.9843
08/30/95,4078.7935
09/06/95,4112.8916
09/13/95,4116.53
09/20/95,4127.0814
09/27/95,4133.4668
10/04/95,4113.7251
10/11/95,4136.121
10/18/95,4104.8037
10/25/95,4148.5306
11/01/95,4168.2784
11/08/95,4141.0299
11/15/95,4148.595
11/22/95,4147.0794
11/29/95,4105.7944
12/06/95,4151.8916
12/13/95,4145.4586
12/20/95,4176.6464
12/27/95,4174.9598
01/03/96,4222.0489
01/10/96,4207.2504
01/17/96,4216.5834
01/24/96,4177.4982
01/31/96,4197.4723
02/07/96,4176.0106
02/14/96,4190.6826
02/21/96,4203.7156
02/28/96,4203.6814
03/06/96,4181.465
03/13/96,4202.919
03/20/96,4201.4119
03/27/96,4206.1821
04/03/96,4205.1899
04/10/96,4234.096
04/17/96,4216.7777
04/24/96,4240.5853
05/01/96,4234.2078
05/08/96,4248.4343
05/15/96,4243.1545
05/22/96,4243.5847
05/29/96,4217.663
06/05/96,4254.8933
06/12/96,4250.3033
06/19/96,4257.1991
06/26/96,4249.8321
07/03/96,4249.7195
07/10/96,4254.5046
07/17/96,4272.5218
07/24/96,4270.7489
07/31/96,4279.3282
08/07/96,4264.2371
08/14/96,4279.7058
08/21/96,4266.4788
08/28/96,4258.1104
09/04/96,4286.3594
09/11/96,4280.3328
09/18/96,4289.4699
09/25/96,4313.4066
10/02/96,4313.6931
10/09/96,4302.1305
10/16/96,4329.2291
10/23/96,4326.9578
10/30/96,4288.2298
11/06/96,4327.7832
11/13/96,4363.8957
11/20/96,4338.5098
11/27/96,4376.6416
12/04/96,4369.6831
12/11/96,4368.7183
12/18/96,4374.0451
12/25/96,4388.021
01/01/97,4386.0847
01/08/97,4389.5803
01/15/97,4382.3634
01/22/97,4433.8931
01/29/97,4414.205
02/05/97,4441.5269
02/12/97,4449.3009
02/19/97,4468.4217
02/26/97,4460.2463
03/05/97,4494.4661
03/12/97,4500.1687
03/19/97,4493.516
03/26/97,4515.6444
04/02/97,4508.0332
04/09/97,4540.2152
04/16/97,4534.5461
04/23/97,4556.9052
04/30/97,4577.0937
05/07/97,4568.0967
05/14/97,4561.503
05/21/97,4595.5793
05/28/97,4593.0853
06/04/97,4571.2391
06/11/97,4585.1766
06/18/97,4574.7925
06/25/97,4590.9513
07/02/97,4593.4525
07/09/97,4593.277
07/16/97,4626.5037
07/23/97,4632.9698
07/30/97,4644.3605
08/06/97,4649.8402
08/13/97,4634.5945
08/20/97,4668.6505
08/27/97,4667.8634
09/03/97,4690.6138
09/10/97,4660.2273
09/17/97,4674.3732
09/24/97,4664.7576
10/01/97,4721.2033
10/08/97,4698.2838
10/15/97,4718.6049
10/22/97,4713.3495
10/29/97,4713.8891
11/05/97,4743.1099
11/12/97,4793.8651
11/19/97,4736.8949
11/26/97,4804.3447
12/03/97,4777.8511
12/10/97,4787.6162
12/17/97,4761.5503
12/24/97,4793.9362
12/31/97,4803.0724
01/07/98,4827.063
01/14/98,4816.3513
01/21/98,4846.4033
01/28/98,4832.8753
02/04/98,4834.3924
02/11/98,4855.8585
02/18/98,4881.4613
02/25/98,4871.6946
03/04/98,4897.2535
03/11/98,4910.2232
03/18/98,4913.7236
03/25/98,4934.3388
04/01/98,4995.7863
04/08/98,4956.0438
04/15/98,4969.6787
04/22/98,4940.4728
04/29/98,4916.2844
05/06/98,4941.3685
05/13/98,4940.739
05/20/98,4954.4615
05/27/98,4965.7138
06/03/98,4942.9809
06/10/98,4987.7837
06/17/98,4971.5115
06/24/98,4996.3255
07/01/98,5032.0528
07/08/98,4972.9652
07/15/98,5016.0279
07/22/98,5008.8972
07/29/98,5025.8102
08/05/98,5040.875
08/12/98,5058.8084
08/19/98,5041.8496
08/26/98,5084.3595
09/02/98,5092.7452
09/09/98,5120.9115
09/16/98,5103.9707
09/23/98,5117.6184
09/30/98,5155.6112
10/07/98,5166.1298
10/14/98,5186.7023
10/21/98,5222.5131
10/28/98,5229.0931
11/04/98,5233.3498
11/11/98,5238.0862
11/18/98,5251.8413
11/25/98,5251.535
12/02/98,5242.6937
12/09/98,5258.6697
12/16/98,5257.2336
12/23/98,5256.8473
12/30/98,5238.8529
01/06/99,5238.7505
01/13/99,5252.4592
01/20/99,5277.8579
01/27/99,5247.7704
02/03/99,5252.9314
02/10/99,5255.83
02/17/99,5250.0728
02/24/99,5237.2256
03/03/99,5235.2168
03/10/99,5234.4308
03/17/99,5221.0567
03/24/99,5247.2064
03/31/99,5239.8648
04/07/99,5234.9507
04/14/99,5241.4316
04/21/99,5239.9763
04/28/99,5255.2776
05/05/99,5251.1897
05/12/99,5270.4797
05/19/99,5275.5673
05/26/99,5275.6695
06/02/99,5300.9572
06/09/99,5295.4495
06/16/99,5313.9963
06/23/99,5357.4385
06/30/99,5324.4154
07/07/99,5333.6445
07/14/99,5333.6207
07/21/99,5319.393
07/28/99,5303.5752
08/04/99,5292.8407
08/11/99,5324.3496
08/18/99,5323.7824
08/25/99,5345.3424
09/01/99,5332.9119
09/08/99,5338.7682
09/15/99,5359.9988
09/22/99,5387.0135
09/29/99,5371.8798
10/06/99,5368.4841
10/13/99,5375.3927
10/20/99,5394.6736
10/27/99,5419.6096
11/03/99,5417.1723
11/10/99,5419.2498
11/17/99,5456.7051
11/24/99,5507.878
12/01/99,5530.4345
12/08/99,5524.2664
12/15/99,5564.3124
12/22/99,5596.2493
12/29/99,5579.4349
01/05/00,5553.481
01/12/00,5579.713
01/19/00,5581.1737
01/26/00,5601.2915
02/02/00,5603.0723
02/09/00,5614.115
02/16/00,5613.1325
02/23/00,5648.9642
03/01/00,5686.9575
03/08/00,5693.4843
03/15/00,5705.7812
03/22/00,5715.7852
03/29/00,5698.9302
04/05/00,5721.2218
04/12/00,5734.1068
04/19/00,5759.9063
04/26/00,5800.123
05/03/00,5812.3813
05/10/00,5829.1787
05/17/00,5841.8167
05/24/00,5845.2036
05/31/00,5867.0462
06/07/00,5844.7477
06/14/00,5852.7313
06/21/00,5902.725
06/28/00,5888.0748
07/05/00,5910.3514
07/12/00,5897.3913
07/19/00,5921.0969
07/26/00,5933.7135
08/02/00,5910.1107
08/09/00,5929.085
08/16/00,5930.1004
08/23/00,5964.298
08/30/00,5926.5205
09/06/00,5964.167
09/13/00,5946.083
09/20/00,6009.3156
09/27/00,5958.9595
10/04/00,5967.4043
10/11/00,5973.1799
10/18/00,5976.9112
10/25/00,5987.7319
11/01/00,6012.0255
11/08/00,5965.2538
11/15/00,5980.877
11/22/00,6005.0528
11/29/00,5993.1475
12/06/00,6028.8344
12/13/00,6033.6169
12/20/00,6060.5487
12/27/00,6100.3091
01/03/01,6138.6743
01/10/01,6139.9877
01/17/01,6141.1709
01/24/01,6133.9771
01/31/01,6165.2258
02/07/01,6106.1271
02/14/01,6099.0963
02/21/01,6130.8561
02/28/01,6184.1009
03/07/01,6163.0925
03/14/01,6178.5799
03/21/01,6227.7787
03/28/01,6197.4899
04/04/01,6224.6409
04/11/01,6227.4442
04/18/01,6248.93
04/25/01,6239.0549
05/02/01,6225.2737
05/09/01,6228.2548
05/16/01,6220.5329
05/23/01,6215.0437
05/30/01,6235.0293
06/06/01,6211.9414
06/13/01,6210.0543
06/20/01,6216.8505
06/27/01,6210.1199
07/04/01,6213.3078
07/11/01,6205.5312
07/18/01,6221.5065
07/25/01,6245.7892
08/01/01,6281.3295
08/08/01,6235.1153
08/15/01,6233.9165
08/22/01,6261.3337
08/29/01,6259.727
09/05/01,6301.7743
09/12/01,6726.917
09/19/01,6472.4478
09/26/01,6383.2544
10/03/01,6369.9932
10/10/01,6371.4325
10/17/01,6359.7921
10/24/01,6358.6624
10/31/01,6423.8087
11/07/01,6398.6488
11/14/01,6438.0541
11/21/01,6403.2506
11/28/01,6367.829
12/05/01,6406.7755
12/12/01,6408.7106
12/19/01,6367.6923
12/26/01,6394.6958
01/02/02,6384.5635
01/09/02,6400.1373
01/16/02,6355.6132
01/23/02,6397.5034
01/30/02,6361.8883
02/06/02,6374.3699
02/13/02,6363.8653
02/20/02,6385.5954
02/27/02,6365.8493
03/06/02,6349.63
03/13/02,6328.9066
03/20/02,6361.8985
03/27/02,6371.2279
04/03/02,6377.7775
04/10/02,6381.6914
04/17/02,6380.4127
04/24/02,6372.0662
05/01/02,6395.5213
05/08/02,6366.0593
05/15/02,6404.3238
05/22/02,6410.3999
05/29/02,6416.158
06/05/02,6410.3098
06/12/02,6431.763
06/19/02,6439.9891
06/26/02,6466.7913
07/03/02,6415.0056
07/10/02,6455.112
07/17/02,6459.8278
07/24/02,6521.7345
07/31/02,6529.2453
08/07/02,6537.7638
08/14/02,6587.7918
08/21/02,6598.436
08/28/02,6592.9196
09/04/02,6666.5602
09/11/02,6598.4113
09/18/02,6648.6259
09/25/02,6653.8326
10/02/02,6720.8001
10/09/02,6704.7873
10/16/02,6756.2883
10/23/02,6745.9411
10/30/02,6774.7678
11/06/02,6809.1889
11/13/02,6861.0434
11/20/02,6814.6604
11/27/02,6862.5682
12/04/02,6845.4466
12/11/02,6942.5866
12/18/02,6944.3761
12/25/02,6983.1028
01/01/03,6914.0785
01/08/03,6910.8982
01/15/03,6909.4674
01/22/03,6914.8301
01/29/03,6898.8462
02/05/03,6960.7887
02/12/03,6965.8238
02/19/03,7009.8294
02/26/03,7006.2572
03/05/03,7067.9245
03/12/03,7073.9975
03/19/03,7043.9302
03/26/03,7020.8404
04/02/03,7062.4737
04/09/03,7035.4503
04/16/03,7063.7042
04/23/03,7063.709
04/30/03,7142.4952
05/07/03,7164.4422
05/14/03,7202.0308
05/21/03,7194.5123
05/28/03,7225.5574
06/04/03,7245.9582
06/11/03,7302.0915
06/18/03,7252.3676
06/25/03,7291.5123
07/02/03,7336.8708
07/09/03,7319.8984
07/16/03,7300.6039
07/23/03,7320.7433
07/30/03,7312.6879
08/06/03,7340.2355
08/13/03,7323.8781
08/20/03,7308.9282
08/27/03,7260.079
09/03/03,7316.2265
09/10/03,7274.5675
09/17/03,7250.4381
09/24/03,7204.9177
10/01/03,7312.5151
10/08/03,7216.4766
10/15/03,7280.4995
10/22/03,7253.1264
10/29/03,7236.7074
11/05/03,7243.99
11/12/03,7308.0369
11/19/03,7271.4084
11/26/03,7284.8763
12/03/03,7238.0674
12/10/03,7275.3472
12/17/03,7333.0671
12/24/03,7345.6
12/31/03,7329.6127
01/07/04,7352.2471
01/14/04,7381.4359
01/21/04,7412.7028
01/28/04,7446.9771
02/04/04,7458.1309
02/11/04,7523.6624
02/18/04,7602.6207
02/25/04,7466.1391
03/03/04,7498.6561
03/10/04,7535.5557
03/17/04,7555.652
03/24/04,7579.8578
03/31/04,7600.5721
04/07/04,7608.7448
04/14/04,7654.4126
04/21/04,7660.9402
04/28/04,7651.7153
05/05/04,7640.6129
05/12/04,7684.2713
05/19/04,7661.423
05/26/04,7660.652
06/02/04,7686.1149
06/09/04,7713.551
06/16/04,7726.3326
06/23/04,7774.9481
06/30/04,7789.4534
07/07/04,7862.9633
07/14/04,7855.5404
07/21/04,7859.6602
07/28/04,7838.0814
08/04/04,7846.6723
08/11/04,7877.6922
08/18/04,7870.6822
08/25/04,7873.4313
09/01/04,7886.7352
09/08/04,7909.6414
09/15/04,7966.9899
09/22/04,7977.4585
09/29/04,7952.0506
10/06/04,7928.7666
10/13/04,7967.2836
10/20/04,7985.6662
10/27/04,7976.1753
11/03/04,7984.0041
11/10/04,8009.672
11/17/04,7952.878
11/24/04,8030.8391
12/01/04,8043.8968
12/08/04,8056.9947
12/15/04,8056.7239
12/22/04,8024.0037
12/29/04,8010.4453
01/05/05,8053.9298
01/12/05,8069.8541
01/19/05,8137.797
01/26/05,8092.6506
02/02/05,8142.223
02/09/05,8119.3032
02/16/05,8125.2288
02/23/05,8233.4114
03/02/05,8230.5742
03/09/05,8223.4662
03/16/05,8295.6874
03/23/05,8313.1891
03/30/05,8281.31
04/06/05,8272.5838
04/13/05,8296.2622
04/20/05,8322.5175
04/27/05,8311.7743
05/04/05,8313.8109
05/11/05,8346.076
05/18/05,8364.9592
05/25/05,8410.554
06/01/05,8453.609
06/08/05,8465.2629
06/15/05,8394.0627
06/22/05,8448.6343
06/29/05,8417.8379
07/06/05,8443.7103
07/13/05,8453.414
07/20/05,8495.7381
07/27/05,8486.9475
08/03/05,8547.5637
08/10/05,8532.4948
08/17/05,8545.8576
08/24/05,8602.0213
08/31/05,8614.8598
09/07/05,8594.9001
09/14/05,8611.4677
09/21/05,8635.0817
09/28/05,8651.2911
10/05/05,8614.9527
10/12/05,8680.9676
10/19/05,8683.5009
10/26/05,8678.7093
11/02/05,8677.3488
11/09/05,8658.01
11/16/05,8686.0726
11/23/05,8722.8807
11/30/05,8693.425
12/07/05,8737.0809
12/14/05,8741.2576
12/21/05,8802.0591
12/28/05,8807.3297
01/04/06,8829.2962
01/11/06,8797.7799
01/18/06,8846.3793
01/25/06,8867.4381
02/01/06,8892.5677
02/08/06,8871.5339
02/15/06,8916.1809
02/22/06,8920.1496
03/01/06,8956.6068
03/08/06,8932.6904
03/15/06,8967.9227
03/22/06,8983.2676
03/29/06,9008.6754
04/05/06,9035.6324
04/12/06,9078.6257
04/19/06,9097.4766
04/26/06,9149.9578
05/03/06,9166.6555
05/10/06,9204.9281
05/17/06,9213.3221
05/24/06,9255.0802
05/31/06,9267.7919
06/07/06,9230.9238
06/14/06,9260.5409
06/21/06,9257.2766
06/28/06,9243.3029
07/05/06,9265.7376
07/12/06,9276.4178
07/19/06,9336.5694
07/26/06,9314.8164
08/02/06,9311.2094
08/09/06,9302.7089
08/16/06,9321.8637
08/23/06,9378.5267
08/30/06,9356.5497
09/06/06,9355.8654
09/13/06,9335.5407
09/20/06,9332.7204
09/27/06,9368.6105
10/04/06,9580.7597
10/11/06,9631.3599
10/18/06,9544.2495
10/25/06,9563.1979
11/01/06,9613.5822
11/08/06,9571.2751
11/15/06,9595.4176
11/22/06,9654.9981
11/29/06,9685.004
12/06/06,9729.7309
12/13/06,9702.9047
12/20/06,9761.16
12/27/06,9805.9873
01/03/07,9832.5942
01/10/07,9793.567
01/17/07,9830.3712
01/24/07,9835.1293
01/31/07,9862.5737
02/07/07,9819.7048
02/14/07,9866.9242
02/21/07,9896.5602
02/28/07,9962.8711
03/07/07,9907.8068
03/14/07,9811.7631
03/21/07,9793.566
03/28/07,9873.8837
04/04/07,9911.3153
04/11/07,9929.3465
04/18/07,9937.5004
04/25/07,9967.3507
05/02/07,9957.0423
05/09/07,9978.1388
05/16/07,9967.8578
05/23/07,10008.7152
05/30/07,10038.2017
06/06/07,10028.856
06/13/07,10038.9192
06/20/07,10076.6835
06/27/07,10093.2524
07/04/07,10160.468
07/11/07,10144.7425
07/18/07,10160.4319
07/25/07,10201.2038
08/01/07,10214.7869
08/08/07,10218.0112
08/15/07,10324.9173
08/22/07,10366.805
08/29/07,10382.8123
09/05/07,10412.5768
09/12/07,10487.4405
09/19/07,10430.1906
09/26/07,10511.6538
10/03/07,10485.7438
10/10/07,10557.3207
10/17/07,10563.5098
10/24/07,10655.1284
10/31/07,10680.9313
11/07/07,10705.9518
11/14/07,10727.0426
11/21/07,10782.5772
11/28/07,10765.6359
12/05/07,10802.5729
12/12/07,10753.6958
12/19/07,10821.8118
12/26/07,10851.6284
01/02/08,10901.1317
01/09/08,10890.9463
01/16/08,10887.9747
01/23/08,10992.9114
01/30/08,10989.0441
02/06/08,10967.992
02/13/08,10966.5961
02/20/08,11006.2152
02/27/08,11005.3956
03/05/08,11033.8282
03/12/08,11091.2656
03/19/08,11160.7973
03/26/08,11153.7277
04/02/08,11068.9303
04/09/08,11055.5149
04/16/08,11018.0077
04/23/08,11071.9518
04/30/08,11073.5981
05/07/08,11018.0085
05/14/08,10988.417
05/21/08,11049.098
05/28/08,11021.9549
06/04/08,11007.3021
06/11/08,10980.1809
06/18/08,11006.001
06/25/08,11014.6773
07/02/08,11035.1748
07/09/08,11028.632
07/16/08,11050.5472
07/23/08,11013.5887
07/30/08,11031.0541
08/06/08,10988.9034
08/13/08,11006.918
08/20/08,11021.4396
08/27/08,11012.7888
09/03/08,11014.0359
09/10/08,11002.4656
09/17/08,11264.0042
09/24/08,11286.4958
10/01/08,11737.9677
10/08/08,11788.826
10/15/08,11909.5038
10/22/08,12021.9488
10/29/08,12064.794
11/05/08,12007.7407
11/12/08,12091.8311
11/19/08,12063.6112
11/26/08,12097.7249
12/03/08,12240.0694
12/10/08,12350.7744
12/17/08,12373.3654
12/24/08,12365.8551
12/31/08,12259.4084
01/07/09,12281.5362
01/14/09,12287.7391
01/21/09,12279.7008
01/28/09,12149.3943
02/04/09,12052.3031
02/11/09,12011.8345
02/18/09,12055.9396
02/25/09,12005.5945
03/04/09,11985.1853
03/11/09,12010.1665
03/18/09,12057.0557
03/25/09,12077.9928
04/01/09,12070.0024
04/08/09,12000.0864
04/15/09,12043.0328
04/22/09,12052.6996
04/29/09,12068.4514
05/06/09,12114.6697
05/13/09,12102.9488
05/20/09,12119.2684
05/27/09,12036.5977
06/03/09,12028.6125
06/10/09,12034.5505
06/17/09,11959.4046
06/24/09,11943.6756
07/01/09,11889.7485
07/08/09,11908.4038
07/15/09,11811.5953
07/22/09,11794.7321
07/29/09,11715.0776
08/05/09,11677.8702
08/12/09,11724.7552
08/19/09,11759.7966
08/26/09,11748.4476
09/02/09,11713.602
09/09/09,11720.4025
09/16/09,11704.9325
09/23/09,11738.3897
09/30/09,11584.4669
10/07/09,11694.5132
10/14/09,11749.7511
10/21/09,11793.3994
10/28/09,11749.4135
11/04/09,11771.1097
11/11/09,11712.6821
11/18/09,11740.0444
11/25/09,11770.1918
12/02/09,11759.8931
12/09/09,11745.6645
12/16/09,11742.0783
12/23/09,11731.8746
12/30/09,11695.9677
01/06/10,11665.1885
01/13/10,11722.7072
01/20/10,11671.7888
01/27/10,11695.0566
02/03/10,11675.7625
02/10/10,11718.8354
02/17/10,11711.4917
02/24/10,11704.4023
03/03/10,11670.6709
03/10/10,11653.8234
03/17/10,11582.4068
03/24/10,11564.2827
03/31/10,11815.4072
04/07/10,11881.5424
04/14/10,11839.9071
04/21/10,11824.4784
04/28/10,11828.0071
05/05/10,11814.3853
05/12/10,11824.8505
05/19/10,11829.6295
05/26/10,11777.3199
06/02/10,11702.2085
06/09/10,11763.6623
06/16/10,11694.1614
06/23/10,11769.6751
06/30/10,11674.2079
07/07/10,11750.3079
07/14/10,11764.0401
07/21/10,11808.9393
07/28/10,11806.8971
08/04/10,11836.4889
08/11/10,11856.3466
08/18/10,11832.4532
08/25/10,11845.5284
09/01/10,11812.4282
09/08/10,11833.1403
09/15/10,11752.5222
09/22/10,11770.8043
09/29/10,11778.9015
10/06/10,11870.764
10/13/10,11901.7714
10/20/10,11916.0233
10/27/10,11877.3304
11/03/10,11870.683
11/10/10,11837.3937
11/17/10,11815.3048
11/24/10,11835.8143
12/01/10,11826.0337
12/08/10,11871.4208
12/15/10,11775.3249
12/22/10,11815.1288
12/29/10,11806.2939
01/05/11,11809.9985
01/12/11,11873.106
01/19/11,11853.5579
01/26/11,11828.8466
02/02/11,11806.2203
02/09/11,11882.8044
02/16/11,11857.2285
02/23/11,11933.6695
03/02/11,11930.7926
03/09/11,12031.1986
03/16/11,11975.8818
03/23/11,12042.4918
03/30/11,12135.3396
04/06/11,12199.5522
04/13/11,12210.3552
04/20/11,12195.9775
04/27/11,12181.169
05/04/11,12212.7288
05/11/11,12236.3612
05/18/11,12181.9148
05/25/11,12239.4822
06/01/11,12279.8493
06/08/11,12336.4856
06/15/11,12239.0247
06/22/11,12336.9278
06/29/11,12335.6992
07/06/11,12300.363
07/13/11,12322.7244
07/20/11,12303.2176
07/27/11,12341.4137
08/03/11,12366.8828
08/10/11,12444.6285
08/17/11,12438.2507
08/24/11,12410.708
08/31/11,12396.1246
09/07/11,12393.0454
09/14/11,12454.3158
09/21/11,12441.3117
09/28/11,12488.6954
10/05/11,12531.3822
10/12/11,12475.8757
10/19/11,12476.2033
10/26/11,12489.9637
11/02/11,12449.8471
11/09/11,12499.9237
11/16/11,12484.2932
11/23/11,12443.7282
11/30/11,12451.6443
12/07/11,12482.5494
12/14/11,12557.6336
12/21/11,12510.6934
12/28/11,12598.1433
01/04/12,12627.6368
01/11/12,12581.4266
01/18/12,12535.6893
01/25/12,12574.7754
02/01/12,12686.7479
02/08/12,12687.5364
02/15/12,12737.385
02/22/12,12650.5083
02/29/12,12696.5825
03/07/12,12655.1833
03/14/12,12622.9767
03/21/12,12599.2987
03/28/12,12630.4401
04/04/12,12680.7403
04/11/12,12694.5091
04/18/12,12661.1554
04/25/12,12691.2989
05/02/12,12701.0647
05/09/12,12716.2063
05/16/12,12699.7013
05/23/12,12715.1596
05/30/12,12726.408
06/06/12,12757.3914
06/13/12,12779.3124
06/20/12,12701.9762
06/27/12,12740.0964
07/04/12,12766.0077
07/11/12,12779.957
07/18/12,12781.6128
07/25/12,12844.8903
08/01/12,12823.886
08/08/12,12841.4662
08/15/12,12828.2454
08/22/12,12804.6328
08/29/12,12838.7775
09/05/12,12863.4567
09/12/12,12834.6182
09/19/12,12805.409
09/26/12,12844.8964
10/03/12,12876.0931
10/10/12,12840.0543
10/17/12,12889.049
10/24/12,12803.2983
10/31/12,12913.1974
11/07/12,12941.7152
11/14/12,12986.3229
11/21/12,12968.0605
11/28/12,13024.0803
12/05/12,13036.086
12/12/12,13055.2579
12/19/12,13098.9383
12/26/12,13195.8615
01/02/13,13238.7239
01/09/13,13152.9741
01/16/13,13177.7672
01/23/13,13192.8048
01/30/13,13279.0878
02/06/13,13267.1552
02/13/13,13266.3375
02/20/13,13195.9048
02/27/13,13275.6756
03/06/13,13268.6192
03/13/13,13315.1709
03/20/13,13286.4609
03/27/13,13367.4178
04/03/13,13396.829
04/10/13,13368.9596
04/17/13,13405.3266
04/24/13,13333.5585
05/01/13,13439.4255
05/08/13,13414.7253
05/15/13,13472.1097
05/22/13,13481.4169
05/29/13,13513.4983
06/05/13,13525.783
06/12/13,13562.8837
06/19/13,13498.0158
06/26/13,13553.2337
07/03/13,13555.575
07/10/13,13544.5003
07/17/13,13611.9649
07/24/13,13571.5486
07/31/13,13585.0288
08/07/13,13609.4111
08/14/13,13640.8851
08/21/13,13631.4671
08/28/13,13698.879
09/04/13,13680.1855
09/11/13,13704.0593
09/18/13,13797.934
09/25/13,13805.6341
10/02/13,13911.8391
10/09/13,13823.3505
10/16/13,13868.8778
10/23/13,13906.5543
10/30/13,13954.4829
11/06/13,13895.9966
11/13/13,13937.6575
11/20/13,13936.824
11/27/13,14015.6996
12/04/13,14044.1951
12/11/13,14080.1655
12/18/13,14102.0524
12/25/13,14119.3392
01/01/14,13945.7054
01/08/14,14098.9037
01/15/14,14120.5879
01/22/14,14120.5685
01/29/14,14174.1985
02/05/14,14184.8883
02/12/14,14214.1746
02/19/14,14238.8133
02/26/14,14232.0425
03/05/14,14313.8346
03/12/14,14325.6998
03/19/14,14354.7545
03/26/14,14350.0136
04/02/14,14374.9697
04/09/14,14398.3544
04/16/14,14434.466
04/23/14,14439.0499
04/30/14,14435.5116
05/07/14,14462.4188
05/14/14,14495.031
05/21/14,14528.1813
05/28/14,14587.5874
06/04/14,14596.7216
06/11/14,14627.9985
06/18/14,14657.0705
06/25/14,14731.1612
07/02/14,14745.7548
07/09/14,14740.2292
07/16/14,14758.2923
07/23/14,14806.9491
07/30/14,14817.424
08/06/14,14810.9372
08/13/14,14781.854
08/20/14,14806.1745
08/27/14,14806.9415
09/03/14,14911.0754
09/10/14,14866.1192
09/17/14,14950.2295
09/24/14,14973.616
10/01/14,14997.608
10/08/14,14937.6687
10/15/14,15010.8915
10/22/14,15024.5862
10/29/14,15022.3189
11/05/14,14988.2813
11/12/14,15010.104
11/19/14,14986.0856
11/26/14,15101.9577
12/03/14,15097.8368
12/10/14,15103.322
12/17/14,15128.2706
12/24/14,15077.645
12/31/14,14933.9544
01/07/15,15199.9508
01/14/15,15206.2378
01/21/15,15225.6564
01/28/15,15211.1882
02/04/15,15217.3986
02/11/15,15189.5788
02/18/15,15219.7645
02/25/15,15268.2662
03/04/15,15282.2402
03/11/15,15330.9708
03/18/15,15365.1838
03/25/15,15371.3983
04/01/15,15361.3538
04/08/15,15392.6015
04/15/15,15387.7055
04/22/15,15385.0877
04/29/15,15400.9049
05/06/15,15389.8617
05/13/15,15381.0939
05/20/15,15348.736
05/27/15,15334.9579
06/03/15,15330.7266
06/10/15,15318.7658
06/17/15,15365.3871
06/24/15,15327.7918
07/01/15,15309.4654
07/08/15,15325.1242
07/15/15,15389.8349
07/22/15,15418.0497
07/29/15,15370.1754
08/05/15,15373.4481
08/12/15,15359.2079
08/19/15,15447.0682
08/26/15,15500.8763
09/02/15,15455.4326
09/09/15,15453.0296
09/16/15,15417.9394
09/23/15,15517.2928
09/30/15,15244.9096
10/07/15,15576.6753
10/14/15,15633.9543
10/21/15,15648.7831
10/28/15,15611.471
11/04/15,15645.7497
11/11/15,15592.8204
11/18/15,15570.8274
11/25/15,15549.6766
12/02/15,15601.5825
12/09/15,15588.8721
12/16/15,15586.5928
12/23/15,15618.8952
12/30/15,15499.9589
01/06/16,15623.1095
01/13/16,15630.2805
01/20/16,15679.6326
01/27/16,15631.5963
02/03/16,15710.1641
02/10/16,15713.5832
02/17/16,15712.9901
02/24/16,15706.8175
03/02/16,15718.3829
03/09/16,15755.2565
03/16/16,15711.4353
03/23/16,15732.6334
03/30/16,15703.1431
04/06/16,15801.7619
04/13/16,15854.0524
04/20/16,15855.4391
04/27/16,15873.7592
05/04/16,15925.5432
05/11/16,15913.1043
05/18/16,15900.5178
05/25/16,15899.3809
06/01/16,15925.9381
06/08/16,15939.2876
06/15/16,15960.7448
06/22/16,15960.4996
06/29/16,15947.128
07/06/16,16053.7698
07/13/16,16023.8439
07/20/16,15998.9177
07/27/16,16032.0575
08/03/16,16075.7039
08/10/16,16055.9602
08/17/16,16070.1068
08/24/16,16038.8881
08/31/16,16041.0816
09/07/16,16091.6814
09/14/16,16155.9478
09/21/16,16048.239
09/28/16,16028.9673
10/05/16,15992.326
10/12/16,16047.7342
10/19/16,16036.206
10/26/16,16021.912
11/02/16,16044.2017
11/09/16,16026.8031
11/16/16,16036.755
11/23/16,16002.9704
11/30/16,15990.8626
12/07/16,16050.9729
12/14/16,16075.2833
12/21/16,15976.4399
12/28/16,15992.6933
01/04/17,16065.7472
01/11/17,16012.3228
01/18/17,16070.8269
01/25/17,16050.8372
02/01/17,16108.3923
02/08/17,16117.2472
02/15/17,16116.8808
02/22/17,16136.5515
03/01/17,16186.7496
03/08/17,16177.9542
03/15/17,16215.0565
03/22/17,16182.8055
03/29/17,16151.8498
04/05/17,16217.1625
04/12/17,16209.3092
04/19/17,16245.6984
04/26/17,16233.1815
05/03/17,16220.0899
05/10/17,16198.4079
05/17/17,16265.0107
05/24/17,16277.8903
05/31/17,16228.3653
06/07/17,16257.5291
06/14/17,16222.0589
06/21/17,16244.2496
06/28/17,16229.1502
07/05/17,16266.2619
07/12/17,16311.6817
07/19/17,16350.0342
07/26/17,16415.3835
08/02/17,16428.303
08/09/17,16429.0114
08/16/17,16489.0886
08/23/17,16471.6087
08/30/17,16505.8061
09/06/17,16505.2764
09/13/17,16532.1976
09/20/17,16529.0429
09/27/17,16528.9075
10/04/17,16571.8343
10/11/17,16543.9843
10/18/17,16612.8843
10/25/17,16602.7875
11/01/17,16633.5746
11/08/17,16642.5021
11/15/17,16657.9435
11/22/17,16659.1566
11/29/17,16670.4155
12/06/17,16729.1156
12/13/17,16721.1997
12/20/17,16705.1793
12/27/17,16732.8023
01/03/18,16730.0091
01/10/18,16669.6628
01/17/18,16703.9362
01/24/18,16698.7557
01/31/18,16662.929
02/07/18,16633.8767
02/14/18,16682.6474
02/21/18,16631.6447
02/28/18,16643.2789
03/07/18,16608.6957
03/14/18,16598.0284
03/21/18,16552.002
03/28/18,16564.8289
04/04/18,16575.2656
04/11/18,16571.1529
04/18/18,16626.3023
04/25/18,16628.2293
05/02/18,16662.9988
05/09/18,16696.6867
05/16/18,16668.1464
05/23/18,16715.6967
05/30/18,16724.1845
06/06/18,16700.8524
06/13/18,16720.7752
06/20/18,16721.5825
06/27/18,16764.3482
07/04/18,16781.4849
07/11/18,16738.4205
07/18/18,16746.8815
07/25/18,16742.6406
08/01/18,16716.865
08/08/18,16688.8328
08/15/18,16724.3383
08/22/18,16723.7139
08/29/18,16690.1912
09/05/18,16699.1211
09/12/18,16700.8702
09/19/18,16703.141
09/26/18,16750.8565
10/03/18,16815.2935
10/10/18,16793.9946
10/17/18,16780.4055
10/24/18,16829.7542
10/31/18,16814.8779
11/07/18,16781.6829
11/14/18,16825.7929
11/21/18,16802.0838
11/28/18,16821.1673
12/05/18,16881.1934
12/12/18,16889.9827
12/19/18,16887.3826
12/26/18,17006.9984
01/02/19,17024.5237
01/09/19,16967.4845
01/16/19,16925.8264
01/23/19,16936.3554
01/30/19,16978.4129
02/06/19,17000.0244
02/13/19,17025.2556
02/20/19,17000.8942
02/27/19,17040.1292
03/06/19,17047.0002
03/13/19,17054.2186
03/20/19,17085.1591
03/27/19,17132.2723
04/03/19,17133.5522
04/10/19,17097.0106
04/17/19,17081.0695
04/24/19,17108.5828
05/01/19,17120.8661
05/08/19,17161.8316
05/15/19,17231.1635
05/22/19,17147.572
05/29/19,17163.6433
06/05/19,17248.557
06/12/19,17305.4125
06/19/19,17293.317
06/26/19,17339.769
07/03/19,17369.3603
07/10/19,17327.4051
07/17/19,17336.0701
07/24/19,17342.7104
07/31/19,17355.8538
08/07/19,17494.7583
08/14/19,17466.0517
08/21/19,17441.4565
08/28/19,17465.1117
09/04/19,17476.145
09/11/19,17453.2601
09/18/19,17430.0441
09/25/19,17506.7712
10/02/19,17582.269
10/09/19,17571.4441
10/16/19,17586.916
10/23/19,17571.3323
10/30/19,17542.7644
11/06/19,17607.7418
11/13/19,17624.5707
11/20/19,17586.4441
11/27/19,17638.4337
12/04/19,17670.6274
12/11/19,17750.6326
12/18/19,17736.5362
12/25/19,17725.925
01/01/20,17667.4102
01/08/20,17752.5335
01/15/20,17779.2062
01/22/20,17742.3468
01/29/20,17800.0023
02/05/20,17815.9774
02/12/20,17784.7799
02/19/20,17894.5462
02/26/20,17882.7485
03/04/20,18119.4983
03/11/20,18237.7467
03/18/20,18662.4021
03/25/20,19311.7385
04/01/20,19594.7752
04/08/20,19551.5387
04/15/20,19935.3665
04/22/20,20157.3191
04/29/20,20306.0448
05/06/20,20289.7994
05/13/20,20271.1817
05/20/20,20267.9683
05/27/20,20203.7513
06/03/20,20150.8842
06/10/20,20169.3745
06/17/20,20166.592
06/24/20,20132.5106
07/01/20,20139.7922
07/08/20,20075.8178
07/15/20,20043.4834
07/22/20,19929.6408
07/29/20,19957.2694
08/05/20,19994.693
08/12/20,20017.898
08/19/20,20033.4875
08/26/20,20049.0647
09/02/20,20058.3344
09/09/20,20094.8737
09/16/20,20183.2874
09/23/20,20180.694
09/30/20,20052.1425
10/07/20,20114.3872
10/14/20,20175.2689
10/21/20,20198.5475
10/28/20,20201.0003
11/04/20,20231.4272
11/11/20,20201.6052
11/18/20,20225.1576
11/25/20,20335.8267
12/02/20,20283.5543
12/09/20,20307.3259
12/16/20,20378.0336
12/23/20,20435.9387
12/30/20,20493.1434
01/06/21,20499.3384
01/13/21,20484.8863
01/20/21,20505.7322
01/27/21,20558.3445
02/03/21,20578.3165
02/10/21,20660.3411
02/17/21,20731.4819
02/24/21,20719.347
03/03/21,20763.3634
03/10/21,20819.422
03/17/21,20957.7198
03/24/21,21013.2078
03/31/21,20969.5392
04/07/21,21167.4299
04/14/21,21257.8221
04/21/21,21320.8911
04/28/21,21438.0508
05/05/21,21479.5509
05/12/21,21496.6185
05/19/21,21432.4515
05/26/21,21449.2766
06/02/21,21469.4755
06/09/21,21574.0592
06/16/21,21559.5008
06/23/21,21587.1692
06/30/21,21375.6748
07/07/21,21569.1675
07/14/21,21660.4901
07/21/21,21720.2004
07/28/21,21751.0731
08/04/21,21847.669
08/11/21,21858.697
08/18/21,22007.959
08/25/21,22018.4509
09/01/21,22096.9763
09/08/21,22066.4348
09/15/21,22175.0107
09/22/21,22171.8116
09/29/21,22197.2056
10/06/21,22264.4271
10/13/21,22316.9328
10/20/21,22368.4068
10/27/21,22376.561
11/03/21,22447.4953
11/10/21,22450.7814
11/17/21,22466.6504
11/24/21,22493.7566
12/01/21,22602.4464
12/08/21,22562.5662
12/15/21,22533.3204
12/22/21,22605.9473
12/29/21,22572.452
01/05/22,22672.5789
01/12/22,22528.9264
01/19/22,22541.1248
01/26/22,22569.1593
02/02/22,22526.2984
02/09/22,22531.7261
02/16/22,22505.189
02/23/22,22511.5996
03/02/22,22659.5847
03/09/22,22690.6788
03/16/22,22581.7578
03/23/22,22579.6037
03/30/22,22644.5579
04/06/22,22716.3828
04/13/22,22784.2674
04/20/22,22585.5636
04/27/22,22621.8425
05/04/22,22628.501
05/11/22,22627.1727
05/18/22,22638.1226
05/25/22,22691.4591
06/01/22,22718.2794
06/08/22,22660.496
06/15/22,22643.2434
06/22/22,22734.8623
06/29/22,22775.745
07/06/22,22892.4893
07/13/22,22895.8742
07/20/22,22857.8368
07/27/22,22902.0733
08/03/22,22979.318
08/10/22,23015.6131
08/17/22,22999.6196
08/24/22,23018.8625
08/31/22,22930.7086
09/07/22,22875.6914
09/14/22,22865.0443
09/21/22,22812.5019
09/28/22,22849.3624
10/05/22,22778.4806
10/12/22,22755.2573
10/19/22,22773.1726
10/26/22,22832.5144
11/02/22,22745.9049
11/09/22,22765.1629
11/16/22,22852.2515
11/23/22,22928.0381
11/30/22,22808
12/07/22,22898.3531
12/14/22,22926.1819
12/21/22,22912.3447
12/28/22,22846.2317
01/04/23,22922.7028
01/11/23,22908.1824
01/18/23,23018.9426
01/25/23,22941.0195
02/01/23,23026.8648
02/08/23,22954.6925
02/15/23,22990.2702
02/22/23,22960.8713
03/01/23,22880.4986
03/08/23,22822.0046
03/15/23,23142.156
03/22/23,23025.4186
03/29/23,22993.9694
04/05/23,22920.3832
04/12/23,22835.0613
04/19/23,22920.4917
04/26/23,22931.009
05/03/23,22920.1067
05/10/23,22928.7508
05/17/23,22944.0505
05/24/23,22962.3613
05/31/23,22963.617
06/07/23,22897.7511
06/14/23,22941.5715
06/21/23,22959.4271
06/28/23,22992.4826
07/05/23,22948.2136
07/12/23,22828.236
07/19/23,22900.4424
07/26/23,22835.3139
08/02/23,22857.9172
08/09/23,22811.2911
08/16/23,22873.7086
08/23/23,22837.288
08/30/23,22884.7995
09/06/23,22878.4217
09/13/23,22896.7268
09/20/23,22865.3575
09/27/23,22946.8029
10/04/23,22947.227
10/11/23,22960.4353
10/18/23,22949.3655
10/25/23,22962.155
11/01/23,22986.6199
11/08/23,22949.2931
11/15/23,22990.889
11/22/23,22973.0018
11/29/23,23032.796
12/06/23,23068.7185
12/13/23,23108.4794
12/20/23,23167.7834
12/27/23,23260.9915
01/03/24,23208.5481
01/10/24,23185.5644
01/17/24,23265.2901
01/24/24,23290.7673
01/31/24,23248.6106
02/07/24,23303.8894
02/14/24,23304.827
02/21/24,23309.5958
02/28/24,23314.4918
03/06/24,23314.2633
03/13/24,23247.495
03/20/24,23219.2666
03/27/24,23270.8911
04/03/24,23265.4271
04/10/24,23292.4665
04/17/24,23237.8397
04/24/24,23246.5846
05/01/24,23243.88
05/08/24,23265.3691
05/15/24,23347.1875
05/22/24,23335.2192
05/29/24,23330.1818
06/05/24,23384.0579
06/12/24,23379.8425
06/19/24,23449.8538
06/26/24,23509.581
07/03/24,23530.9731
07/10/24,23439.3346
07/17/24,23449.7068
07/24/24,23433.8762
07/31/24,23454.1197
08/07/24,23467.3721
08/14/24,23518.6857
