Date,Bitcoin_Wikipedia_Search
01/01/08,0
01/02/08,0
01/03/08,0
01/04/08,0
01/05/08,0
01/06/08,0
01/07/08,0
01/08/08,0
01/09/08,0
01/10/08,0
01/11/08,0
01/12/08,0
01/13/08,0
01/14/08,0
01/15/08,0
01/16/08,0
01/17/08,0
01/18/08,0
01/19/08,0
01/20/08,0
01/21/08,0
01/22/08,0
01/23/08,0
01/24/08,0
01/25/08,0
01/26/08,0
01/27/08,0
01/28/08,0
01/29/08,0
01/30/08,0
01/31/08,0
02/01/08,0
02/02/08,0
02/03/08,0
02/04/08,0
02/05/08,0
02/06/08,0
02/07/08,0
02/08/08,0
02/09/08,0
02/10/08,0
02/11/08,0
02/12/08,0
02/13/08,0
02/14/08,0
02/15/08,0
02/16/08,0
02/17/08,0
02/18/08,0
02/19/08,0
02/20/08,0
02/21/08,0
02/22/08,0
02/23/08,0
02/24/08,0
02/25/08,0
02/26/08,0
02/27/08,0
02/28/08,0
02/29/08,0
03/01/08,0
03/02/08,0
03/03/08,0
03/04/08,0
03/05/08,0
03/06/08,0
03/07/08,0
03/08/08,0
03/09/08,0
03/10/08,0
03/11/08,0
03/12/08,0
03/13/08,0
03/14/08,0
03/15/08,0
03/16/08,0
03/17/08,0
03/18/08,0
03/19/08,0
03/20/08,0
03/21/08,0
03/22/08,0
03/23/08,0
03/24/08,0
03/25/08,0
03/26/08,0
03/27/08,0
03/28/08,0
03/29/08,0
03/30/08,0
03/31/08,0
04/01/08,0
04/02/08,0
04/03/08,0
04/04/08,0
04/05/08,0
04/06/08,0
04/07/08,0
04/08/08,0
04/09/08,0
04/10/08,0
04/11/08,0
04/12/08,0
04/13/08,0
04/14/08,0
04/15/08,0
04/16/08,0
04/17/08,0
04/18/08,0
04/19/08,0
04/20/08,0
04/21/08,0
04/22/08,0
04/23/08,0
04/24/08,0
04/25/08,0
04/26/08,0
04/27/08,0
04/28/08,0
04/29/08,0
04/30/08,0
05/01/08,0
05/02/08,0
05/03/08,0
05/04/08,0
05/05/08,0
05/06/08,0
05/07/08,0
05/08/08,0
05/09/08,0
05/10/08,0
05/11/08,0
05/12/08,0
05/13/08,0
05/14/08,0
05/15/08,0
05/16/08,0
05/17/08,0
05/18/08,0
05/19/08,0
05/20/08,0
05/21/08,0
05/22/08,0
05/23/08,0
05/24/08,0
05/25/08,0
05/26/08,0
05/27/08,0
05/28/08,0
05/29/08,0
05/30/08,0
05/31/08,0
06/01/08,0
06/02/08,0
06/03/08,0
06/04/08,0
06/05/08,0
06/06/08,0
06/07/08,0
06/08/08,0
06/09/08,0
06/10/08,0
06/11/08,0
06/12/08,0
06/13/08,0
06/14/08,0
06/15/08,0
06/16/08,0
06/17/08,0
06/18/08,0
06/19/08,0
06/20/08,0
06/21/08,0
06/22/08,0
06/23/08,0
06/24/08,0
06/25/08,0
06/26/08,0
06/27/08,0
06/28/08,0
06/29/08,0
06/30/08,0
07/01/08,0
07/02/08,0
07/03/08,0
07/04/08,0
07/05/08,0
07/06/08,0
07/07/08,0
07/08/08,0
07/09/08,0
07/10/08,0
07/11/08,0
07/12/08,0
07/13/08,0
07/14/08,0
07/15/08,0
07/16/08,0
07/17/08,0
07/18/08,0
07/19/08,0
07/20/08,0
07/21/08,0
07/22/08,0
07/23/08,0
07/24/08,0
07/25/08,0
07/26/08,0
07/27/08,0
07/28/08,0
07/29/08,0
07/30/08,0
07/31/08,0
08/01/08,0
08/02/08,0
08/03/08,0
08/04/08,0
08/05/08,0
08/06/08,0
08/07/08,0
08/08/08,0
08/09/08,0
08/10/08,0
08/11/08,0
08/12/08,0
08/13/08,0
08/14/08,0
08/15/08,0
08/16/08,0
08/17/08,0
08/18/08,0
08/19/08,0
08/20/08,0
08/21/08,0
08/22/08,0
08/23/08,0
08/24/08,0
08/25/08,0
08/26/08,0
08/27/08,0
08/28/08,0
08/29/08,0
08/30/08,0
08/31/08,0
09/01/08,0
09/02/08,0
09/03/08,0
09/04/08,0
09/05/08,0
09/06/08,0
09/07/08,0
09/08/08,0
09/09/08,0
09/10/08,0
09/11/08,0
09/12/08,0
09/13/08,0
09/14/08,0
09/15/08,0
09/16/08,0
09/17/08,0
09/18/08,0
09/19/08,0
09/20/08,0
09/21/08,0
09/22/08,0
09/23/08,0
09/24/08,0
09/25/08,0
09/26/08,0
09/27/08,0
09/28/08,0
09/29/08,0
09/30/08,0
10/01/08,0
10/02/08,0
10/03/08,0
10/04/08,0
10/05/08,0
10/06/08,0
10/07/08,0
10/08/08,0
10/09/08,0
10/10/08,0
10/11/08,0
10/12/08,0
10/13/08,0
10/14/08,0
10/15/08,0
10/16/08,0
10/17/08,0
10/18/08,0
10/19/08,0
10/20/08,0
10/21/08,0
10/22/08,0
10/23/08,0
10/24/08,0
10/25/08,0
10/26/08,0
10/27/08,0
10/28/08,0
10/29/08,0
10/30/08,0
10/31/08,0
11/01/08,0
11/02/08,0
11/03/08,0
11/04/08,0
11/05/08,0
11/06/08,0
11/07/08,0
11/08/08,0
11/09/08,0
11/10/08,0
11/11/08,0
11/12/08,0
11/13/08,0
11/14/08,0
11/15/08,0
11/16/08,0
11/17/08,1
11/18/08,0
11/19/08,0
11/20/08,0
11/21/08,0
11/22/08,0
11/23/08,0
11/24/08,0
11/25/08,0
11/26/08,0
11/27/08,0
11/28/08,0
11/29/08,0
11/30/08,0
12/01/08,0
12/02/08,0
12/03/08,0
12/04/08,0
12/05/08,0
12/06/08,0
12/07/08,0
12/08/08,0
12/09/08,0
12/10/08,0
12/11/08,0
12/12/08,0
12/13/08,0
12/14/08,0
12/15/08,0
12/16/08,0
12/17/08,0
12/18/08,0
12/19/08,0
12/20/08,0
12/21/08,0
12/22/08,0
12/23/08,0
12/24/08,0
12/25/08,0
12/26/08,0
12/27/08,0
12/28/08,0
12/29/08,0
12/30/08,0
12/31/08,0
01/01/09,0
01/02/09,0
01/03/09,0
01/04/09,0
01/05/09,0
01/06/09,0
01/07/09,0
01/08/09,0
01/09/09,0
01/10/09,1
01/11/09,0
01/12/09,0
01/13/09,0
01/14/09,0
01/15/09,0
01/16/09,0
01/17/09,0
01/18/09,0
01/19/09,0
01/20/09,0
01/21/09,0
01/22/09,0
01/23/09,0
01/24/09,0
01/25/09,0
01/26/09,0
01/27/09,0
01/28/09,0
01/29/09,2
01/30/09,0
01/31/09,0
02/01/09,0
02/02/09,0
02/03/09,0
02/04/09,0
02/05/09,0
02/06/09,0
02/07/09,0
02/08/09,0
02/09/09,0
02/10/09,0
02/11/09,0
02/12/09,0
02/13/09,0
02/14/09,0
02/15/09,0
02/16/09,0
02/17/09,0
02/18/09,0
02/19/09,0
02/20/09,0
02/21/09,0
02/22/09,0
02/23/09,0
02/24/09,0
02/25/09,0
02/26/09,0
02/27/09,0
02/28/09,0
03/01/09,0
03/02/09,0
03/03/09,0
03/04/09,0
03/05/09,0
03/06/09,0
03/07/09,0
03/08/09,14
03/09/09,8
03/10/09,9
03/11/09,11
03/12/09,6
03/13/09,20
03/14/09,8
03/15/09,14
03/16/09,14
03/17/09,9
03/18/09,7
03/19/09,23
03/20/09,13
03/21/09,9
03/22/09,14
03/23/09,18
03/24/09,15
03/25/09,10
03/26/09,11
03/27/09,22
03/28/09,11
03/29/09,9
03/30/09,6
03/31/09,11
04/01/09,10
04/02/09,7
04/03/09,19
04/04/09,9
04/05/09,7
04/06/09,12
04/07/09,10
04/08/09,17
04/09/09,11
04/10/09,11
04/11/09,13
04/12/09,10
04/13/09,9
04/14/09,18
04/15/09,7
04/16/09,9
04/17/09,11
04/18/09,20
04/19/09,7
04/20/09,14
04/21/09,6
04/22/09,6
04/23/09,9
04/24/09,11
04/25/09,8
04/26/09,14
04/27/09,13
04/28/09,6
04/29/09,10
04/30/09,12
05/01/09,13
05/02/09,8
05/03/09,8
05/04/09,9
05/05/09,6
05/06/09,9
05/07/09,6
05/08/09,15
05/09/09,21
05/10/09,14
05/11/09,15
05/12/09,11
05/13/09,15
05/14/09,5
05/15/09,7
05/16/09,4
05/17/09,14
05/18/09,6
05/19/09,7
05/20/09,10
05/21/09,8
05/22/09,3
05/23/09,5
05/24/09,5
05/25/09,11
05/26/09,10
05/27/09,8
05/28/09,5
05/29/09,8
05/30/09,6
05/31/09,11
06/01/09,19
06/02/09,14
06/03/09,8
06/04/09,7
06/05/09,9
06/06/09,6
06/07/09,9
06/08/09,6
06/09/09,10
06/10/09,14
06/11/09,12
06/12/09,5
06/13/09,2
06/14/09,6
06/15/09,9
06/16/09,6
06/17/09,12
06/18/09,9
06/19/09,4
06/20/09,13
06/21/09,9
06/22/09,8
06/23/09,7
06/24/09,17
06/25/09,5
06/26/09,7
06/27/09,6
06/28/09,10
06/29/09,14
06/30/09,14
07/01/09,7
07/02/09,17
07/03/09,5
07/04/09,9
07/05/09,2
07/06/09,10
07/07/09,11
07/08/09,15
07/09/09,9
07/10/09,7
07/11/09,9
07/12/09,12
07/13/09,10
07/14/09,14
07/15/09,13
07/16/09,6
07/17/09,7
07/18/09,7
07/19/09,15
07/20/09,5
07/21/09,14
07/22/09,10
07/23/09,14
07/24/09,12
07/25/09,18
07/26/09,10
07/27/09,12
07/28/09,10
07/29/09,15
07/30/09,28
07/31/09,28
08/01/09,11
08/02/09,7
08/03/09,15
08/04/09,10
08/05/09,20
08/06/09,34
08/07/09,9
08/08/09,16
08/09/09,13
08/10/09,7
08/11/09,13
08/12/09,8
08/13/09,13
08/14/09,20
08/15/09,23
08/16/09,12
08/17/09,8
08/18/09,10
08/19/09,16
08/20/09,16
08/21/09,12
08/22/09,10
08/23/09,34
08/24/09,20
08/25/09,14
08/26/09,13
08/27/09,12
08/28/09,9
08/29/09,17
08/30/09,12
08/31/09,8
09/01/09,8
09/02/09,12
09/03/09,11
09/04/09,7
09/05/09,8
09/06/09,12
09/07/09,17
09/08/09,7
09/09/09,17
09/10/09,9
09/11/09,13
09/12/09,9
09/13/09,13
09/14/09,12
09/15/09,10
09/16/09,6
09/17/09,13
09/18/09,8
09/19/09,4
09/20/09,10
09/21/09,6
09/22/09,0
09/23/09,0
09/24/09,0
09/25/09,0
09/26/09,0
09/27/09,0
09/28/09,0
09/29/09,0
09/30/09,0
10/01/09,4
10/02/09,7
10/03/09,11
10/04/09,18
10/05/09,13
10/06/09,8
10/07/09,12
10/08/09,6
10/09/09,5
10/10/09,5
10/11/09,10
10/12/09,7
10/13/09,20
10/14/09,17
10/15/09,0
10/16/09,12
10/17/09,12
10/18/09,54
10/19/09,21
10/20/09,10
10/21/09,9
10/22/09,15
10/23/09,4
10/24/09,15
10/25/09,10
10/26/09,14
10/27/09,14
10/28/09,20
10/29/09,17
10/30/09,17
10/31/09,13
11/01/09,10
11/02/09,13
11/03/09,11
11/04/09,18
11/05/09,10
11/06/09,9
11/07/09,6
11/08/09,6
11/09/09,10
11/10/09,22
11/11/09,10
11/12/09,15
11/13/09,18
11/14/09,12
11/15/09,6
11/16/09,10
11/17/09,13
11/18/09,14
11/19/09,8
11/20/09,9
11/21/09,14
11/22/09,3
11/23/09,8
11/24/09,10
11/25/09,9
11/26/09,7
11/27/09,4
11/28/09,11
11/29/09,6
11/30/09,7
12/01/09,10
12/02/09,14
12/03/09,6
12/04/09,19
12/05/09,17
12/06/09,20
12/07/09,8
12/08/09,24
12/09/09,18
12/10/09,12
12/11/09,14
12/12/09,10
12/13/09,13
12/14/09,8
12/15/09,10
12/16/09,15
12/17/09,38
12/18/09,25
12/19/09,12
12/20/09,25
12/21/09,8
12/22/09,14
12/23/09,17
12/24/09,8
12/25/09,10
12/26/09,9
12/27/09,10
12/28/09,12
12/29/09,20
12/30/09,12
12/31/09,13
01/01/10,17
01/02/10,12
01/03/10,8
01/04/10,8
01/05/10,5
01/06/10,9
01/07/10,12
01/08/10,9
01/09/10,9
01/10/10,7
01/11/10,15
01/12/10,19
01/13/10,12
01/14/10,9
01/15/10,14
01/16/10,11
01/17/10,13
01/18/10,10
01/19/10,16
01/20/10,16
01/21/10,11
01/22/10,8
01/23/10,1
01/24/10,0
01/25/10,13
01/26/10,18
01/27/10,15
01/28/10,7
01/29/10,11
01/30/10,12
01/31/10,10
02/01/10,12
02/02/10,24
02/03/10,17
02/04/10,22
02/05/10,11
02/06/10,17
02/07/10,14
02/08/10,6
02/09/10,10
02/10/10,16
02/11/10,13
02/12/10,15
02/13/10,28
02/14/10,13
02/15/10,20
02/16/10,21
02/17/10,16
02/18/10,20
02/19/10,10
02/20/10,39
02/21/10,44
02/22/10,23
02/23/10,19
02/24/10,20
02/25/10,11
02/26/10,7
02/27/10,37
02/28/10,16
03/01/10,21
03/02/10,10
03/03/10,10
03/04/10,12
03/05/10,11
03/06/10,21
03/07/10,12
03/08/10,12
03/09/10,14
03/10/10,10
03/11/10,22
03/12/10,16
03/13/10,34
03/14/10,16
03/15/10,29
03/16/10,9
03/17/10,16
03/18/10,22
03/19/10,14
03/20/10,14
03/21/10,18
03/22/10,20
03/23/10,23
03/24/10,19
03/25/10,17
03/26/10,16
03/27/10,15
03/28/10,14
03/29/10,21
03/30/10,15
03/31/10,12
04/01/10,15
04/02/10,22
04/03/10,7
04/04/10,6
04/05/10,13
04/06/10,187
04/07/10,25
04/08/10,36
04/09/10,83
04/10/10,30
04/11/10,23
04/12/10,25
04/13/10,37
04/14/10,55
04/15/10,120
04/16/10,99
04/17/10,57
04/18/10,33
04/19/10,32
04/20/10,36
04/21/10,33
04/22/10,38
04/23/10,41
04/24/10,59
04/25/10,44
04/26/10,32
04/27/10,41
04/28/10,77
04/29/10,55
04/30/10,98
05/01/10,40
05/02/10,60
05/03/10,43
05/04/10,52
05/05/10,36
05/06/10,37
05/07/10,30
05/08/10,36
05/09/10,38
05/10/10,45
05/11/10,37
05/12/10,38
05/13/10,46
05/14/10,41
05/15/10,39
05/16/10,41
05/17/10,36
05/18/10,36
05/19/10,42
05/20/10,39
05/21/10,48
05/22/10,47
05/23/10,47
05/24/10,45
05/25/10,112
05/26/10,96
05/27/10,60
05/28/10,38
05/29/10,58
05/30/10,44
05/31/10,42
06/01/10,38
06/02/10,37
06/03/10,47
06/04/10,35
06/05/10,83
06/06/10,34
06/07/10,60
06/08/10,49
06/09/10,65
06/10/10,55
06/11/10,24
06/12/10,14
06/13/10,1
06/14/10,15
06/15/10,24
06/16/10,31
06/17/10,46
06/18/10,117
06/19/10,60
06/20/10,67
06/21/10,92
06/22/10,43
06/23/10,95
06/24/10,63
06/25/10,42
06/26/10,115
06/27/10,72
06/28/10,973
06/29/10,1003
06/30/10,378
07/01/10,147
07/02/10,71
07/03/10,75
07/04/10,58
07/05/10,34
07/06/10,60
07/07/10,41
07/08/10,0
07/09/10,0
07/10/10,34
07/11/10,3328
07/12/10,7788
07/13/10,1023
07/14/10,740
07/15/10,402
07/16/10,385
07/17/10,241
07/18/10,215
07/19/10,242
07/20/10,192
07/21/10,291
07/22/10,229
07/23/10,245
07/24/10,167
07/25/10,239
07/26/10,231
07/27/10,305
07/28/10,160
07/29/10,185
07/30/10,133
07/31/10,155
08/01/10,96
08/02/10,69
08/03/10,74
08/04/10,61
08/05/10,76
08/06/10,52
08/07/10,36
08/08/10,33
08/09/10,39
08/10/10,53
08/11/10,44
08/12/10,46
08/13/10,40
08/14/10,19
08/15/10,32
08/16/10,47
08/17/10,38
08/18/10,36
08/19/10,25
08/20/10,28
08/21/10,38
08/22/10,49
08/23/10,29
08/24/10,33
08/25/10,37
08/26/10,31
08/27/10,31
08/28/10,12
08/29/10,21
08/30/10,31
08/31/10,23
09/01/10,24
09/02/10,22
09/03/10,22
09/04/10,14
09/05/10,20
09/06/10,22
09/07/10,16
09/08/10,25
09/09/10,16
09/10/10,28
09/11/10,26
09/12/10,15
09/13/10,25
09/14/10,33
09/15/10,13
09/16/10,22
09/17/10,16
09/18/10,20
09/19/10,21
09/20/10,30
09/21/10,41
09/22/10,25
09/23/10,26
09/24/10,32
09/25/10,15
09/26/10,51
09/27/10,78
09/28/10,85
09/29/10,97
09/30/10,304
10/01/10,82
10/02/10,61
10/03/10,38
10/04/10,84
10/05/10,43
10/06/10,78
10/07/10,84
10/08/10,67
10/09/10,64
10/10/10,71
10/11/10,43
10/12/10,22
10/13/10,25
10/14/10,15
10/15/10,14
10/16/10,19
10/17/10,29
10/18/10,17
10/19/10,33
10/20/10,19
10/21/10,21
10/22/10,11
10/23/10,19
10/24/10,15
10/25/10,16
10/26/10,20
10/27/10,17
10/28/10,16
10/29/10,9
10/30/10,12
10/31/10,19
11/01/10,15
11/02/10,20
11/03/10,20
11/04/10,18
11/05/10,18
11/06/10,15
11/07/10,24
11/08/10,37
11/09/10,32
11/10/10,37
11/11/10,41
11/12/10,14
11/13/10,19
11/14/10,39
11/15/10,122
11/16/10,67
11/17/10,15
11/18/10,32
11/19/10,23
11/20/10,22
11/21/10,37
11/22/10,42
11/23/10,18
11/24/10,32
11/25/10,22
11/26/10,36
11/27/10,45
11/28/10,17
11/29/10,14
11/30/10,24
12/01/10,87
12/02/10,31
12/03/10,43
12/04/10,32
12/05/10,29
12/06/10,78
12/07/10,76
12/08/10,55
12/09/10,32
12/10/10,50
12/11/10,74
12/12/10,346
12/13/10,375
12/14/10,1035
12/15/10,570
12/16/10,518
12/17/10,418
12/18/10,383
12/19/10,538
12/20/10,604
12/21/10,493
12/22/10,405
12/23/10,322
12/24/10,286
12/25/10,228
12/26/10,220
12/27/10,281
12/28/10,230
12/29/10,216
12/30/10,545
12/31/10,308
01/01/11,198
01/02/11,255
01/03/11,296
01/04/11,215
01/05/11,367
01/06/11,278
01/07/11,248
01/08/11,193
01/09/11,193
01/10/11,258
01/11/11,278
01/12/11,242
01/13/11,282
01/14/11,206
01/15/11,191
01/16/11,215
01/17/11,291
01/18/11,290
01/19/11,171
01/20/11,188
01/21/11,240
01/22/11,227
01/23/11,182
01/24/11,234
01/25/11,246
01/26/11,197
01/27/11,193
01/28/11,279
01/29/11,193
01/30/11,171
01/31/11,243
02/01/11,266
02/02/11,331
02/03/11,252
02/04/11,310
02/05/11,261
02/06/11,277
02/07/11,266
02/08/11,299
02/09/11,424
02/10/11,2933
02/11/11,2454
02/12/11,988
02/13/11,943
02/14/11,895
02/15/11,765
02/16/11,747
02/17/11,824
02/18/11,804
02/19/11,533
02/20/11,547
02/21/11,920
02/22/11,1180
02/23/11,739
02/24/11,875
02/25/11,704
02/26/11,791
02/27/11,802
02/28/11,843
03/01/11,1262
03/02/11,855
03/03/11,745
03/04/11,627
03/05/11,472
03/06/11,636
03/07/11,1026
03/08/11,1180
03/09/11,697
03/10/11,612
03/11/11,556
03/12/11,450
03/13/11,368
03/14/11,662
03/15/11,563
03/16/11,493
03/17/11,501
03/18/11,452
03/19/11,377
03/20/11,552
03/21/11,3830
03/22/11,1719
03/23/11,4481
03/24/11,1812
03/25/11,1002
03/26/11,736
03/27/11,1032
03/28/11,1216
03/29/11,913
03/30/11,884
03/31/11,700
04/01/11,585
04/02/11,540
04/03/11,759
04/04/11,1373
04/05/11,1256
04/06/11,935
04/07/11,801
04/08/11,803
04/09/11,640
04/10/11,639
04/11/11,1004
04/12/11,926
04/13/11,719
04/14/11,804
04/15/11,699
04/16/11,1205
04/17/11,1340
04/18/11,1542
04/19/11,1814
04/20/11,1275
04/21/11,966
04/22/11,978
04/23/11,867
04/24/11,1051
04/25/11,1322
04/26/11,1342
04/27/11,1476
04/28/11,1808
04/29/11,1330
04/30/11,1580
05/01/11,1488
05/02/11,1185
05/03/11,1136
05/04/11,1243
05/05/11,1467
05/06/11,1209
05/07/11,1134
05/08/11,1729
05/09/11,3032
05/10/11,2273
05/11/11,2518
05/12/11,2405
05/13/11,2679
05/14/11,2198
05/15/11,2615
05/16/11,21007
05/17/11,11788
05/18/11,7434
05/19/11,14503
05/20/11,10420
05/21/11,6959
05/22/11,5676
05/23/11,5857
05/24/11,8804
05/25/11,14424
05/26/11,7221
05/27/11,5210
05/28/11,4405
05/29/11,4927
05/30/11,5250
05/31/11,13652
06/01/11,14787
06/02/11,19053
06/03/11,20611
06/04/11,10786
06/05/11,11515
06/06/11,14992
06/07/11,11179
06/08/11,17099
06/09/11,17339
06/10/11,14927
06/11/11,22021
06/12/11,21808
06/13/11,20674
06/14/11,15176
06/15/11,21943
06/16/11,20815
06/17/11,18773
06/18/11,13643
06/19/11,13709
06/20/11,28395
06/21/11,18288
06/22/11,21183
06/23/11,14356
06/24/11,9482
06/25/11,6271
06/26/11,7178
06/27/11,8898
06/28/11,7566
06/29/11,8301
06/30/11,7346
07/01/11,6461
07/02/11,4797
07/03/11,4548
07/04/11,4915
07/05/11,5596
07/06/11,5776
07/07/11,6667
07/08/11,4677
07/09/11,3849
07/10/11,3281
07/11/11,4267
07/12/11,4027
07/13/11,7365
07/14/11,10529
07/15/11,5226
07/16/11,3989
07/17/11,3951
07/18/11,5531
07/19/11,6482
07/20/11,7009
07/21/11,4646
07/22/11,3846
07/23/11,3286
07/24/11,3624
07/25/11,5611
07/26/11,4524
07/27/11,4651
07/28/11,4148
07/29/11,3605
07/30/11,2809
07/31/11,3102
08/01/11,3959
08/02/11,4642
08/03/11,5678
08/04/11,4352
08/05/11,6556
08/06/11,4912
08/07/11,4365
08/08/11,5370
08/09/11,4302
08/10/11,3318
08/11/11,3203
08/12/11,2884
08/13/11,2253
08/14/11,2445
08/15/11,3056
08/16/11,3193
08/17/11,4417
08/18/11,4136
08/19/11,3632
08/20/11,2610
08/21/11,7062
08/22/11,3464
08/23/11,3550
08/24/11,8195
08/25/11,4888
08/26/11,3483
08/27/11,2584
08/28/11,2397
08/29/11,2846
08/30/11,2791
08/31/11,3188
09/01/11,3092
09/02/11,2971
09/03/11,2073
09/04/11,2100
09/05/11,2556
09/06/11,2881
09/07/11,3075
09/08/11,3550
09/09/11,3453
09/10/11,2400
09/11/11,2118
09/12/11,2265
09/13/11,2309
09/14/11,2302
09/15/11,2406
09/16/11,2100
09/17/11,1810
09/18/11,1749
09/19/11,1957
09/20/11,2363
09/21/11,2111
09/22/11,1966
09/23/11,1957
09/24/11,1605
09/25/11,1531
09/26/11,1988
09/27/11,1881
09/28/11,1941
09/29/11,2330
09/30/11,2595
10/01/11,1772
10/02/11,1963
10/03/11,2832
10/04/11,2804
10/05/11,3275
10/06/11,2181
10/07/11,2364
10/08/11,1724
10/09/11,2132
10/10/11,2563
10/11/11,3125
10/12/11,3110
10/13/11,2758
10/14/11,2368
10/15/11,1727
10/16/11,1690
10/17/11,2634
10/18/11,4603
10/19/11,4524
10/20/11,3111
10/21/11,2794
10/22/11,2236
10/23/11,2729
10/24/11,3591
10/25/11,3408
10/26/11,3368
10/27/11,2632
10/28/11,2270
10/29/11,1606
10/30/11,1692
10/31/11,2447
11/01/11,8499
11/02/11,3706
11/03/11,2909
11/04/11,2304
11/05/11,1746
11/06/11,1828
11/07/11,2159
11/08/11,2072
11/09/11,2016
11/10/11,2098
11/11/11,1766
11/12/11,1624
11/13/11,1818
11/14/11,2159
11/15/11,3647
11/16/11,2499
11/17/11,2158
11/18/11,2069
11/19/11,1596
11/20/11,1915
11/21/11,2859
11/22/11,3245
11/23/11,2870
11/24/11,2314
11/25/11,2145
11/26/11,2762
11/27/11,2849
11/28/11,3322
11/29/11,3722
11/30/11,2857
12/01/11,2603
12/02/11,2131
12/03/11,1949
12/04/11,1868
12/05/11,2447
12/06/11,2652
12/07/11,2246
12/08/11,1991
12/09/11,1776
12/10/11,1523
12/11/11,1658
12/12/11,2046
12/13/11,2013
12/14/11,1935
12/15/11,1969
12/16/11,1756
12/17/11,1378
12/18/11,1407
12/19/11,1788
12/20/11,1769
12/21/11,2236
12/22/11,2865
12/23/11,149
12/24/11,0
12/25/11,0
12/26/11,782
12/27/11,2409
12/28/11,2060
12/29/11,2268
12/30/11,2212
12/31/11,2139
01/01/12,1918
01/02/12,2448
01/03/12,2592
01/04/12,2549
01/05/12,2484
01/06/12,2614
01/07/12,2119
01/08/12,2039
01/09/12,2669
01/10/12,3186
01/11/12,7084
01/12/12,2867
01/13/12,2283
01/14/12,2034
01/15/12,2280
01/16/12,21795
01/17/12,9859
01/18/12,6443
01/19/12,4891
01/20/12,4141
01/21/12,3147
01/22/12,3208
01/23/12,3352
01/24/12,2797
01/25/12,3143
01/26/12,2765
01/27/12,2680
01/28/12,2325
01/29/12,2553
01/30/12,3027
01/31/12,2784
02/01/12,2718
02/02/12,2684
02/03/12,4622
02/04/12,3214
02/05/12,2891
02/06/12,3074
02/07/12,2782
02/08/12,2637
02/09/12,2648
02/10/12,2438
02/11/12,2069
02/12/12,2223
02/13/12,2508
02/14/12,2628
02/15/12,3204
02/16/12,3218
02/17/12,2313
02/18/12,1868
02/19/12,2038
02/20/12,2327
02/21/12,2627
02/22/12,2885
02/23/12,3921
02/24/12,3770
02/25/12,2123
02/26/12,2102
02/27/12,2453
02/28/12,2563
02/29/12,2515
03/01/12,2403
03/02/12,5261
03/03/12,2970
03/04/12,2381
03/05/12,2454
03/06/12,2443
03/07/12,2290
03/08/12,2149
03/09/12,2071
03/10/12,1877
03/11/12,1912
03/12/12,2207
03/13/12,2188
03/14/12,2061
03/15/12,2122
03/16/12,2066
03/17/12,1641
03/18/12,1961
03/19/12,2155
03/20/12,2299
03/21/12,2018
03/22/12,2100
03/23/12,1907
03/24/12,1531
03/25/12,1632
03/26/12,1899
03/27/12,2007
03/28/12,2050
03/29/12,2223
03/30/12,1792
03/31/12,2006
04/01/12,3556
04/02/12,4228
04/03/12,4394
04/04/12,3105
04/05/12,3377
04/06/12,2482
04/07/12,2660
04/08/12,2651
04/09/12,2549
04/10/12,2664
04/11/12,3392
04/12/12,2852
04/13/12,2322
04/14/12,1869
04/15/12,1934
04/16/12,2397
04/17/12,3049
04/18/12,3091
04/19/12,2293
04/20/12,2267
04/21/12,1999
04/22/12,2051
04/23/12,2307
04/24/12,2278
04/25/12,3243
04/26/12,4205
04/27/12,3315
04/28/12,2431
04/29/12,2295
04/30/12,2636
05/01/12,2647
05/02/12,3156
05/03/12,2420
05/04/12,2247
05/05/12,1810
05/06/12,2067
05/07/12,2229
05/08/12,2364
05/09/12,2258
05/10/12,3205
05/11/12,3047
05/12/12,3198
05/13/12,3149
05/14/12,3275
05/15/12,2980
05/16/12,2603
05/17/12,2411
05/18/12,2154
05/19/12,2086
05/20/12,1812
05/21/12,4423
05/22/12,3077
05/23/12,2296
05/24/12,2027
05/25/12,1751
05/26/12,2318
05/27/12,1751
05/28/12,2109
05/29/12,2516
05/30/12,2408
05/31/12,2181
06/01/12,2197
06/02/12,1651
06/03/12,1738
06/04/12,2056
06/05/12,2222
06/06/12,1891
06/07/12,1920
06/08/12,2285
06/09/12,2111
06/10/12,2510
06/11/12,4581
06/12/12,3399
06/13/12,4161
06/14/12,2758
06/15/12,2308
06/16/12,2213
06/17/12,2105
06/18/12,3773
06/19/12,3763
06/20/12,2516
06/21/12,2634
06/22/12,2266
06/23/12,2228
06/24/12,2031
06/25/12,2358
06/26/12,2344
06/27/12,2216
06/28/12,2159
06/29/12,2409
06/30/12,1907
07/01/12,1972
07/02/12,2332
07/03/12,2408
07/04/12,2494
07/05/12,1992
07/06/12,2165
07/07/12,1755
07/08/12,1859
07/09/12,5752
07/10/12,2971
07/11/12,5771
07/12/12,3102
07/13/12,3102
07/14/12,2028
07/15/12,1918
07/16/12,2660
07/17/12,3152
07/18/12,3154
07/19/12,3697
07/20/12,3532
07/21/12,2556
07/22/12,2555
07/23/12,2838
07/24/12,2593
07/25/12,2455
07/26/12,2500
07/27/12,2220
07/28/12,1867
07/29/12,2091
07/30/12,2393
07/31/12,3011
08/01/12,2516
08/02/12,2752
08/03/12,2554
08/04/12,2019
08/05/12,2083
08/06/12,2724
08/07/12,3434
08/08/12,3530
08/09/12,3178
08/10/12,2961
08/11/12,2662
08/12/12,2912
08/13/12,3355
08/14/12,4243
08/15/12,4168
08/16/12,4449
08/17/12,3982
08/18/12,2840
08/19/12,2956
08/20/12,3652
08/21/12,5697
08/22/12,6152
08/23/12,4675
08/24/12,6545
08/25/12,2793
08/26/12,2471
08/27/12,3528
08/28/12,3535
08/29/12,4304
08/30/12,3056
08/31/12,2568
09/01/12,2541
09/02/12,2820
09/03/12,2980
09/04/12,3163
09/05/12,23750
09/06/12,24282
09/07/12,8702
09/08/12,5948
09/09/12,4402
09/10/12,4822
09/11/12,3955
09/12/12,4489
09/13/12,3479
09/14/12,3290
09/15/12,2448
09/16/12,3183
09/17/12,3916
09/18/12,3899
09/19/12,6181
09/20/12,4006
09/21/12,3102
09/22/12,2611
09/23/12,2726
09/24/12,3386
09/25/12,3971
09/26/12,4488
09/27/12,4602
09/28/12,3773
09/29/12,3562
09/30/12,3343
10/01/12,4860
10/02/12,4752
10/03/12,5112
10/04/12,4233
10/05/12,3595
10/06/12,2856
10/07/12,2950
10/08/12,3714
10/09/12,3698
10/10/12,3782
10/11/12,4582
10/12/12,4562
10/13/12,2662
10/14/12,2815
10/15/12,3860
10/16/12,3547
10/17/12,3692
10/18/12,4831
10/19/12,3680
10/20/12,2686
10/21/12,2856
10/22/12,3664
10/23/12,3342
10/24/12,3338
10/25/12,3523
10/26/12,2942
10/27/12,2402
10/28/12,2876
10/29/12,3169
10/30/12,2984
10/31/12,2920
11/01/12,2839
11/02/12,2709
11/03/12,2425
11/04/12,2681
11/05/12,3330
11/06/12,2978
11/07/12,2850
11/08/12,3967
11/09/12,3377
11/10/12,3243
11/11/12,3338
11/12/12,4625
11/13/12,4163
11/14/12,3948
11/15/12,3271
11/16/12,6521
11/17/12,4292
11/18/12,4023
11/19/12,5007
11/20/12,4333
11/21/12,3781
11/22/12,3274
11/23/12,3169
11/24/12,2799
11/25/12,3048
11/26/12,7238
11/27/12,4926
11/28/12,12469
11/29/12,6016
11/30/12,4355
12/01/12,3260
12/02/12,3745
12/03/12,4226
12/04/12,4550
12/05/12,5105
12/06/12,6153
12/07/12,5370
12/08/12,5747
12/09/12,7343
12/10/12,6944
12/11/12,6883
12/12/12,5634
12/13/12,5736
12/14/12,5085
12/15/12,3737
12/16/12,3832
12/17/12,4927
12/18/12,4119
12/19/12,3878
12/20/12,3638
12/21/12,3534
12/22/12,2773
12/23/12,2952
12/24/12,3275
12/25/12,2814
12/26/12,3164
12/27/12,3539
12/28/12,3444
12/29/12,3181
12/30/12,2973
12/31/12,3025
01/01/13,2746
01/02/13,4154
01/03/13,5483
01/04/13,6172
01/05/13,7216
01/06/13,6819
01/07/13,6575
01/08/13,5689
01/09/13,5172
01/10/13,5019
01/11/13,5555
01/12/13,4451
01/13/13,4683
01/14/13,4562
01/15/13,4405
01/16/13,4338
01/17/13,5830
01/18/13,4911
01/19/13,3668
01/20/13,3829
01/21/13,4388
01/22/13,4461
01/23/13,8752
01/24/13,7613
01/25/13,5934
01/26/13,4024
01/27/13,4048
01/28/13,6410
01/29/13,6773
01/30/13,6660
01/31/13,6227
02/01/13,5284
02/02/13,9139
02/03/13,5956
02/04/13,6809
02/05/13,5824
02/06/13,7455
02/07/13,6516
02/08/13,5860
02/09/13,5608
02/10/13,5598
02/11/13,5914
02/12/13,9738
02/13/13,8052
02/14/13,9097
02/15/13,9914
02/16/13,6002
02/17/13,7575
02/18/13,11139
02/19/13,11291
02/20/13,8604
02/21/13,8004
02/22/13,8908
02/23/13,6891
02/24/13,6795
02/25/13,8436
02/26/13,8339
02/27/13,8251
02/28/13,12652
03/01/13,11738
03/02/13,7597
03/03/13,7985
03/04/13,9098
03/05/13,10747
03/06/13,13034
03/07/13,14883
03/08/13,12660
03/09/13,11973
03/10/13,12094
03/11/13,15852
03/12/13,22288
03/13/13,14753
03/14/13,13166
03/15/13,10239
03/16/13,8000
03/17/13,8291
03/18/13,13501
03/19/13,17419
03/20/13,20513
03/21/13,28110
03/22/13,48992
03/23/13,53165
03/24/13,24208
03/25/13,30614
03/26/13,25523
03/27/13,30379
03/28/13,39365
03/29/13,35064
03/30/13,27925
03/31/13,21839
04/01/13,37108
04/02/13,32689
04/03/13,58571
04/04/13,60158
04/05/13,44385
04/06/13,28431
04/07/13,31684
04/08/13,55518
04/09/13,67245
04/10/13,114783
04/11/13,121564
04/12/13,129275
04/13/13,53789
04/14/13,48983
04/15/13,59554
04/16/13,48858
04/17/13,41309
04/18/13,40052
04/19/13,27574
04/20/13,16823
04/21/13,17883
04/22/13,21510
04/23/13,22124
04/24/13,19820
04/25/13,17721
04/26/13,17689
04/27/13,12975
04/28/13,17404
04/29/13,18990
04/30/13,19912
05/01/13,23396
05/02/13,26339
05/03/13,23849
05/04/13,13847
05/05/13,13138
05/06/13,18561
05/07/13,16280
05/08/13,16456
05/09/13,15377
05/10/13,13767
05/11/13,10850
05/12/13,10172
05/13/13,17589
05/14/13,17233
05/15/13,18008
05/16/13,18284
05/17/13,16369
05/18/13,12596
05/19/13,17606
05/20/13,17673
05/21/13,15375
05/22/13,14980
05/23/13,15818
05/24/13,15253
05/25/13,9794
05/26/13,10550
05/27/13,11286
05/28/13,18484
05/29/13,20255
05/30/13,16629
05/31/13,16261
06/01/13,12542
06/02/13,11008
06/03/13,12313
06/04/13,10768
06/05/13,12231
06/06/13,11745
06/07/13,11553
06/08/13,9499
06/09/13,9970
06/10/13,17230
06/11/13,21230
06/12/13,15306
06/13/13,11459
06/14/13,10191
06/15/13,7209
06/16/13,7378
06/17/13,9090
06/18/13,10787
06/19/13,9608
06/20/13,10162
06/21/13,9706
06/22/13,7461
06/23/13,8016
06/24/13,11551
06/25/13,10845
06/26/13,8983
06/27/13,9981
06/28/13,9196
06/29/13,6951
06/30/13,9171
07/01/13,11363
07/02/13,34182
07/03/13,20687
07/04/13,11409
07/05/13,9915
07/06/13,7166
07/07/13,7591
07/08/13,9921
07/09/13,9473
07/10/13,9527
07/11/13,9009
07/12/13,7759
07/13/13,5468
07/14/13,6299
07/15/13,7160
07/16/13,7885
07/17/13,7860
07/18/13,8841
07/19/13,8113
07/20/13,5274
07/21/13,5854
07/22/13,10985
07/23/13,7216
07/24/13,4983
07/25/13,9193
07/26/13,8722
07/27/13,6006
07/28/13,6087
07/29/13,7821
07/30/13,10427
07/31/13,8962
08/01/13,7490
08/02/13,6448
08/03/13,5456
08/04/13,5672
08/05/13,8975
08/06/13,7243
08/07/13,8097
08/08/13,10246
08/09/13,8525
08/10/13,5425
08/11/13,5930
08/12/13,11031
08/13/13,11923
08/14/13,15314
08/15/13,13905
08/16/13,11234
08/17/13,7634
08/18/13,7180
08/19/13,11422
08/20/13,12240
08/21/13,11962
08/22/13,10582
08/23/13,8225
08/24/13,6452
08/25/13,5670
08/26/13,7791
08/27/13,9471
08/28/13,10173
08/29/13,8492
08/30/13,7199
08/31/13,5462
09/01/13,5434
09/02/13,6165
09/03/13,7016
09/04/13,6666
09/05/13,7244
09/06/13,7040
09/07/13,4973
09/08/13,8086
09/09/13,11646
09/10/13,7980
09/11/13,7106
09/12/13,6527
09/13/13,5656
09/14/13,4370
09/15/13,4982
09/16/13,7304
09/17/13,7671
09/18/13,6015
09/19/13,5703
09/20/13,8707
09/21/13,5247
09/22/13,5703
09/23/13,6475
09/24/13,6004
09/25/13,6442
09/26/13,6893
09/27/13,4782
09/28/13,2919
09/29/13,4302
09/30/13,5921
10/01/13,5534
10/02/13,16789
10/03/13,44047
10/04/13,22088
10/05/13,12750
10/06/13,8878
10/07/13,12707
10/08/13,8418
10/09/13,9485
10/10/13,6984
10/11/13,4937
10/12/13,4287
10/13/13,4612
10/14/13,6353
10/15/13,6348
10/16/13,4496
10/17/13,4765
10/18/13,7439
10/19/13,6405
10/20/13,6507
10/21/13,7563
10/22/13,8037
10/23/13,10977
10/24/13,9307
10/25/13,10523
10/26/13,16387
10/27/13,17701
10/28/13,19094
10/29/13,43853
10/30/13,77544
10/31/13,108507
11/01/13,26521
11/02/13,17778
11/03/13,16296
11/04/13,25760
11/05/13,28851
11/06/13,32406
11/07/13,27526
11/08/13,27133
11/09/13,24838
11/10/13,22745
11/11/13,21774
11/12/13,26736
11/13/13,28399
11/14/13,28679
11/15/13,33153
11/16/13,25515
11/17/13,22843
11/18/13,69404
11/19/13,109530
11/20/13,70710
11/21/13,59608
11/22/13,55534
11/23/13,37530
11/24/13,32770
11/25/13,37146
11/26/13,43714
11/27/13,70433
11/28/13,114957
11/29/13,103716
11/30/13,80563
12/01/13,51060
12/02/13,68552
12/03/13,72117
12/04/13,49565
12/05/13,85135
12/06/13,92236
12/07/13,62965
12/08/13,46476
12/09/13,53542
12/10/13,47246
12/11/13,44608
12/12/13,38350
12/13/13,36036
12/14/13,36935
12/15/13,45735
12/16/13,48223
12/17/13,45554
12/18/13,68686
12/19/13,54601
12/20/13,38304
12/21/13,30611
12/22/13,35358
12/23/13,41801
12/24/13,34454
12/25/13,29733
12/26/13,32682
12/27/13,36497
12/28/13,24109
12/29/13,29092
12/30/13,30250
12/31/13,26150
01/01/14,20092
01/02/14,28705
01/03/14,30394
01/04/14,22382
01/05/14,4832
01/06/14,12930
01/07/14,39743
01/08/14,41108
01/09/14,42850
01/10/14,41724
01/11/14,26294
01/12/14,26450
01/13/14,34605
01/14/14,34994
01/15/14,41738
01/16/14,47710
01/17/14,52735
01/18/14,27989
01/19/14,25460
01/20/14,35066
01/21/14,47588
01/22/14,53395
01/23/14,40749
01/24/14,35102
01/25/14,23443
01/26/14,26071
01/27/14,53066
01/28/14,57385
01/29/14,42111
01/30/14,35815
01/31/14,29412
02/01/14,28154
02/02/14,24716
02/03/14,29972
02/04/14,46730
02/05/14,33004
02/06/14,33298
02/07/14,41115
02/08/14,27228
02/09/14,22882
02/10/14,33148
02/11/14,21207
02/12/14,20503
02/13/14,20093
02/14/14,24706
02/15/14,16678
02/16/14,18488
02/17/14,19706
02/18/14,33291
02/19/14,32605
02/20/14,34748
02/21/14,24181
02/22/14,18453
02/23/14,16088
02/24/14,20883
02/25/14,91936
02/26/14,62889
02/27/14,43361
02/28/14,65802
03/01/14,46581
03/02/14,28406
03/03/14,32545
03/04/14,33075
03/05/14,44517
03/06/14,89911
03/07/14,116943
03/08/14,39588
03/09/14,26032
03/10/14,31547
03/11/14,28137
03/12/14,27574
03/13/14,22982
03/14/14,20185
03/15/14,13476
03/16/14,12563
03/17/14,18218
03/18/14,18483
03/19/14,17269
03/20/14,21584
03/21/14,36207
03/22/14,17983
03/23/14,15553
03/24/14,16781
03/25/14,20071
03/26/14,26979
03/27/14,19534
03/28/14,15477
03/29/14,10552
03/30/14,12116
03/31/14,19360
04/01/14,16668
04/02/14,19334
04/03/14,22299
04/04/14,18801
04/05/14,11694
04/06/14,9039
04/07/14,12121
04/08/14,11186
04/09/14,16749
04/10/14,14351
04/11/14,11325
04/12/14,8627
04/13/14,8814
04/14/14,12828
04/15/14,11445
04/16/14,14964
04/17/14,15094
04/18/14,9315
04/19/14,8463
04/20/14,7508
04/21/14,10025
04/22/14,9854
04/23/14,10064
04/24/14,9680
04/25/14,11773
04/26/14,7085
04/27/14,8836
04/28/14,12642
04/29/14,11049
04/30/14,14593
05/01/14,11309
05/02/14,8550
05/03/14,5785
05/04/14,6622
05/05/14,11767
05/06/14,9550
05/07/14,9011
05/08/14,8448
05/09/14,10831
05/10/14,7372
05/11/14,7080
05/12/14,8631
05/13/14,9062
05/14/14,8579
05/15/14,8897
05/16/14,7251
05/17/14,5765
05/18/14,5952
05/19/14,8119
05/20/14,12465
05/21/14,9792
05/22/14,8963
05/23/14,7369
05/24/14,5543
05/25/14,5978
05/26/14,8068
05/27/14,9639
05/28/14,9601
05/29/14,11430
05/30/14,9416
05/31/14,5795
06/01/14,6062
06/02/14,8309
06/03/14,11248
06/04/14,9758
06/05/14,9012
06/06/14,7173
06/07/14,5967
06/08/14,6912
06/09/14,8284
06/10/14,10102
06/11/14,9681
06/12/14,12437
06/13/14,13794
06/14/14,7435
06/15/14,8108
06/16/14,13041
06/17/14,13219
06/18/14,12573
06/19/14,11695
06/20/14,8887
06/21/14,4824
06/22/14,4757
06/23/14,4959
06/24/14,6687
06/25/14,6325
06/26/14,5975
06/27/14,11749
06/28/14,8848
06/29/14,5433
06/30/14,8352
07/01/14,6779
07/02/14,9638
07/03/14,7914
07/04/14,6321
07/05/14,4781
07/06/14,4574
07/07/14,7877
07/08/14,7448
07/09/14,6174
07/10/14,7659
07/11/14,6693
07/12/14,6232
07/13/14,5507
07/14/14,6219
07/15/14,7260
07/16/14,7364
07/17/14,7143
07/18/14,6355
07/19/14,5384
07/20/14,4966
07/21/14,7293
07/22/14,7951
07/23/14,7951
07/24/14,7058
07/25/14,6342
07/26/14,5336
07/27/14,5160
07/28/14,7308
07/29/14,6803
07/30/14,8460
07/31/14,7891
08/01/14,6853
08/02/14,4574
08/03/14,4724
08/04/14,6441
08/05/14,7027
08/06/14,8283
08/07/14,6770
08/08/14,6075
08/09/14,4607
08/10/14,5011
08/11/14,7139
08/12/14,8666
08/13/14,9654
08/14/14,8820
08/15/14,6574
08/16/14,7390
08/17/14,5619
08/18/14,7135
08/19/14,7190
08/20/14,8439
08/21/14,7190
08/22/14,6796
08/23/14,4754
08/24/14,4974
08/25/14,6240
08/26/14,7794
08/27/14,5576
08/28/14,5569
08/29/14,6754
08/30/14,5524
08/31/14,6279
09/01/14,9774
09/02/14,11751
09/03/14,10141
09/04/14,10693
09/05/14,8917
09/06/14,5869
09/07/14,5166
09/08/14,6529
09/09/14,8853
09/10/14,9351
09/11/14,10094
09/12/14,8770
09/13/14,5270
09/14/14,5992
09/15/14,8093
09/16/14,7628
09/17/14,7765
09/18/14,6889
09/19/14,6511
09/20/14,5130
09/21/14,6032
09/22/14,7429
09/23/14,8130
09/24/14,9879
09/25/14,8037
09/26/14,6452
09/27/14,4520
09/28/14,5038
09/29/14,7109
09/30/14,7908
10/01/14,7441
10/02/14,7309
10/03/14,6517
10/04/14,5116
10/05/14,5699
10/06/14,8383
10/07/14,8098
10/08/14,7547
10/09/14,7571
10/10/14,6411
10/11/14,5048
10/12/14,5023
10/13/14,7646
10/14/14,7881
10/15/14,7603
10/16/14,5567
10/17/14,5528
10/18/14,4315
10/19/14,4473
10/20/14,5830
10/21/14,4674
10/22/14,5592
10/23/14,5251
10/24/14,4661
10/25/14,3491
10/26/14,3873
10/27/14,5343
10/28/14,5654
10/29/14,5616
10/30/14,5038
10/31/14,4989
11/01/14,4324
11/02/14,5608
11/03/14,6431
11/04/14,6571
11/05/14,6609
11/06/14,7080
11/07/14,7378
11/08/14,4980
11/09/14,4998
11/10/14,6533
11/11/14,6843
11/12/14,7093
11/13/14,7409
11/14/14,6892
11/15/14,4415
11/16/14,4558
11/17/14,6687
11/18/14,7433
11/19/14,6431
11/20/14,5664
11/21/14,5389
11/22/14,3880
11/23/14,62458
11/24/14,5374
11/25/14,5349
11/26/14,5578
11/27/14,5310
11/28/14,4505
11/29/14,3761
11/30/14,4515
12/01/14,6096
12/02/14,6093
12/03/14,6168
12/04/14,7393
12/05/14,5720
12/06/14,3885
12/07/14,4386
12/08/14,6713
12/09/14,6454
12/10/14,5883
12/11/14,8934
12/12/14,7243
12/13/14,4247
12/14/14,3999
12/15/14,5927
12/16/14,6872
12/17/14,6347
12/18/14,5753
12/19/14,5087
12/20/14,4034
12/21/14,3784
12/22/14,4913
12/23/14,4934
12/24/14,3899
12/25/14,3098
12/26/14,4767
12/27/14,10025
12/28/14,5724
12/29/14,10143
12/30/14,6531
12/31/14,5450
01/01/15,4330
01/02/15,5145
01/03/15,4981
01/04/15,5365
01/05/15,7109
01/06/15,8896
01/07/15,7537
01/08/15,8469
01/09/15,6350
01/10/15,5236
01/11/15,4747
01/12/15,6253
01/13/15,8317
01/14/15,7855
01/15/15,10457
01/16/15,6680
01/17/15,4282
01/18/15,4384
01/19/15,6279
01/20/15,5654
01/21/15,6789
01/22/15,6688
01/23/15,6572
01/24/15,4057
01/25/15,4073
01/26/15,7157
01/27/15,6899
01/28/15,6787
01/29/15,5656
01/30/15,4851
01/31/15,4192
02/01/15,3722
02/02/15,4526
02/03/15,5486
02/04/15,5926
02/05/15,6682
02/06/15,6049
02/07/15,6211
02/08/15,6281
02/09/15,7996
02/10/15,8149
02/11/15,8047
02/12/15,6754
02/13/15,5715
02/14/15,7508
02/15/15,6063
02/16/15,5730
02/17/15,5850
02/18/15,5819
02/19/15,6930
02/20/15,9436
02/21/15,4711
02/22/15,4509
02/23/15,6236
02/24/15,5798
02/25/15,5606
02/26/15,5717
02/27/15,5234
02/28/15,4153
03/01/15,5846
03/02/15,5657
03/03/15,5530
03/04/15,6199
03/05/15,5580
03/06/15,6354
03/07/15,704681
03/08/15,923482
03/09/15,199306
03/10/15,47922
03/11/15,115838
03/12/15,29582
03/13/15,6954
03/14/15,7346
03/15/15,6148
03/16/15,66889
03/17/15,19431
03/18/15,34533
03/19/15,27354
03/20/15,12680
03/21/15,6479
03/22/15,4284
03/23/15,5522
03/24/15,7500
03/25/15,6228
03/26/15,6887
03/27/15,5223
03/28/15,3606
03/29/15,3825
03/30/15,7388
03/31/15,7603
04/01/15,6983
04/02/15,6481
04/03/15,5854
04/04/15,5259
04/05/15,3802
04/06/15,4937
04/07/15,5780
04/08/15,5561
04/09/15,5959
04/10/15,4905
04/11/15,3601
04/12/15,3689
04/13/15,5295
04/14/15,5874
04/15/15,4931
04/16/15,5455
04/17/15,6243
04/18/15,5309
04/19/15,5232
04/20/15,7559
04/21/15,7517
04/22/15,8302
04/23/15,9237
04/24/15,7686
04/25/15,6140
04/26/15,10356
04/27/15,8001
04/28/15,10996
04/29/15,6081
04/30/15,7068
05/01/15,6055
05/02/15,4951
05/03/15,4701
05/04/15,5150
05/05/15,6077
05/06/15,6128
05/07/15,6257
05/08/15,5897
05/09/15,5046
05/10/15,7213
05/11/15,7223
05/12/15,6964
05/13/15,6362
05/14/15,8447
05/15/15,6324
05/16/15,7055
05/17/15,5154
05/18/15,6543
05/19/15,9059
05/20/15,9036
05/21/15,7547
05/22/15,6418
05/23/15,4701
05/24/15,4983
05/25/15,5765
05/26/15,6585
05/27/15,7022
05/28/15,6615
05/29/15,7468
05/30/15,8071
05/31/15,5383
06/01/15,6335
06/02/15,7109
06/03/15,6042
06/04/15,6660
06/05/15,5638
06/06/15,4513
06/07/15,3935
06/08/15,5722
06/09/15,5851
06/10/15,5525
06/11/15,5699
06/12/15,4502
06/13/15,3210
06/14/15,3201
06/15/15,4639
06/16/15,4864
06/17/15,4665
06/18/15,9102
06/19/15,5239
06/20/15,4125
06/21/15,3707
06/22/15,4965
06/23/15,4884
06/24/15,7200
06/25/15,5783
06/26/15,4354
06/27/15,3638
06/28/15,4092
06/29/15,5546
06/30/15,6374
07/01/15,6977
07/02/15,5113
07/03/15,4523
07/04/15,3853
07/05/15,4359
07/06/15,6129
07/07/15,7217
07/08/15,7306
07/09/15,6225
07/10/15,5131
07/11/15,3544
07/12/15,3793
07/13/15,5785
07/14/15,4861
07/15/15,4821
07/16/15,4789
07/17/15,4369
07/18/15,3265
07/19/15,5686
07/20/15,5625
07/21/15,5333
07/22/15,5305
07/23/15,5768
07/24/15,4591
07/25/15,3481
07/26/15,4119
07/27/15,5148
07/28/15,5136
07/29/15,5422
07/30/15,5140
07/31/15,4126
08/01/15,8719
08/02/15,6017
08/03/15,6139
08/04/15,5456
08/05/15,5148
08/06/15,4875
08/07/15,4617
08/08/15,3482
08/09/15,3495
08/10/15,4415
08/11/15,4783
08/12/15,4978
08/13/15,6475
08/14/15,4370
08/15/15,3322
08/16/15,3485
08/17/15,4730
08/18/15,6539
08/19/15,6904
08/20/15,6180
08/21/15,5367
08/22/15,3810
08/23/15,4485
08/24/15,7317
08/25/15,5868
08/26/15,5657
08/27/15,4914
08/28/15,4276
08/29/15,3758
08/30/15,3959
08/31/15,5010
09/01/15,5764
09/02/15,5324
09/03/15,4835
09/04/15,4232
09/05/15,3165
09/06/15,3347
09/07/15,4310
09/08/15,5224
09/09/15,5216
09/10/15,5018
09/11/15,4859
09/12/15,3512
09/13/15,3663
09/14/15,5351
09/15/15,5232
09/16/15,5350
09/17/15,5304
09/18/15,5872
09/19/15,3755
09/20/15,3797
09/21/15,5528
09/22/15,6389
09/23/15,37781
09/24/15,5541
09/25/15,7076
09/26/15,4046
09/27/15,4117
09/28/15,5346
09/29/15,5544
09/30/15,5730
10/01/15,5226
10/02/15,4812
10/03/15,3794
10/04/15,4232
10/05/15,5902
10/06/15,8072
10/07/15,6806
10/08/15,5670
10/09/15,5538
10/10/15,4560
10/11/15,4728
10/12/15,5973
10/13/15,5711
10/14/15,7220
10/15/15,5397
10/16/15,5062
10/17/15,3914
10/18/15,4107
10/19/15,6207
10/20/15,5949
10/21/15,5670
10/22/15,6118
10/23/15,5737
10/24/15,4170
10/25/15,4544
10/26/15,6614
10/27/15,6453
10/28/15,6763
10/29/15,6713
10/30/15,6596
10/31/15,4264
11/01/15,4858
11/02/15,6997
11/03/15,7766
11/04/15,9342
11/05/15,10448
11/06/15,7332
11/07/15,5040
11/08/15,5788
11/09/15,8542
11/10/15,7810
11/11/15,5951
11/12/15,6383
11/13/15,6343
11/14/15,3789
11/15/15,4311
11/16/15,5732
11/17/15,6046
11/18/15,5987
11/19/15,5719
11/20/15,5554
11/21/15,3964
11/22/15,4335
11/23/15,5382
11/24/15,5179
11/25/15,4784
11/26/15,5264
11/27/15,4249
11/28/15,3763
11/29/15,3933
11/30/15,6046
12/01/15,6425
12/02/15,5797
12/03/15,5884
12/04/15,6442
12/05/15,4779
12/06/15,4195
12/07/15,6052
12/08/15,8220
12/09/15,34771
12/10/15,16405
12/11/15,8666
12/12/15,5344
12/13/15,5076
12/14/15,6819
12/15/15,7176
12/16/15,6564
12/17/15,5762
12/18/15,4953
12/19/15,3987
12/20/15,3923
12/21/15,5062
12/22/15,4861
12/23/15,5014
12/24/15,4251
12/25/15,2906
12/26/15,3671
12/27/15,9359
12/28/15,5041
12/29/15,5685
12/30/15,4955
12/31/15,3973
01/01/16,2656
01/02/16,3517
01/03/16,4270
01/04/16,5617
01/05/16,5587
01/06/16,4885
01/07/16,5680
01/08/16,4869
01/09/16,3477
01/10/16,3527
01/11/16,5109
01/12/16,4991
01/13/16,5084
01/14/16,4980
01/15/16,6043
01/16/16,4725
01/17/16,4622
01/18/16,6338
01/19/16,5723
01/20/16,5437
01/21/16,5532
01/22/16,5160
01/23/16,3238
01/24/16,3611
01/25/16,5231
01/26/16,4896
01/27/16,5808
01/28/16,6595
01/29/16,6085
01/30/16,3622
01/31/16,3087
02/01/16,4693
02/02/16,4977
02/03/16,4820
02/04/16,5002
02/05/16,4016
02/06/16,3130
02/07/16,3439
02/08/16,4394
02/09/16,4806
02/10/16,5015
02/11/16,4888
02/12/16,4641
02/13/16,3243
02/14/16,3561
02/15/16,5583
02/16/16,6206
02/17/16,6237
02/18/16,10132
02/19/16,8273
02/20/16,5205
02/21/16,5212
02/22/16,6399
02/23/16,5828
02/24/16,5563
02/25/16,5434
02/26/16,4700
02/27/16,3389
02/28/16,3482
02/29/16,4999
03/01/16,5490
03/02/16,5273
03/03/16,5337
03/04/16,4627
03/05/16,3345
03/06/16,3691
03/07/16,5738
03/08/16,5527
03/09/16,4948
03/10/16,4794
03/11/16,4399
03/12/16,3069
03/13/16,3233
03/14/16,5868
03/15/16,5892
03/16/16,5189
03/17/16,4698
03/18/16,4131
03/19/16,2584
03/20/16,2986
03/21/16,4242
03/22/16,4449
03/23/16,4540
03/24/16,5104
03/25/16,3739
03/26/16,2772
03/27/16,2850
03/28/16,4258
03/29/16,4999
03/30/16,4826
03/31/16,4537
04/01/16,4141
04/02/16,2694
04/03/16,2967
04/04/16,4537
04/05/16,4822
04/06/16,4769
04/07/16,4757
04/08/16,5280
04/09/16,2926
04/10/16,3281
04/11/16,5216
04/12/16,4951
04/13/16,5180
04/14/16,4707
04/15/16,4089
04/16/16,2794
04/17/16,3075
04/18/16,4644
04/19/16,5876
04/20/16,4954
04/21/16,5277
04/22/16,5160
04/23/16,3487
04/24/16,3786
04/25/16,5291
04/26/16,5450
04/27/16,4996
04/28/16,5544
04/29/16,4520
04/30/16,2915
05/01/16,2885
05/02/16,41267
05/03/16,22702
05/04/16,10996
05/05/16,13910
05/06/16,9122
05/07/16,4848
05/08/16,4727
05/09/16,6948
05/10/16,6873
05/11/16,6179
05/12/16,5809
05/13/16,4819
05/14/16,7314
05/15/16,7277
05/16/16,8069
05/17/16,5182
05/18/16,6193
05/19/16,7821
05/20/16,4697
05/21/16,3090
05/22/16,3254
05/23/16,5042
05/24/16,5199
05/25/16,4688
05/26/16,4513
05/27/16,4277
05/28/16,3624
05/29/16,3187
05/30/16,5772
05/31/16,7279
06/01/16,5660
06/02/16,5138
06/03/16,4613
06/04/16,3168
06/05/16,4624
06/06/16,6411
06/07/16,5263
06/08/16,5172
06/09/16,5030
06/10/16,4389
06/11/16,3082
06/12/16,3483
06/13/16,6523
06/14/16,5839
06/15/16,5455
06/16/16,5441
06/17/16,5347
06/18/16,3596
06/19/16,3726
06/20/16,6360
06/21/16,6803
06/22/16,5454
06/23/16,5603
06/24/16,13085
06/25/16,7791
06/26/16,3496
06/27/16,7125
06/28/16,5453
06/29/16,5279
06/30/16,5055
07/01/16,4450
07/02/16,3581
07/03/16,3522
07/04/16,4712
07/05/16,5084
07/06/16,4726
07/07/16,5168
07/08/16,4646
07/09/16,3889
07/10/16,4290
07/11/16,5616
07/12/16,5707
07/13/16,5751
07/14/16,5205
07/15/16,4571
07/16/16,3194
07/17/16,3210
07/18/16,5038
07/19/16,4475
07/20/16,4748
07/21/16,4995
07/22/16,4529
07/23/16,4515
07/24/16,3116
07/25/16,5310
07/26/16,5465
07/27/16,5580
07/28/16,4897
07/29/16,4382
07/30/16,3445
07/31/16,64585
08/01/16,4235
08/02/16,4614
08/03/16,10535
08/04/16,6409
08/05/16,4899
08/06/16,3280
08/07/16,4491
08/08/16,5940
08/09/16,6565
08/10/16,4758
08/11/16,4470
08/12/16,3929
08/13/16,2893
08/14/16,2836
08/15/16,4049
08/16/16,4568
08/17/16,4679
08/18/16,5682
08/19/16,4369
08/20/16,3075
08/21/16,3170
08/22/16,4673
08/23/16,4999
08/24/16,5263
08/25/16,4942
08/26/16,4603
08/27/16,3357
08/28/16,3373
08/29/16,4824
08/30/16,4797
08/31/16,4940
09/01/16,4711
09/02/16,4443
09/03/16,3604
09/04/16,3803
09/05/16,4703
09/06/16,5468
09/07/16,5328
09/08/16,5659
09/09/16,5031
09/10/16,3541
09/11/16,3437
09/12/16,5792
09/13/16,6344
09/14/16,6150
09/15/16,5481
09/16/16,6012
09/17/16,4398
09/18/16,4162
09/19/16,5233
09/20/16,5481
09/21/16,5089
09/22/16,5997
09/23/16,4327
09/24/16,3037
09/25/16,3133
09/26/16,5354
09/27/16,4677
09/28/16,4562
09/29/16,4498
09/30/16,4414
10/01/16,3647
10/02/16,3427
10/03/16,4408
10/04/16,5063
10/05/16,4760
10/06/16,4610
10/07/16,4584
10/08/16,2942
10/09/16,2964
10/10/16,4062
10/11/16,4797
10/12/16,5886
10/13/16,4899
10/14/16,4415
10/15/16,2961
10/16/16,3173
10/17/16,4974
10/18/16,4859
10/19/16,4746
10/20/16,4212
10/21/16,6237
10/22/16,2974
10/23/16,3787
10/24/16,4860
10/25/16,6026
10/26/16,4646
10/27/16,4736
10/28/16,4874
10/29/16,4158
10/30/16,3209
10/31/16,5597
11/01/16,5170
11/02/16,5301
11/03/16,5165
11/04/16,4655
11/05/16,3993
11/06/16,4290
11/07/16,6009
11/08/16,6121
11/09/16,6354
11/10/16,5395
11/11/16,4778
11/12/16,3393
11/13/16,3636
11/14/16,16015
11/15/16,6556
11/16/16,6850
11/17/16,5710
11/18/16,5285
11/19/16,3881
11/20/16,4328
11/21/16,5879
11/22/16,6108
11/23/16,5289
11/24/16,5520
11/25/16,4654
11/26/16,3387
11/27/16,3615
11/28/16,7002
11/29/16,6813
11/30/16,6057
12/01/16,5624
12/02/16,5380
12/03/16,3425
12/04/16,3540
12/05/16,5190
12/06/16,5455
12/07/16,5320
12/08/16,5444
12/09/16,4751
12/10/16,3529
12/11/16,3475
12/12/16,5214
12/13/16,5880
12/14/16,5743
12/15/16,5419
12/16/16,5024
12/17/16,3570
12/18/16,3563
12/19/16,5451
12/20/16,5880
12/21/16,6190
12/22/16,6600
12/23/16,6309
12/24/16,4225
12/25/16,3511
12/26/16,4575
12/27/16,5532
12/28/16,6478
12/29/16,7927
12/30/16,6440
12/31/16,5579
01/01/17,3139
01/02/17,9165
01/03/17,12354
01/04/17,10757
01/05/17,11938
01/06/17,10331
01/07/17,6626
01/08/17,5705
01/09/17,8396
01/10/17,8109
01/11/17,8710
01/12/17,8944
01/13/17,8461
01/14/17,6769
01/15/17,4410
01/16/17,6760
01/17/17,9082
01/18/17,7310
01/19/17,7845
01/20/17,5719
01/21/17,4105
01/22/17,4347
01/23/17,7869
01/24/17,6783
01/25/17,6104
01/26/17,5788
01/27/17,5867
01/28/17,6059
01/29/17,4559
01/30/17,6575
01/31/17,6785
02/01/17,7279
02/02/17,6503
02/03/17,5933
02/04/17,4401
02/05/17,4477
02/06/17,6576
02/07/17,6864
02/08/17,6687
02/09/17,6764
02/10/17,6399
02/11/17,4032
02/12/17,4296
02/13/17,6383
02/14/17,6033
02/15/17,6309
02/16/17,6555
02/17/17,8035
02/18/17,6226
02/19/17,4152
02/20/17,6206
02/21/17,6848
02/22/17,6635
02/23/17,6833
02/24/17,7607
02/25/17,9756
02/26/17,8833
02/27/17,8347
02/28/17,8908
03/01/17,10901
03/02/17,9354
03/03/17,18219
03/04/17,9202
03/05/17,6396
03/06/17,10058
03/07/17,8495
03/08/17,7757
03/09/17,7891
03/10/17,10636
03/11/17,6554
03/12/17,5678
03/13/17,8727
03/14/17,12106
03/15/17,10864
03/16/17,9607
03/17/17,9218
03/18/17,7668
03/19/17,6466
03/20/17,11100
03/21/17,9895
03/22/17,7650
03/23/17,7643
03/24/17,6676
03/25/17,4807
03/26/17,5400
03/27/17,7260
03/28/17,7253
03/29/17,6807
03/30/17,7351
03/31/17,6512
04/01/17,5436
04/02/17,4688
04/03/17,7765
04/04/17,7558
04/05/17,6730
04/06/17,6626
04/07/17,5923
04/08/17,4617
04/09/17,4384
04/10/17,6734
04/11/17,9639
04/12/17,6869
04/13/17,6286
04/14/17,5424
04/15/17,4040
04/16/17,3944
04/17/17,7993
04/18/17,10243
04/19/17,7023
04/20/17,7026
04/21/17,6362
04/22/17,4281
04/23/17,4416
04/24/17,8918
04/25/17,9210
04/26/17,7009
04/27/17,6836
04/28/17,6393
04/29/17,4421
04/30/17,9047
05/01/17,6330
05/02/17,8339
05/03/17,8480
05/04/17,9151
05/05/17,7881
05/06/17,5786
05/07/17,5940
05/08/17,9620
05/09/17,11387
05/10/17,11724
05/11/17,10790
05/12/17,18593
05/13/17,17754
05/14/17,15400
05/15/17,43489
05/16/17,41933
05/17/17,28589
05/18/17,21572
05/19/17,17667
05/20/17,11099
05/21/17,10426
05/22/17,36878
05/23/17,31830
05/24/17,29688
05/25/17,31403
05/26/17,23991
05/27/17,13479
05/28/17,9909
05/29/17,15050
05/30/17,17292
05/31/17,16670
06/01/17,14445
06/02/17,12276
06/03/17,9208
06/04/17,7872
06/05/17,13791
06/06/17,17295
06/07/17,16265
06/08/17,13447
06/09/17,11804
06/10/17,8387
06/11/17,10025
06/12/17,17537
06/13/17,16026
06/14/17,13629
06/15/17,14160
06/16/17,13532
06/17/17,7694
06/18/17,7813
06/19/17,12394
06/20/17,14712
06/21/17,17450
06/22/17,15635
06/23/17,11630
06/24/17,8079
06/25/17,7606
06/26/17,11619
06/27/17,16117
06/28/17,20984
06/29/17,15850
06/30/17,11869
07/01/17,8546
07/02/17,10019
07/03/17,11944
07/04/17,11407
07/05/17,12921
07/06/17,13518
07/07/17,11202
07/08/17,7621
07/09/17,7600
07/10/17,12575
07/11/17,13706
07/12/17,13267
07/13/17,13339
07/14/17,11425
07/15/17,7092
07/16/17,7307
07/17/17,12274
07/18/17,14758
07/19/17,19575
07/20/17,17699
07/21/17,12243
07/22/17,8546
07/23/17,12173
07/24/17,14344
07/25/17,13056
07/26/17,13539
07/27/17,14229
07/28/17,11375
07/29/17,8576
07/30/17,21422
07/31/17,12232
08/01/17,34669
08/02/17,58269
08/03/17,15930
08/04/17,11378
08/05/17,9728
08/06/17,8608
08/07/17,15352
08/08/17,17695
08/09/17,16144
08/10/17,14783
08/11/17,13806
08/12/17,9315
08/13/17,11985
08/14/17,24114
08/15/17,20269
08/16/17,18235
08/17/17,16913
08/18/17,16216
08/19/17,11222
08/20/17,11345
08/21/17,16973
08/22/17,18382
08/23/17,17551
08/24/17,16886
08/25/17,14292
08/26/17,9714
08/27/17,9062
08/28/17,14189
08/29/17,16382
08/30/17,16928
08/31/17,18026
09/01/17,15709
09/02/17,11134
09/03/17,10692
09/04/17,15846
09/05/17,18140
09/06/17,17970
09/07/17,17152
09/08/17,16768
09/09/17,9961
09/10/17,9946
09/11/17,14517
09/12/17,16557
09/13/17,23563
09/14/17,20918
09/15/17,19610
09/16/17,11082
09/17/17,10899
09/18/17,18101
09/19/17,17045
09/20/17,15564
09/21/17,13890
09/22/17,12571
09/23/17,7601
09/24/17,7857
09/25/17,12387
09/26/17,12867
09/27/17,13593
09/28/17,12025
09/29/17,11609
09/30/17,7578
10/01/17,8018
10/02/17,12156
10/03/17,12726
10/04/17,12871
10/05/17,11913
10/06/17,11004
10/07/17,7821
10/08/17,8170
10/09/17,12775
10/10/17,13683
10/11/17,15010
10/12/17,21361
10/13/17,22969
10/14/17,12900
10/15/17,12492
10/16/17,19758
10/17/17,18136
10/18/17,15875
10/19/17,15904
10/20/17,16545
10/21/17,13605
10/22/17,13501
10/23/17,21500
10/24/17,20861
10/25/17,19195
10/26/17,17901
10/27/17,16620
10/28/17,9905
10/29/17,10859
10/30/17,19197
10/31/17,19952
11/01/17,24280
11/02/17,31548
11/03/17,25837
11/04/17,15226
11/05/17,14376
11/06/17,22250
11/07/17,21738
11/08/17,23326
11/09/17,23276
11/10/17,21567
11/11/17,14001
11/12/17,13809
11/13/17,23564
11/14/17,22447
11/15/17,19294
11/16/17,19575
11/17/17,22387
11/18/17,15341
11/19/17,14884
11/20/17,24169
11/21/17,25575
11/22/17,21439
11/23/17,17104
11/24/17,15801
11/25/17,13162
11/26/17,18730
11/27/17,50835
11/28/17,58390
11/29/17,103067
11/30/17,79336
12/01/17,54791
12/02/17,31204
12/03/17,31125
12/04/17,64783
12/05/17,60623
12/06/17,70078
12/07/17,131165
12/08/17,123795
12/09/17,55273
12/10/17,49833
12/11/17,108907
12/12/17,101337
12/13/17,79883
12/14/17,62363
12/15/17,50766
12/16/17,33016
12/17/17,32181
12/18/17,54379
12/19/17,60352
12/20/17,59920
12/21/17,54466
12/22/17,54479
12/23/17,36579
12/24/17,25229
12/25/17,44891
12/26/17,56480
12/27/17,35020
12/28/17,32036
12/29/17,27966
12/30/17,20648
12/31/17,16155
01/01/18,18389
01/02/18,34560
01/03/18,40642
01/04/18,37235
01/05/18,32955
01/06/18,30874
01/07/18,28271
01/08/18,40064
01/09/18,41489
01/10/18,49062
01/11/18,36625
01/12/18,32988
01/13/18,20534
01/14/18,17864
01/15/18,26923
01/16/18,36107
01/17/18,42533
01/18/18,29780
01/19/18,23859
01/20/18,16433
01/21/18,14054
01/22/18,25069
01/23/18,20307
01/24/18,20963
01/25/18,20665
01/26/18,17277
01/27/18,12085
01/28/18,11913
01/29/18,18377
01/30/18,18539
01/31/18,23166
02/01/18,24795
02/02/18,27252
02/03/18,20668
02/04/18,19948
02/05/18,33650
02/06/18,30039
02/07/18,21567
02/08/18,21085
02/09/18,22483
02/10/18,15219
02/11/18,14565
02/12/18,20137
02/13/18,19654
02/14/18,18805
02/15/18,21559
02/16/18,17030
02/17/18,13166
02/18/18,10389
02/19/18,13307
02/20/18,26099
02/21/18,11335
02/22/18,11019
02/23/18,9067
02/24/18,7042
02/25/18,12238
02/26/18,14366
02/27/18,15607
02/28/18,12635
03/01/18,9393
03/02/18,18595
03/03/18,6361
03/04/18,6973
03/05/18,8735
03/06/18,21173
03/07/18,17197
03/08/18,8786
03/09/18,8126
03/10/18,5800
03/11/18,10048
03/12/18,10862
03/13/18,10493
03/14/18,9510
03/15/18,9968
03/16/18,9067
03/17/18,5733
03/18/18,7285
03/19/18,20257
03/20/18,13383
03/21/18,17418
03/22/18,23138
03/23/18,18664
03/24/18,6294
03/25/18,4960
03/26/18,14856
03/27/18,12930
03/28/18,19903
03/29/18,10614
03/30/18,9954
03/31/18,5932
04/01/18,6324
04/02/18,8237
04/03/18,11386
04/04/18,13279
04/05/18,12452
04/06/18,10633
04/07/18,7991
04/08/18,12030
04/09/18,7557
04/10/18,8737
04/11/18,9648
04/12/18,9287
04/13/18,7107
04/14/18,4928
04/15/18,5018
04/16/18,7034
04/17/18,12565
04/18/18,8778
04/19/18,7573
04/20/18,8259
04/21/18,8694
04/22/18,13155
04/23/18,18006
04/24/18,13831
04/25/18,11063
04/26/18,12696
04/27/18,7599
04/28/18,4489
04/29/18,4317
04/30/18,6818
05/01/18,6548
05/02/18,6553
05/03/18,6123
05/04/18,7339
05/05/18,4970
05/06/18,5993
05/07/18,8572
05/08/18,9534
05/09/18,8390
05/10/18,8301
05/11/18,6190
05/12/18,5079
05/13/18,4204
05/14/18,6251
05/15/18,6842
05/16/18,6723
05/17/18,7249
05/18/18,11799
05/19/18,7852
05/20/18,7680
05/21/18,10568
05/22/18,8456
05/23/18,7727
05/24/18,6333
05/25/18,5936
05/26/18,4130
05/27/18,9323
05/28/18,10772
05/29/18,6141
05/30/18,6158
05/31/18,12817
06/01/18,5112
06/02/18,3664
06/03/18,9726
06/04/18,13485
06/05/18,17713
06/06/18,29368
06/07/18,23527
06/08/18,17937
06/09/18,13781
06/10/18,15216
06/11/18,15869
06/12/18,12849
06/13/18,11212
06/14/18,7906
06/15/18,6125
06/16/18,4613
06/17/18,9877
06/18/18,10225
06/19/18,8200
06/20/18,17759
06/21/18,8366
06/22/18,6609
06/23/18,4481
06/24/18,9783
06/25/18,10886
06/26/18,11055
06/27/18,11127
06/28/18,12869
06/29/18,8156
06/30/18,8217
07/01/18,8140
07/02/18,9783
07/03/18,7792
07/04/18,7647
07/05/18,9855
07/06/18,5155
07/07/18,3548
07/08/18,4121
07/09/18,5905
07/10/18,10547
07/11/18,6200
07/12/18,5291
07/13/18,6795
07/14/18,6311
07/15/18,3819
07/16/18,9327
07/17/18,5721
07/18/18,6093
07/19/18,5529
07/20/18,5385
07/21/18,4741
07/22/18,4323
07/23/18,7712
07/24/18,7158
07/25/18,9209
07/26/18,6121
07/27/18,6043
07/28/18,6085
07/29/18,7053
07/30/18,7287
07/31/18,6568
08/01/18,6442
08/02/18,5378
08/03/18,7383
08/04/18,4339
08/05/18,4509
08/06/18,8956
08/07/18,8944
08/08/18,6442
08/09/18,5142
08/10/18,7532
08/11/18,3902
08/12/18,4834
08/13/18,6649
08/14/18,6304
08/15/18,7111
08/16/18,6276
08/17/18,5206
08/18/18,5282
08/19/18,5713
08/20/18,5462
08/21/18,5813
08/22/18,6581
08/23/18,6255
08/24/18,5408
08/25/18,5536
08/26/18,4553
08/27/18,6291
08/28/18,6023
08/29/18,6343
08/30/18,7780
08/31/18,5686
09/01/18,4460
09/02/18,6384
09/03/18,6244
09/04/18,6519
09/05/18,6945
09/06/18,6826
09/07/18,5865
09/08/18,4850
09/09/18,5469
09/10/18,6882
09/11/18,5732
09/12/18,5212
09/13/18,5395
09/14/18,5066
09/15/18,4409
09/16/18,4647
09/17/18,11300
09/18/18,7984
09/19/18,6061
09/20/18,6166
09/21/18,5752
09/22/18,4433
09/23/18,5137
09/24/18,6698
09/25/18,6024
09/26/18,5395
09/27/18,5065
09/28/18,4252
09/29/18,3510
09/30/18,3541
10/01/18,4423
10/02/18,5178
10/03/18,4227
10/04/18,4123
10/05/18,3793
10/06/18,2796
10/07/18,2907
10/08/18,5328
10/09/18,8015
10/10/18,4514
10/11/18,4319
10/12/18,4078
10/13/18,3089
10/14/18,3168
10/15/18,4589
10/16/18,4579
10/17/18,4325
10/18/18,4039
10/19/18,4926
10/20/18,2849
10/21/18,3235
10/22/18,6106
10/23/18,4435
10/24/18,4714
10/25/18,4514
10/26/18,4309
10/27/18,3035
10/28/18,3367
10/29/18,4913
10/30/18,5671
10/31/18,5780
11/01/18,6256
11/02/18,6227
11/03/18,4632
11/04/18,3901
11/05/18,4771
11/06/18,4888
11/07/18,4306
11/08/18,6329
11/09/18,6828
11/10/18,3568
11/11/18,6800
11/12/18,5856
11/13/18,5265
11/14/18,5233
11/15/18,5395
11/16/18,4836
11/17/18,3606
11/18/18,3555
11/19/18,6696
11/20/18,6187
11/21/18,5769
11/22/18,5268
11/23/18,4358
11/24/18,3951
11/25/18,4422
11/26/18,6215
11/27/18,6546
11/28/18,6176
11/29/18,6446
11/30/18,7409
12/01/18,3753
12/02/18,4011
12/03/18,5205
12/04/18,5918
12/05/18,5683
12/06/18,5202
12/07/18,5090
12/08/18,3601
12/09/18,3693
12/10/18,4805
12/11/18,4515
12/12/18,4682
12/13/18,4989
12/14/18,4852
12/15/18,2895
12/16/18,3302
12/17/18,5608
12/18/18,4952
12/19/18,4622
12/20/18,3850
12/21/18,3421
12/22/18,2735
12/23/18,2799
12/24/18,3110
12/25/18,2841
12/26/18,3527
12/27/18,4263
12/28/18,3947
12/29/18,3746
12/30/18,3137
12/31/18,3532
01/01/19,3359
01/02/19,4482
01/03/19,12374
01/04/19,5374
01/05/19,3905
01/06/19,4203
01/07/19,5060
01/08/19,4841
01/09/19,4890
01/10/19,5061
01/11/19,4855
01/12/19,3542
01/13/19,3698
01/14/19,4599
01/15/19,4210
01/16/19,3922
01/17/19,3720
01/18/19,4368
01/19/19,2564
01/20/19,2571
01/21/19,3427
01/22/19,3457
01/23/19,3581
01/24/19,4192
01/25/19,3768
01/26/19,3217
01/27/19,3135
01/28/19,3697
01/29/19,3901
01/30/19,4303
01/31/19,3828
02/01/19,4176
02/02/19,3184
02/03/19,2667
02/04/19,3895
02/05/19,6408
02/06/19,4754
02/07/19,4341
02/08/19,3823
02/09/19,2896
02/10/19,2765
02/11/19,3996
02/12/19,4207
02/13/19,4133
02/14/19,3657
02/15/19,3656
02/16/19,3337
02/17/19,4483
02/18/19,3930
02/19/19,4543
02/20/19,4561
02/21/19,4546
02/22/19,4551
02/23/19,3645
02/24/19,4077
02/25/19,4782
02/26/19,4791
02/27/19,4668
02/28/19,5957
03/01/19,4410
03/02/19,3976
03/03/19,3875
03/04/19,4904
03/05/19,5043
03/06/19,4965
03/07/19,4670
03/08/19,3770
03/09/19,2698
03/10/19,3075
03/11/19,4062
03/12/19,4045
03/13/19,3727
03/14/19,3898
03/15/19,3322
03/16/19,2550
03/17/19,2770
03/18/19,3796
03/19/19,3765
03/20/19,3481
03/21/19,3444
03/22/19,3275
03/23/19,2465
03/24/19,2355
03/25/19,3231
03/26/19,3413
03/27/19,3516
03/28/19,3184
03/29/19,3033
03/30/19,2369
03/31/19,2560
04/01/19,3905
04/02/19,4866
04/03/19,5538
04/04/19,4043
04/05/19,3518
04/06/19,2604
04/07/19,2725
04/08/19,3687
04/09/19,3971
04/10/19,3757
04/11/19,3358
04/12/19,3271
04/13/19,2296
04/14/19,2213
04/15/19,3189
04/16/19,3077
04/17/19,3145
04/18/19,2905
04/19/19,2478
04/20/19,2501
04/21/19,3269
04/22/19,3179
04/23/19,3082
04/24/19,3238
04/25/19,2921
04/26/19,2590
04/27/19,2158
04/28/19,2125
04/29/19,4213
04/30/19,2860
05/01/19,3882
05/02/19,3048
05/03/19,3483
05/04/19,2217
05/05/19,2094
05/06/19,2907
05/07/19,2952
05/08/19,3297
05/09/19,3641
05/10/19,2800
05/11/19,2633
05/12/19,2498
05/13/19,3680
05/14/19,4403
05/15/19,4026
05/16/19,3884
05/17/19,4741
05/18/19,2092
05/19/19,2381
05/20/19,3922
05/21/19,3508
05/22/19,3501
05/23/19,3081
05/24/19,2950
05/25/19,2087
05/26/19,3418
05/27/19,5019
05/28/19,5638
05/29/19,5526
05/30/19,5645
05/31/19,3765
06/01/19,2474
06/02/19,2202
06/03/19,3496
06/04/19,3511
06/05/19,2950
06/06/19,2875
06/07/19,2975
06/08/19,2121
06/09/19,1925
06/10/19,2920
06/11/19,3481
06/12/19,3144
06/13/19,2991
06/14/19,2729
06/15/19,2179
06/16/19,2331
06/17/19,3650
06/18/19,4435
06/19/19,3998
06/20/19,3867
06/21/19,3558
06/22/19,3344
06/23/19,3953
06/24/19,4807
06/25/19,4538
06/26/19,6979
06/27/19,5380
06/28/19,4239
06/29/19,2886
06/30/19,2286
07/01/19,3473
07/02/19,3435
07/03/19,4988
07/04/19,3296
07/05/19,3565
07/06/19,2434
07/07/19,2504
07/08/19,3991
07/09/19,4191
07/10/19,5608
07/11/19,4649
07/12/19,4094
07/13/19,2614
07/14/19,2803
07/15/19,3608
07/16/19,3731
07/17/19,3711
07/18/19,3870
07/19/19,4491
07/20/19,2280
07/21/19,2205
07/22/19,3448
07/23/19,3348
07/24/19,3132
07/25/19,3325
07/26/19,2869
07/27/19,3428
07/28/19,2326
07/29/19,3376
07/30/19,3729
07/31/19,3161
08/01/19,4253
08/02/19,2914
08/03/19,2168
08/04/19,2121
08/05/19,3263
08/06/19,3381
08/07/19,3269
08/08/19,3512
08/09/19,2760
08/10/19,2444
08/11/19,2629
08/12/19,3374
08/13/19,3063
08/14/19,3039
08/15/19,2707
08/16/19,2583
08/17/19,2040
08/18/19,2149
08/19/19,3163
08/20/19,3238
08/21/19,3065
08/22/19,2905
08/23/19,2793
08/24/19,1937
08/25/19,2013
08/26/19,2845
08/27/19,2866
08/28/19,3243
08/29/19,2991
08/30/19,2507
08/31/19,1994
09/01/19,2065
09/02/19,2592
09/03/19,3018
09/04/19,3042
09/05/19,2762
09/06/19,2451
09/07/19,2325
09/08/19,2060
09/09/19,3277
09/10/19,3070
09/11/19,3117
09/12/19,2935
09/13/19,5125
09/14/19,2205
09/15/19,1935
09/16/19,2817
09/17/19,3119
09/18/19,2999
09/19/19,3116
09/20/19,3005
09/21/19,2121
09/22/19,2291
09/23/19,3383
09/24/19,3447
09/25/19,3535
09/26/19,3344
09/27/19,3539
09/28/19,2293
09/29/19,2187
09/30/19,3438
10/01/19,3333
10/02/19,3389
10/03/19,3487
10/04/19,3194
10/05/19,3242
10/06/19,2690
10/07/19,3378
10/08/19,3268
10/09/19,3404
10/10/19,3087
10/11/19,2864
10/12/19,3383
10/13/19,2850
10/14/19,3590
10/15/19,3570
10/16/19,3402
10/17/19,3684
10/18/19,3349
10/19/19,2430
10/20/19,2543
10/21/19,3339
10/22/19,3477
10/23/19,3801
10/24/19,3956
10/25/19,3314
10/26/19,3153
10/27/19,3382
10/28/19,4307
10/29/19,4530
10/30/19,4530
10/31/19,4471
11/01/19,4369
11/02/19,4806
11/03/19,3395
11/04/19,5012
11/05/19,4905
11/06/19,7478
11/07/19,4572
11/08/19,4723
11/09/19,3483
11/10/19,3188
11/11/19,4207
11/12/19,4292
11/13/19,4286
11/14/19,3869
11/15/19,3738
11/16/19,2890
11/17/19,2983
11/18/19,3893
11/19/19,3853
11/20/19,3908
11/21/19,3642
11/22/19,3538
11/23/19,2719
11/24/19,3083
11/25/19,4376
11/26/19,4234
11/27/19,4225
11/28/19,3794
11/29/19,3797
11/30/19,3734
12/01/19,3070
12/02/19,3697
12/03/19,3876
12/04/19,5307
12/05/19,4323
12/06/19,3870
12/07/19,3061
12/08/19,2810
12/09/19,2958
12/10/19,3524
12/11/19,3732
12/12/19,3017
12/13/19,3014
12/14/19,1981
12/15/19,2051
12/16/19,3985
12/17/19,2790
12/18/19,4561
12/19/19,2708
12/20/19,2936
12/21/19,1651
12/22/19,2080
12/23/19,3313
12/24/19,8117
12/25/19,9762
12/26/19,6204
12/27/19,4571
12/28/19,2637
12/29/19,2263
12/30/19,4932
12/31/19,7849
01/01/20,7780
01/02/20,8380
01/03/20,10917
01/04/20,4426
01/05/20,2510
01/06/20,4530
01/07/20,11138
01/08/20,10994
01/09/20,12509
01/10/20,9577
01/11/20,2681
01/12/20,12458
01/13/20,12376
01/14/20,13528
01/15/20,12931
01/16/20,2904
01/17/20,2712
01/18/20,2182
01/19/20,2156
01/20/20,2497
01/21/20,2792
01/22/20,2951
01/23/20,2773
01/24/20,2258
01/25/20,2339
01/26/20,1749
01/27/20,2655
01/28/20,2830
01/29/20,2574
01/30/20,2680
01/31/20,2473
02/01/20,1750
02/02/20,1955
02/03/20,2539
02/04/20,2717
02/05/20,2733
02/06/20,2751
02/07/20,2688
02/08/20,2024
02/09/20,2420
02/10/20,3125
02/11/20,3392
02/12/20,3336
02/13/20,3623
02/14/20,2574
02/15/20,2095
02/16/20,2258
02/17/20,2885
02/18/20,3077
02/19/20,11191
02/20/20,4703
02/21/20,2874
02/22/20,2384
02/23/20,2177
02/24/20,3406
02/25/20,3038
02/26/20,3090
02/27/20,3072
02/28/20,2996
02/29/20,2019
03/01/20,2156
03/02/20,2761
03/03/20,4397
03/04/20,3247
03/05/20,3318
03/06/20,2703
03/07/20,1985
03/08/20,1947
03/09/20,3289
03/10/20,3089
03/11/20,2831
03/12/20,3845
03/13/20,4400
03/14/20,2476
03/15/20,2447
03/16/20,3040
03/17/20,2900
03/18/20,2654
03/19/20,3027
03/20/20,2816
03/21/20,2365
03/22/20,2243
03/23/20,2599
03/24/20,3020
03/25/20,3268
03/26/20,2847
03/27/20,2618
03/28/20,2242
03/29/20,2266
03/30/20,2657
03/31/20,2802
04/01/20,4475
04/02/20,3528
04/03/20,3512
04/04/20,2417
04/05/20,2395
04/06/20,2990
04/07/20,2863
04/08/20,2836
04/09/20,2893
04/10/20,2766
04/11/20,2714
04/12/20,2516
04/13/20,3279
04/14/20,3298
04/15/20,3144
04/16/20,3186
04/17/20,3092
04/18/20,2787
04/19/20,2662
04/20/20,3086
04/21/20,3369
04/22/20,3173
04/23/20,3098
04/24/20,3201
04/25/20,2902
04/26/20,2868
04/27/20,3601
04/28/20,3483
04/29/20,3929
04/30/20,4445
05/01/20,3432
05/02/20,2970
05/03/20,3187
05/04/20,3603
05/05/20,3610
05/06/20,3802
05/07/20,3946
05/08/20,4362
05/09/20,3358
05/10/20,3463
05/11/20,5544
05/12/20,4956
05/13/20,3990
05/14/20,3639
05/15/20,3369
05/16/20,2721
05/17/20,2809
05/18/20,3530
05/19/20,3273
05/20/20,3647
05/21/20,3457
05/22/20,2963
05/23/20,2277
05/24/20,2313
05/25/20,2739
05/26/20,2866
05/27/20,3183
05/28/20,2715
05/29/20,2531
05/30/20,2278
05/31/20,2224
06/01/20,2440
06/02/20,2979
06/03/20,2687
06/04/20,2733
06/05/20,2572
06/06/20,2079
06/07/20,2242
06/08/20,2791
06/09/20,2775
06/10/20,2815
06/11/20,2651
06/12/20,2421
06/13/20,2005
06/14/20,2124
06/15/20,2543
06/16/20,2369
06/17/20,2566
06/18/20,2376
06/19/20,2101
06/20/20,1801
06/21/20,1889
06/22/20,2426
06/23/20,2632
06/24/20,2350
06/25/20,2351
06/26/20,2085
06/27/20,1803
06/28/20,1889
06/29/20,2133
06/30/20,2303
07/01/20,2278
07/02/20,2317
07/03/20,2076
07/04/20,1697
07/05/20,1682
07/06/20,2428
07/07/20,2336
07/08/20,2458
07/09/20,2562
07/10/20,2229
07/11/20,2017
07/12/20,1749
07/13/20,2341
07/14/20,2454
07/15/20,3030
07/16/20,5790
07/17/20,3865
07/18/20,2950
07/19/20,2657
07/20/20,3356
07/21/20,3570
07/22/20,3072
07/23/20,3165
07/24/20,2894
07/25/20,2639
07/26/20,2771
07/27/20,3999
07/28/20,5431
07/29/20,3499
07/30/20,3393
07/31/20,3000
08/01/20,2712
08/02/20,3105
08/03/20,3307
08/04/20,2971
08/05/20,3022
08/06/20,2961
08/07/20,2780
08/08/20,2378
08/09/20,2379
08/10/20,3033
08/11/20,3075
08/12/20,3182
08/13/20,3476
08/14/20,3136
08/15/20,2328
08/16/20,2211
08/17/20,3279
08/18/20,3170
08/19/20,3227
08/20/20,4223
08/21/20,2767
08/22/20,2206
08/23/20,2456
08/24/20,3044
08/25/20,2953
08/26/20,2754
08/27/20,3221
08/28/20,3366
08/29/20,2401
08/30/20,2263
08/31/20,2935
09/01/20,3704
09/02/20,3141
09/03/20,3105
09/04/20,2629
09/05/20,2327
09/06/20,2139
09/07/20,2661
09/08/20,3349
09/09/20,2799
09/10/20,2719
09/11/20,3067
09/12/20,2292
09/13/20,2330
09/14/20,2856
09/15/20,2975
09/16/20,2660
09/17/20,2641
09/18/20,2783
09/19/20,2124
09/20/20,1981
09/21/20,2647
09/22/20,2914
09/23/20,3094
09/24/20,2598
09/25/20,2557
09/26/20,1990
09/27/20,2083
09/28/20,2518
09/29/20,2537
09/30/20,2122
10/01/20,2049
10/02/20,1898
10/03/20,1696
10/04/20,1538
10/05/20,2534
10/06/20,2657
10/07/20,2855
10/08/20,2791
10/09/20,2721
10/10/20,2261
10/11/20,2148
10/12/20,3170
10/13/20,2734
10/14/20,2785
10/15/20,2769
10/16/20,2514
10/17/20,10206
10/18/20,2217
10/19/20,2950
10/20/20,3400
10/21/20,3954
10/22/20,4365
10/23/20,3306
10/24/20,2429
10/25/20,2507
10/26/20,3555
10/27/20,3976
10/28/20,3759
10/29/20,3226
10/30/20,3200
10/31/20,2794
11/01/20,2644
11/02/20,3245
11/03/20,3168
11/04/20,3201
11/05/20,4338
11/06/20,5139
11/07/20,2963
11/08/20,2682
11/09/20,3649
11/10/20,3667
11/11/20,3554
11/12/20,3874
11/13/20,3820
11/14/20,2762
11/15/20,3721
11/16/20,4153
11/17/20,6236
11/18/20,7186
11/19/20,5435
11/20/20,5044
11/21/20,4832
11/22/20,3770
11/23/20,5404
11/24/20,6510
11/25/20,5560
11/26/20,5565
11/27/20,4549
11/28/20,3775
11/29/20,3532
11/30/20,7127
12/01/20,7317
12/02/20,5633
12/03/20,5622
12/04/20,5099
12/05/20,4137
12/06/20,3922
12/07/20,5101
12/08/20,4862
12/09/20,4489
12/10/20,5605
12/11/20,4726
12/12/20,3069
12/13/20,3218
12/14/20,4281
12/15/20,4125
12/16/20,7848
12/17/20,13679
12/18/20,9212
12/19/20,5659
12/20/20,5682
12/21/20,7033
12/22/20,6169
12/23/20,5239
12/24/20,4181
12/25/20,3504
12/26/20,4946
12/27/20,7398
12/28/20,8351
12/29/20,7943
12/30/20,8412
12/31/20,6831
01/01/21,5193
01/02/21,10916
01/03/21,15065
01/04/21,16072
01/05/21,12893
01/06/21,13193
01/07/21,16944
01/08/21,17141
01/09/21,11698
01/10/21,11146
01/11/21,17631
01/12/21,15403
01/13/21,14684
01/14/21,15481
01/15/21,12050
01/16/21,7913
01/17/21,7355
01/18/21,8271
01/19/21,8904
01/20/21,6732
01/21/21,7829
01/22/21,9179
01/23/21,6042
01/24/21,5624
01/25/21,7779
01/26/21,7036
01/27/21,8235
01/28/21,9319
01/29/21,15990
01/30/21,9781
01/31/21,8047
02/01/21,9546
02/02/21,8421
02/03/21,8228
02/04/21,8782
02/05/21,7919
02/06/21,7432
02/07/21,7075
02/08/21,21699
02/09/21,26642
02/10/21,18295
02/11/21,15831
02/12/21,14014
02/13/21,10273
02/14/21,9975
02/15/21,12576
02/16/21,16228
02/17/21,17037
02/18/21,14422
02/19/21,15441
02/20/21,14615
02/21/21,13124
02/22/21,17051
02/23/21,17289
02/24/21,14381
02/25/21,12627
02/26/21,11552
02/27/21,9178
02/28/21,8855
03/01/21,10989
03/02/21,10111
03/03/21,9492
03/04/21,9093
03/05/21,8542
03/06/21,6750
03/07/21,6662
03/08/21,8255
03/09/21,9555
03/10/21,9452
03/11/21,8775
03/12/21,8219
03/13/21,8422
03/14/21,9655
03/15/21,10907
03/16/21,10002
03/17/21,8966
03/18/21,8911
03/19/21,7605
03/20/21,5865
03/21/21,5872
03/22/21,7600
03/23/21,7522
03/24/21,9284
03/25/21,8742
03/26/21,7067
03/27/21,5894
03/28/21,5498
03/29/21,7171
03/30/21,7474
03/31/21,7509
04/01/21,8719
04/02/21,6102
04/03/21,5668
04/04/21,5095
04/05/21,6812
04/06/21,7161
04/07/21,7431
04/08/21,7331
04/09/21,6533
04/10/21,5544
04/11/21,6002
04/12/21,8263
04/13/21,9420
04/14/21,11260
04/15/21,9673
04/16/21,9896
04/17/21,6564
04/18/21,7369
04/19/21,10667
04/20/21,8740
04/21/21,7425
04/22/21,7542
04/23/21,8153
04/24/21,5817
04/25/21,5501
04/26/21,7415
04/27/21,10147
04/28/21,17232
04/29/21,13712
04/30/21,13819
05/01/21,7452
05/02/21,8461
05/03/21,11477
05/04/21,10727
05/05/21,9787
05/06/21,12200
05/07/21,11533
05/08/21,11118
05/09/21,11702
05/10/21,14267
05/11/21,11814
05/12/21,10435
05/13/21,21902
05/14/21,15183
05/15/21,11432
05/16/21,11284
05/17/21,14907
05/18/21,12439
05/19/21,21160
05/20/21,18561
05/21/21,17726
05/22/21,19484
05/23/21,17617
05/24/21,16804
05/25/21,27897
05/26/21,16744
05/27/21,10392
05/28/21,14223
05/29/21,18689
05/30/21,13443
05/31/21,8351
06/01/21,5903
06/02/21,7121
06/03/21,8198
06/04/21,10614
06/05/21,9616
06/06/21,8522
06/07/21,9273
06/08/21,11736
06/09/21,11725
06/10/21,11692
06/11/21,10354
06/12/21,8074
06/13/21,9368
06/14/21,10207
06/15/21,9069
06/16/21,9242
06/17/21,8011
06/18/21,7471
06/19/21,6274
06/20/21,6845
06/21/21,9829
06/22/21,10491
06/23/21,7562
06/24/21,7973
06/25/21,6710
06/26/21,6042
06/27/21,6184
06/28/21,6365
06/29/21,6429
06/30/21,5121
07/01/21,7403
07/02/21,5637
07/03/21,4929
07/04/21,5077
07/05/21,5974
07/06/21,6771
07/07/21,5491
07/08/21,5401
07/09/21,6667
07/10/21,7199
07/11/21,8487
07/12/21,9185
07/13/21,9710
07/14/21,8554
07/15/21,6258
07/16/21,5696
07/17/21,4658
07/18/21,5130
07/19/21,5924
07/20/21,7079
07/21/21,6433
07/22/21,5976
07/23/21,6129
07/24/21,4662
07/25/21,4802
07/26/21,7793
07/27/21,6311
07/28/21,5941
07/29/21,7839
07/30/21,7731
07/31/21,6963
08/01/21,7350
08/02/21,10139
08/03/21,13021
08/04/21,9353
08/05/21,7474
08/06/21,5046
08/07/21,4944
08/08/21,4687
08/09/21,6363
08/10/21,6553
08/11/21,7018
08/12/21,7562
08/13/21,7594
08/14/21,6550
08/15/21,5872
08/16/21,8839
08/17/21,7533
08/18/21,7070
08/19/21,9379
08/20/21,6662
08/21/21,5924
08/22/21,6017
08/23/21,8294
08/24/21,8286
08/25/21,8169
08/26/21,6963
08/27/21,6613
08/28/21,5498
08/29/21,5653
08/30/21,6397
08/31/21,6591
09/01/21,6047
09/02/21,7047
09/03/21,7594
09/04/21,6419
09/05/21,7064
09/06/21,7842
09/07/21,11826
09/08/21,11392
09/09/21,11350
09/10/21,9483
09/11/21,6709
09/12/21,8441
09/13/21,7551
09/14/21,8222
09/15/21,8416
09/16/21,8772
09/17/21,10409
09/18/21,9572
09/19/21,9910
09/20/21,9938
09/21/21,10885
09/22/21,11663
09/23/21,14474
09/24/21,32510
09/25/21,30993
09/26/21,30831
09/27/21,22314
09/28/21,26935
09/29/21,10394
09/30/21,6413
10/01/21,6737
10/02/21,7647
10/03/21,9215
10/04/21,9297
10/05/21,11074
10/06/21,12084
10/07/21,9923
10/08/21,9891
10/09/21,8306
10/10/21,8435
10/11/21,9913
10/12/21,10404
10/13/21,10577
10/14/21,8343
10/15/21,9243
10/16/21,9199
10/17/21,7690
10/18/21,9092
10/19/21,8104
10/20/21,9733
10/21/21,8412
10/22/21,6671
10/23/21,7134
10/24/21,9010
10/25/21,9179
10/26/21,8761
10/27/21,8175
10/28/21,11035
10/29/21,10106
10/30/21,9853
10/31/21,5940
11/01/21,6769
11/02/21,10681
11/03/21,7205
11/04/21,6788
11/05/21,6785
11/06/21,5286
11/07/21,5251
11/08/21,7744
11/09/21,9370
11/10/21,8175
11/11/21,7073
11/12/21,6745
11/13/21,5599
11/14/21,5802
11/15/21,7562
11/16/21,9261
11/17/21,8201
11/18/21,8567
11/19/21,7824
11/20/21,6010
11/21/21,5621
11/22/21,7833
11/23/21,8226
11/24/21,8044
11/25/21,6619
11/26/21,7057
11/27/21,6839
11/28/21,5493
11/29/21,7558
11/30/21,8005
12/01/21,6932
12/02/21,7305
12/03/21,6809
12/04/21,8857
12/05/21,7258
12/06/21,8450
12/07/21,8922
12/08/21,8055
12/09/21,7101
12/10/21,5952
12/11/21,5260
12/12/21,5522
12/13/21,7008
12/14/21,7494
12/15/21,6699
12/16/21,5990
12/17/21,5618
12/18/21,4566
12/19/21,4438
12/20/21,5874
12/21/21,5516
12/22/21,5403
12/23/21,4856
12/24/21,4401
12/25/21,3738
12/26/21,4602
12/27/21,5159
12/28/21,5073
12/29/21,5294
12/30/21,5037
12/31/21,3822
01/01/22,3779
01/02/22,4283
01/03/22,6399
01/04/22,6835
01/05/22,6715
01/06/22,7616
01/07/22,7690
01/08/22,6084
01/09/22,5885
01/10/22,7456
01/11/22,7586
01/12/22,6561
01/13/22,6395
01/14/22,5776
01/15/22,4639
01/16/22,4970
01/17/22,6485
01/18/22,6674
01/19/22,7094
01/20/22,6830
01/21/22,8628
01/22/22,10063
01/23/22,7929
01/24/22,10635
01/25/22,9605
01/26/22,8985
01/27/22,8992
01/28/22,7954
01/29/22,6512
01/30/22,6409
01/31/22,7157
02/01/22,8616
02/02/22,7570
02/03/22,7290
02/04/22,6781
02/05/22,5767
02/06/22,5628
02/07/22,7186
02/08/22,7403
02/09/22,8009
02/10/22,7236
02/11/22,6344
02/12/22,4794
02/13/22,5250
02/14/22,6063
02/15/22,6463
02/16/22,6218
02/17/22,6846
02/18/22,6471
02/19/22,5022
02/20/22,5111
02/21/22,6372
02/22/22,6962
02/23/22,6535
02/24/22,10260
02/25/22,7327
02/26/22,5229
02/27/22,5342
02/28/22,6810
03/01/22,7828
03/02/22,6941
03/03/22,6311
03/04/22,5138
03/05/22,4133
03/06/22,4087
03/07/22,5350
03/08/22,5552
03/09/22,6464
03/10/22,5790
03/11/22,5254
03/12/22,4183
03/13/22,4152
03/14/22,5103
03/15/22,5447
03/16/22,5224
03/17/22,5490
03/18/22,4730
03/19/22,4003
03/20/22,4243
03/21/22,5374
03/22/22,5338
03/23/22,5323
03/24/22,5197
03/25/22,5192
03/26/22,3971
03/27/22,4588
03/28/22,6361
03/29/22,6008
03/30/22,6054
03/31/22,5692
04/01/22,5339
04/02/22,4418
04/03/22,4385
04/04/22,5816
04/05/22,5811
04/06/22,5832
04/07/22,5395
04/08/22,4819
04/09/22,3974
04/10/22,4300
04/11/22,5832
04/12/22,5532
04/13/22,5140
04/14/22,4647
04/15/22,4389
04/16/22,3736
04/17/22,3586
04/18/22,4928
04/19/22,5010
04/20/22,5010
04/21/22,5044
04/22/22,4478
04/23/22,3661
04/24/22,3699
04/25/22,4966
04/26/22,5277
04/27/22,5346
04/28/22,6343
04/29/22,5049
04/30/22,3501
05/01/22,3524
05/02/22,4332
05/03/22,4312
05/04/22,4412
05/05/22,4812
05/06/22,4569
05/07/22,3565
05/08/22,3794
05/09/22,7600
05/10/22,7642
05/11/22,8828
05/12/22,11770
05/13/22,9782
05/14/22,6469
05/15/22,5774
05/16/22,6781
05/17/22,6505
05/18/22,6042
05/19/22,5637
05/20/22,4871
05/21/22,4035
05/22/22,4010
05/23/22,5001
05/24/22,4706
05/25/22,4418
05/26/22,4482
05/27/22,3779
05/28/22,3313
05/29/22,3114
05/30/22,4207
05/31/22,4168
06/01/22,4061
06/02/22,4049
06/03/22,3505
06/04/22,3064
06/05/22,2933
06/06/22,4126
06/07/22,4210
06/08/22,3776
06/09/22,3477
06/10/22,3602
06/11/22,3465
06/12/22,4002
06/13/22,9335
06/14/22,9609
06/15/22,9433
06/16/22,8034
06/17/22,6672
06/18/22,8464
06/19/22,8418
06/20/22,8493
06/21/22,7375
06/22/22,6076
06/23/22,5188
06/24/22,4689
06/25/22,3809
06/26/22,2950
06/27/22,4616
06/28/22,4571
06/29/22,4350
06/30/22,4481
07/01/22,4046
07/02/22,3172
07/03/22,3239
07/04/22,3815
07/05/22,3985
07/06/22,3863
07/07/22,3634
07/08/22,3426
07/09/22,3380
07/10/22,3400
07/11/22,4470
07/12/22,4687
07/13/22,4567
07/14/22,4398
07/15/22,4042
07/16/22,3496
07/17/22,3253
07/18/22,4200
07/19/22,4367
07/20/22,4446
07/21/22,5019
07/22/22,4102
07/23/22,3399
07/24/22,3499
07/25/22,4093
07/26/22,4179
07/27/22,4182
07/28/22,3853
07/29/22,3758
07/30/22,3130
07/31/22,3049
08/01/22,3546
08/02/22,4364
08/03/22,3939
08/04/22,3822
08/05/22,3513
08/06/22,3086
08/07/22,3056
08/08/22,3732
08/09/22,3937
08/10/22,3915
08/11/22,3951
08/12/22,3771
08/13/22,3045
08/14/22,3375
08/15/22,3977
08/16/22,4239
08/17/22,4233
08/18/22,3964
08/19/22,3986
08/20/22,3415
08/21/22,3474
08/22/22,4187
08/23/22,4075
08/24/22,4076
08/25/22,3747
08/26/22,3891
08/27/22,3633
08/28/22,3283
08/29/22,3983
08/30/22,4067
08/31/22,3943
09/01/22,4186
09/02/22,3915
09/03/22,3274
09/04/22,3098
09/05/22,3767
09/06/22,4194
09/07/22,4283
09/08/22,4063
09/09/22,4695
09/10/22,3842
09/11/22,5751
09/12/22,3989
09/13/22,4294
09/14/22,4324
09/15/22,4231
09/16/22,4224
09/17/22,3356
09/18/22,3342
09/19/22,4501
09/20/22,4179
09/21/22,4432
09/22/22,3946
09/23/22,3456
09/24/22,3264
09/25/22,3160
09/26/22,3790
09/27/22,3791
09/28/22,4105
09/29/22,3625
09/30/22,3405
10/01/22,2973
10/02/22,2961
10/03/22,3665
10/04/22,3694
10/05/22,3606
10/06/22,3781
10/07/22,3636
10/08/22,2982
10/09/22,3125
10/10/22,3465
10/11/22,3755
10/12/22,3919
10/13/22,3986
10/14/22,3477
10/15/22,4389
10/16/22,3443
10/17/22,3848
10/18/22,4403
10/19/22,3793
10/20/22,3640
10/21/22,3554
10/22/22,3631
10/23/22,3521
10/24/22,4249
10/25/22,4588
10/26/22,4234
10/27/22,3690
10/28/22,4392
10/29/22,4160
10/30/22,3152
10/31/22,4432
11/01/22,4325
11/02/22,5109
11/03/22,3895
11/04/22,3921
11/05/22,3922
11/06/22,4101
11/07/22,4231
11/08/22,4810
11/09/22,6232
11/10/22,6913
11/11/22,5962
11/12/22,5910
11/13/22,5664
11/14/22,6701
11/15/22,5781
11/16/22,5777
11/17/22,5493
11/18/22,5165
11/19/22,3967
11/20/22,3997
11/21/22,4964
11/22/22,5147
11/23/22,4741
11/24/22,4128
11/25/22,5108
11/26/22,3520
11/27/22,4356
11/28/22,5248
11/29/22,5054
11/30/22,4559
12/01/22,4526
12/02/22,4003
12/03/22,4234
12/04/22,3601
12/05/22,3833
12/06/22,3987
12/07/22,3977
12/08/22,3819
12/09/22,3684
12/10/22,3292
12/11/22,3463
12/12/22,4727
12/13/22,4917
12/14/22,4552
12/15/22,4137
12/16/22,4285
12/17/22,3444
12/18/22,3102
12/19/22,3512
12/20/22,3542
12/21/22,3548
12/22/22,3979
12/23/22,3707
12/24/22,2924
12/25/22,2903
12/26/22,3906
12/27/22,3613
12/28/22,3764
12/29/22,3423
12/30/22,3252
12/31/22,3161
01/01/23,0
01/02/23,0
01/03/23,0
01/04/23,4045
01/05/23,3803
01/06/23,3706
01/07/23,3171
01/08/23,3156
01/09/23,3706
01/10/23,3529
01/11/23,3771
01/12/23,4190
01/13/23,3887
01/14/23,4090
01/15/23,3707
01/16/23,4142
01/17/23,3789
01/18/23,4176
01/19/23,3755
01/20/23,3788
01/21/23,3259
01/22/23,3068
01/23/23,3571
01/24/23,3924
01/25/23,3590
01/26/23,3599
01/27/23,3681
01/28/23,3086
01/29/23,3234
01/30/23,3745
01/31/23,3583
02/01/23,3980
02/02/23,3680
02/03/23,3491
02/04/23,2876
02/05/23,2807
02/06/23,3646
02/07/23,3559
02/08/23,3418
02/09/23,3383
02/10/23,3211
02/11/23,2778
02/12/23,2920
02/13/23,3402
02/14/23,3317
02/15/23,3373
02/16/23,3900
02/17/23,3341
02/18/23,2803
02/19/23,3085
02/20/23,3376
02/21/23,3485
02/22/23,3458
02/23/23,3185
02/24/23,3198
02/25/23,2729
02/26/23,2818
02/27/23,3216
02/28/23,3138
03/01/23,3206
03/02/23,3306
03/03/23,3207
03/04/23,2941
03/05/23,2697
03/06/23,3353
03/07/23,3661
03/08/23,3247
03/09/23,3487
03/10/23,3815
03/11/23,3030
03/12/23,3215
03/13/23,4223
03/14/23,4453
03/15/23,3803
03/16/23,3495
03/17/23,3730
03/18/23,3308
03/19/23,3503
03/20/23,4254
03/21/23,3977
03/22/23,3867
03/23/23,3892
03/24/23,4285
03/25/23,3073
03/26/23,2980
03/27/23,3522
03/28/23,3575
03/29/23,3608
03/30/23,3522
03/31/23,3986
04/01/23,3131
04/02/23,2626
04/03/23,3400
04/04/23,3353
04/05/23,3086
04/06/23,3277
04/07/23,2979
04/08/23,2699
04/09/23,2802
04/10/23,3517
04/11/23,4128
04/12/23,3556
04/13/23,3539
04/14/23,3444
04/15/23,2690
04/16/23,2808
04/17/23,3353
04/18/23,3208
04/19/23,3316
04/20/23,3163
04/21/23,3130
04/22/23,2673
04/23/23,2744
04/24/23,3532
04/25/23,3419
04/26/23,3590
04/27/23,3443
04/28/23,3194
04/29/23,2653
04/30/23,2917
05/01/23,3142
05/02/23,3176
05/03/23,4529
05/04/23,3212
05/05/23,3100
05/06/23,2571
05/07/23,2540
05/08/23,3240
05/09/23,2961
05/10/23,3168
05/11/23,2973
05/12/23,3276
05/13/23,2578
05/14/23,2839
05/15/23,3063
05/16/23,3252
05/17/23,4053
05/18/23,3208
05/19/23,3131
05/20/23,2354
05/21/23,2347
05/22/23,3072
05/23/23,2907
05/24/23,2982
05/25/23,2962
05/26/23,3177
05/27/23,2618
05/28/23,2475
05/29/23,2874
05/30/23,3179
05/31/23,2978
06/01/23,2914
06/02/23,3050
06/03/23,2222
06/04/23,2534
06/05/23,3056
06/06/23,3435
06/07/23,3222
06/08/23,3327
06/09/23,2649
06/10/23,2372
06/11/23,2327
06/12/23,2821
06/13/23,2753
06/14/23,2982
06/15/23,2910
06/16/23,2679
06/17/23,2337
06/18/23,2399
06/19/23,2742
06/20/23,2900
06/21/23,3673
06/22/23,3324
06/23/23,3180
06/24/23,4529
06/25/23,4432
06/26/23,3016
06/27/23,3423
06/28/23,3082
06/29/23,2857
06/30/23,2867
07/01/23,2262
07/02/23,2630
07/03/23,2807
07/04/23,2950
07/05/23,2772
07/06/23,2338
07/07/23,2835
07/08/23,2175
07/09/23,2467
07/10/23,2853
07/11/23,2833
07/12/23,2578
07/13/23,2893
07/14/23,2276
07/15/23,1746
07/16/23,1798
07/17/23,2210
07/18/23,2672
07/19/23,2739
07/20/23,2467
07/21/23,2376
07/22/23,1954
07/23/23,1952
07/24/23,2374
07/25/23,2391
07/26/23,2883
07/27/23,2984
07/28/23,2633
07/29/23,2061
07/30/23,1773
07/31/23,2713
08/01/23,3263
08/02/23,2363
08/03/23,2157
08/04/23,2387
08/05/23,1796
08/06/23,1926
08/07/23,2654
08/08/23,2119
08/09/23,2335
08/10/23,2364
08/11/23,2830
08/12/23,2142
08/13/23,2021
08/14/23,2906
08/15/23,3134
08/16/23,3231
08/17/23,3070
08/18/23,3144
08/19/23,2303
08/20/23,2695
08/21/23,2500
08/22/23,3094
08/23/23,2537
08/24/23,2604
08/25/23,2221
08/26/23,2368
08/27/23,2091
08/28/23,2251
08/29/23,2636
08/30/23,2328
08/31/23,2476
09/01/23,2016
09/02/23,2040
09/03/23,1786
09/04/23,2840
09/05/23,2346
09/06/23,2314
09/07/23,3270
09/08/23,3352
09/09/23,2212
09/10/23,1896
09/11/23,2619
09/12/23,2449
09/13/23,2591
09/14/23,2864
09/15/23,2191
09/16/23,2358
09/17/23,1709
09/18/23,2782
09/19/23,2862
09/20/23,2320
09/21/23,2566
09/22/23,2419
09/23/23,2608
09/24/23,1832
09/25/23,2333
09/26/23,2362
09/27/23,2958
09/28/23,2412
09/29/23,2194
09/30/23,1668
10/01/23,2223
10/02/23,2469
10/03/23,2094
10/04/23,2194
10/05/23,2128
10/06/23,2156
10/07/23,2200
10/08/23,1571
10/09/23,2594
10/10/23,1904
10/11/23,2317
10/12/23,2307
10/13/23,2249
10/14/23,1894
10/15/23,1842
10/16/23,2776
10/17/23,2806
10/18/23,3046
10/19/23,2399
10/20/23,2452
10/21/23,2214
10/22/23,1878
10/23/23,2446
10/24/23,4114
10/25/23,2805
10/26/23,2615
10/27/23,2500
10/28/23,1657
10/29/23,1992
10/30/23,2302
10/31/23,2556
11/01/23,2228
11/02/23,2152
11/03/23,3518
11/04/23,2170
11/05/23,2284
11/06/23,2624
11/07/23,2667
11/08/23,2430
11/09/23,3497
11/10/23,3382
11/11/23,2790
11/12/23,2683
11/13/23,3414
11/14/23,3251
11/15/23,3670
11/16/23,3130
11/17/23,3197
11/18/23,2439
11/19/23,2616
11/20/23,3241
11/21/23,3272
11/22/23,4220
11/23/23,3246
11/24/23,3624
11/25/23,2947
11/26/23,2575
11/27/23,3069
11/28/23,3851
11/29/23,3735
11/30/23,3181
12/01/23,3332
12/02/23,3063
12/03/23,2808
12/04/23,4758
12/05/23,3973
12/06/23,3983
12/07/23,3882
12/08/23,4221
12/09/23,3057
12/10/23,3161
12/11/23,3532
12/12/23,3509
12/13/23,3115
12/14/23,2804
12/15/23,3340
12/16/23,2521
12/17/23,2457
12/18/23,2782
12/19/23,2748
12/20/23,3004
12/21/23,2790
12/22/23,2616
12/23/23,2635
12/24/23,2355
12/25/23,2590
12/26/23,3246
12/27/23,3006
12/28/23,2811
12/29/23,3406
12/30/23,3065
12/31/23,2514
01/01/24,2549
01/02/24,3560
01/03/24,8013
01/04/24,3948
01/05/24,3449
01/06/24,3083
01/07/24,2940
01/08/24,3777
01/09/24,4478
01/10/24,4945
01/11/24,6373
01/12/24,5595
01/13/24,3709
01/14/24,3281
01/15/24,4123
01/16/24,3961
01/17/24,4050
01/18/24,3660
01/19/24,4027
01/20/24,3098
01/21/24,2994
01/22/24,3471
01/23/24,3705
01/24/24,3506
01/25/24,3347
01/26/24,3056
01/27/24,2725
01/28/24,2584
01/29/24,3453
01/30/24,4090
01/31/24,3223
02/01/24,2907
02/02/24,2781
02/03/24,2714
02/04/24,2928
02/05/24,3497
02/06/24,4374
02/07/24,3299
02/08/24,4066
02/09/24,3313
02/10/24,2687
02/11/24,2617
02/12/24,3390
02/13/24,3975
02/14/24,3806
02/15/24,3873
02/16/24,3505
02/17/24,2375
02/18/24,3096
02/19/24,3522
02/20/24,3759
02/21/24,3310
02/22/24,3945
02/23/24,3804
02/24/24,3060
02/25/24,3224
02/26/24,4011
02/27/24,5173
02/28/24,7362
02/29/24,6718
03/01/24,4868
03/02/24,4117
03/03/24,3905
03/04/24,6410
03/05/24,7849
03/06/24,6702
03/07/24,5574
03/08/24,5391
03/09/24,4422
03/10/24,4374
03/11/24,7012
03/12/24,6457
03/13/24,6269
03/14/24,5512
03/15/24,5286
03/16/24,3922
03/17/24,3805
03/18/24,4495
03/19/24,4800
03/20/24,4688
03/21/24,4466
03/22/24,4026
03/23/24,3113
03/24/24,3223
03/25/24,4206
03/26/24,4277
03/27/24,3841
03/28/24,4375
03/29/24,4017
03/30/24,3461
03/31/24,3058
04/01/24,3667
04/02/24,3765
04/03/24,3594
04/04/24,3912
04/05/24,3349
04/06/24,2986
04/07/24,2869
04/08/24,3514
04/09/24,3386
04/10/24,3286
04/11/24,3248
04/12/24,3549
04/13/24,3055
04/14/24,3424
04/15/24,3838
04/16/24,3744
04/17/24,3711
04/18/24,3959
04/19/24,4245
04/20/24,3844
04/21/24,3370
04/22/24,3729
04/23/24,3979
04/24/24,20294
04/25/24,13689
04/26/24,4272
04/27/24,2565
04/28/24,2592
04/29/24,3040
04/30/24,3254
05/01/24,3147
05/02/24,3140
05/03/24,2971
05/04/24,2487
05/05/24,2393
05/06/24,2960
05/07/24,3002
05/08/24,2938
05/09/24,2697
05/10/24,2675
05/11/24,2076
05/12/24,2359
05/13/24,2903
05/14/24,2847
05/15/24,3018
05/16/24,2882
05/17/24,2703
05/18/24,2242
05/19/24,2322
05/20/24,3122
05/21/24,3766
05/22/24,3256
05/23/24,3012
05/24/24,2966
05/25/24,2481
05/26/24,2611
05/27/24,2766
05/28/24,3031
05/29/24,3157
05/30/24,2866
05/31/24,2723
06/01/24,2241
06/02/24,2471
06/03/24,2961
06/04/24,2716
06/05/24,2810
06/06/24,2540
06/07/24,2487
06/08/24,2214
06/09/24,2185
06/10/24,2398
06/11/24,2560
06/12/24,2577
06/13/24,2475
06/14/24,2364
06/15/24,11257
06/16/24,7344
06/17/24,3361
06/18/24,2519
06/19/24,2622
06/20/24,2488
06/21/24,2402
06/22/24,2233
06/23/24,2142
06/24/24,2961
06/25/24,2571
06/26/24,2360
06/27/24,2556
06/28/24,2151
06/29/24,1912
06/30/24,2578
07/01/24,2415
07/02/24,2460
07/03/24,2348
07/04/24,2298
07/05/24,2518
07/06/24,2252
07/07/24,2379
07/08/24,2596
07/09/24,2553
07/10/24,2621
07/11/24,2656
07/12/24,2589
07/13/24,1934
07/14/24,1875
07/15/24,2566
07/16/24,2580
07/17/24,2678
07/18/24,2508
07/19/24,2398
07/20/24,1974
07/21/24,2232
07/22/24,2623
07/23/24,2477
07/24/24,2408
07/25/24,2596
07/26/24,2619
07/27/24,3045
07/28/24,3392
07/29/24,3415
07/30/24,3051
07/31/24,2662
08/01/24,2806
08/02/24,2611
08/03/24,2133
08/04/24,2250
08/05/24,3813
08/06/24,3469
08/07/24,3132
08/08/24,2857
08/09/24,2758
08/10/24,2044
08/11/24,2092
08/12/24,2622
08/13/24,2521
08/14/24,2564
08/15/24,2258
08/16/24,2323
08/17/24,2137
08/18/24,2102
08/19/24,2606
08/20/24,2726
08/21/24,2521
08/22/24,2466
08/23/24,2484
08/24/24,2000
08/25/24,1946
08/26/24,2682
08/27/24,2898
08/28/24,2912
08/29/24,1677
