Date,Liquidity
2012-01-02,0.0
2012-01-03,0.0
2012-01-04,2917601.942
2012-01-05,0.0
2012-01-06,0.0
2012-01-09,0.0
2012-01-10,0.0
2012-01-11,2899070.737
2012-01-12,0.0
2012-01-13,0.0
2012-01-16,0.0
2012-01-17,0.0
2012-01-18,2919344.931
2012-01-19,0.0
2012-01-20,0.0
2012-01-23,0.0
2012-01-24,0.0
2012-01-25,2919433.764
2012-01-26,0.0
2012-01-27,0.0
2012-01-30,0.0
2012-01-31,0.0
2012-02-01,2924829.446
2012-02-02,0.0
2012-02-03,0.0
2012-02-06,0.0
2012-02-07,0.0
2012-02-08,2928187.038
2012-02-09,0.0
2012-02-10,0.0
2012-02-13,0.0
2012-02-14,0.0
2012-02-15,2937834.951
2012-02-16,0.0
2012-02-17,0.0
2012-02-20,0.0
2012-02-21,0.0
2012-02-22,2932757.205
2012-02-23,0.0
2012-02-24,0.0
2012-02-27,0.0
2012-02-28,0.0
2012-02-29,2925682.525
2012-03-01,-0.1
2012-03-02,0.0
2012-03-05,0.0
2012-03-06,0.0
2012-03-07,2884709.047
2012-03-08,0.0
2012-03-09,0.0
2012-03-12,0.0
2012-03-13,0.0
2012-03-14,2893518.184
2012-03-15,0.0
2012-03-16,0.0
2012-03-19,0.0
2012-03-20,0.0
2012-03-21,2892543.512
2012-03-22,0.0
2012-03-23,0.0
2012-03-26,0.0
2012-03-27,0.0
2012-03-28,2878052.957
2012-03-29,0.0
2012-03-30,0.0
2012-04-02,0.0
2012-04-03,0.0
2012-04-04,2865423.101
2012-04-05,0.0
2012-04-06,0.0
2012-04-09,0.0
2012-04-10,0.0
2012-04-11,2867154.711
2012-04-12,0.0
2012-04-13,0.0
2012-04-16,0.0
2012-04-17,0.0
2012-04-18,2875416.573
2012-04-19,0.0
2012-04-20,0.0
2012-04-23,0.0
2012-04-24,0.0
2012-04-25,2866482.502
2012-04-26,0.0
2012-04-27,0.0
2012-04-30,0.0
2012-05-01,0.0
2012-05-02,2864159.252
2012-05-03,0.0
2012-05-04,0.0
2012-05-07,0.0
2012-05-08,0.0
2012-05-09,2864036.768
2012-05-10,0.0
2012-05-11,0.0
2012-05-14,0.0
2012-05-15,0.0
2012-05-16,2850884.124
2012-05-17,0.0
2012-05-18,0.0
2012-05-21,0.0
2012-05-22,0.0
2012-05-23,2859404.917
2012-05-24,0.0
2012-05-25,0.0
2012-05-28,0.0
2012-05-29,0.0
2012-05-30,2842586.196
2012-05-31,0.0
2012-06-01,0.0
2012-06-04,0.0
2012-06-05,0.0
2012-06-06,2851957.237
2012-06-07,0.0
2012-06-08,0.0
2012-06-11,0.0
2012-06-12,0.0
2012-06-13,2869029.115
2012-06-14,0.0
2012-06-15,0.0
2012-06-18,0.0
2012-06-19,0.0
2012-06-20,2870731.254
2012-06-21,0.0
2012-06-22,0.0
2012-06-25,0.0
2012-06-26,0.0
2012-06-27,2863417.851
2012-06-28,0.0
2012-06-29,0.0
2012-07-02,0.0
2012-07-03,0.0
2012-07-04,2865757.171
2012-07-05,0.0
2012-07-06,0.0
2012-07-09,0.0
2012-07-10,0.0
2012-07-11,2866192.6
2012-07-12,0.0
2012-07-13,0.0
2012-07-16,0.0
2012-07-17,0.0
2012-07-18,2855743.979
2012-07-19,0.0
2012-07-20,0.0
2012-07-23,0.0
2012-07-24,0.0
2012-07-25,2846711.463
2012-07-26,0.0
2012-07-27,0.0
2012-07-30,0.0
2012-07-31,0.0
2012-08-01,2851075.898
2012-08-02,0.0
2012-08-03,0.0
2012-08-06,0.0
2012-08-07,0.0
2012-08-08,2856145.378
2012-08-09,0.0
2012-08-10,0.0
2012-08-13,0.0
2012-08-14,0.0
2012-08-15,2833288.602
2012-08-16,0.0
2012-08-17,0.0
2012-08-20,0.0
2012-08-21,0.0
2012-08-22,2825636.962
2012-08-23,0.0
2012-08-24,0.0
2012-08-27,0.0
2012-08-28,0.0
2012-08-29,2812780.806
2012-08-30,0.0
2012-08-31,0.0
2012-09-03,0.0
2012-09-04,0.0
2012-09-05,2822138.952
2012-09-06,0.0
2012-09-07,-0.06
2012-09-10,0.0
2012-09-11,0.0
2012-09-12,2823400.981
2012-09-13,0.0
2012-09-14,0.0
2012-09-17,0.0
2012-09-18,0.0
2012-09-19,2821509.284
2012-09-20,0.0
2012-09-21,0.0
2012-09-24,0.0
2012-09-25,0.0
2012-09-26,2804383.761
2012-09-27,0.0
2012-09-28,0.0
2012-10-01,0.0
2012-10-02,0.0
2012-10-03,2808428.703
2012-10-04,0.0
2012-10-05,0.0
2012-10-08,0.0
2012-10-09,0.0
2012-10-10,2811557.155
2012-10-11,0.0
2012-10-12,0.0
2012-10-15,0.0
2012-10-16,0.0
2012-10-17,2846861.527
2012-10-18,0.0
2012-10-19,0.0
2012-10-22,0.0
2012-10-23,0.0
2012-10-24,2840901.262
2012-10-25,0.0
2012-10-26,0.0
2012-10-29,0.0
2012-10-30,0.0
2012-10-31,2823083.095
2012-11-01,0.0
2012-11-02,0.0
2012-11-05,0.0
2012-11-06,0.0
2012-11-07,2830762.998
2012-11-08,0.0
2012-11-09,0.0
2012-11-12,0.0
2012-11-13,0.0
2012-11-14,2877205.336
2012-11-15,0.0
2012-11-16,0.0
2012-11-19,0.0
2012-11-20,0.0
2012-11-21,2871136.567
2012-11-22,0.0
2012-11-23,0.0
2012-11-26,0.0
2012-11-27,0.0
2012-11-28,2851334.096
2012-11-29,0.0
2012-11-30,-1.18
2012-12-03,0.0
2012-12-04,0.0
2012-12-05,2859773.003
2012-12-06,0.0
2012-12-07,0.0
2012-12-10,0.0
2012-12-11,0.0
2012-12-12,2917221.02
2012-12-13,0.0
2012-12-14,0.0
2012-12-17,0.0
2012-12-18,0.0
2012-12-19,2920176.014
2012-12-20,0.0
2012-12-21,0.0
2012-12-24,0.0
2012-12-25,0.0
2012-12-26,2907244.437
2012-12-27,0.0
2012-12-28,0.0
2012-12-31,0.0
2013-01-01,0.0
2013-01-02,2917117.436
2013-01-03,0.0
2013-01-04,0.0
2013-01-07,0.0
2013-01-08,0.0
2013-01-09,2928668.356
2013-01-10,0.0
2013-01-11,0.0
2013-01-14,0.0
2013-01-15,0.0
2013-01-16,2963757.98
2013-01-17,0.0
2013-01-18,0.0
2013-01-21,0.0
2013-01-22,0.0
2013-01-23,3011624.793
2013-01-24,0.0
2013-01-25,0.0
2013-01-28,0.0
2013-01-29,0.0
2013-01-30,3008632.873
2013-01-31,0.0
2013-02-01,0.0
2013-02-04,0.0
2013-02-05,0.0
2013-02-06,3014910.721
2013-02-07,0.0
2013-02-08,0.0
2013-02-11,0.0
2013-02-12,0.0
2013-02-13,3074190.092
2013-02-14,0.0
2013-02-15,0.0
2013-02-18,0.0
2013-02-19,0.0
2013-02-20,3095125.123
2013-02-21,0.0
2013-02-22,0.0
2013-02-25,0.0
2013-02-26,0.0
2013-02-27,3090556.988
2013-02-28,0.0
2013-03-01,0.0
2013-03-04,0.0
2013-03-05,0.0
2013-03-06,3108768.207
2013-03-07,0.0
2013-03-08,0.0
2013-03-11,0.0
2013-03-12,0.0
2013-03-13,3165353.0
2013-03-14,0.0
2013-03-15,0.0
2013-03-18,0.0
2013-03-19,0.0
2013-03-20,3206816.634
2013-03-21,0.0
2013-03-22,0.0
2013-03-25,0.0
2013-03-26,0.0
2013-03-27,3202187.981
2013-03-28,0.0
2013-03-29,0.0
2013-04-01,0.0
2013-04-02,0.0
2013-04-03,3215355.736
2013-04-04,0.0
2013-04-05,-1.19
2013-04-08,0.0
2013-04-09,0.0
2013-04-10,3227703.233
2013-04-11,0.0
2013-04-12,0.0
2013-04-15,0.0
2013-04-16,0.0
2013-04-17,3295026.428
2013-04-18,0.0
2013-04-19,0.0
2013-04-22,0.0
2013-04-23,0.0
2013-04-24,3318520.3
2013-04-25,0.0
2013-04-26,0.0
2013-04-29,0.0
2013-04-30,0.0
2013-05-01,3317036.946
2013-05-02,0.0
2013-05-03,0.0
2013-05-06,0.0
2013-05-07,0.0
2013-05-08,3324470.929
2013-05-09,0.0
2013-05-10,0.0
2013-05-13,0.0
2013-05-14,0.0
2013-05-15,3354179.001
2013-05-16,0.0
2013-05-17,0.0
2013-05-20,0.0
2013-05-21,0.0
2013-05-22,3398679.767
2013-05-23,0.0
2013-05-24,0.0
2013-05-27,0.0
2013-05-28,0.0
2013-05-29,3385114.498
2013-05-30,0.0
2013-05-31,0.0
2013-06-03,0.0
2013-06-04,0.0
2013-06-05,3400152.77
2013-06-06,0.0
2013-06-07,0.0
2013-06-10,0.0
2013-06-11,0.0
2013-06-12,3410798.944
2013-06-13,0.0
2013-06-14,0.0
2013-06-17,0.0
2013-06-18,0.0
2013-06-19,3470450.871
2013-06-20,0.0
2013-06-21,0.0
2013-06-24,0.0
2013-06-25,0.0
2013-06-26,3478574.788
2013-06-27,0.0
2013-06-28,0.0
2013-07-01,0.0
2013-07-02,0.0
2013-07-03,3492623.255
2013-07-04,0.0
2013-07-05,0.0
2013-07-08,0.0
2013-07-09,0.0
2013-07-10,3504006.31
2013-07-11,0.0
2013-07-12,0.0
2013-07-15,0.0
2013-07-16,0.0
2013-07-17,3537790.842
2013-07-18,0.0
2013-07-19,0.0
2013-07-22,0.0
2013-07-23,0.0
2013-07-24,3574515.597
2013-07-25,0.0
2013-07-26,0.0
2013-07-29,0.0
2013-07-30,0.0
2013-07-31,3571736.937
2013-08-01,0.0
2013-08-02,0.0
2013-08-05,0.0
2013-08-06,0.0
2013-08-07,3585295.895
2013-08-08,0.0
2013-08-09,0.0
2013-08-12,0.0
2013-08-13,-2.32
2013-08-14,3646257.669
2013-08-15,0.0
2013-08-16,0.0
2013-08-19,-5.0
2013-08-20,-5.0
2013-08-21,3645616.826
2013-08-22,0.0
2013-08-23,0.0
2013-08-26,0.0
2013-08-27,0.0
2013-08-28,3644418.702
2013-08-29,0.0
2013-08-30,0.0
2013-09-02,0.0
2013-09-03,0.0
2013-09-04,3654149.568
2013-09-05,0.0
2013-09-06,0.0
2013-09-09,0.0
2013-09-10,0.0
2013-09-11,3661996.449
2013-09-12,0.0
2013-09-13,0.0
2013-09-16,0.0
2013-09-17,0.0
2013-09-18,3722143.901
2013-09-19,0.0
2013-09-20,0.0
2013-09-23,-11.809
2013-09-24,-12.711
2013-09-25,3733966.765
2013-09-26,-9.403
2013-09-27,-16.622
2013-09-30,-58.157
2013-10-01,-4.507
2013-10-02,3747346.337
2013-10-03,-2.256
2013-10-04,-1.381
2013-10-07,-0.755
2013-10-08,-0.725
2013-10-09,3758633.847
2013-10-10,-1.997
2013-10-11,-1.421
2013-10-14,0.0
2013-10-15,-2.096
2013-10-16,3813560.729
2013-10-17,-3.122
2013-10-18,-4.221
2013-10-21,-4.876
2013-10-22,-8.37
2013-10-23,3838973.067
2013-10-24,-4.949
2013-10-25,-3.283
2013-10-28,-2.148
2013-10-29,-1.872
2013-10-30,3843358.7380000004
2013-10-31,-13.89
2013-11-01,-4.65
2013-11-04,-4.088
2013-11-05,-2.425
2013-11-06,3851581.927
2013-11-07,-1.075
2013-11-08,-1.48
2013-11-11,0.0
2013-11-12,-4.4
2013-11-13,3907374.391
2013-11-14,-1.341
2013-11-15,-0.345
2013-11-18,-2.32
2013-11-19,-5.07
2013-11-20,3906564.433
2013-11-21,-5.571
2013-11-22,-3.345
2013-11-25,-3.37
2013-11-26,-3.95
2013-11-27,3925816.535
2013-11-28,0.0
2013-11-29,-22.018
2013-12-02,-8.02
2013-12-03,-7.12
2013-12-04,3932576.9579999996
2013-12-05,-5.696
2013-12-06,-7.42
2013-12-09,-10.845
2013-12-10,-14.22
2013-12-11,3993891.547
2013-12-12,-26.12
2013-12-13,-17.515
2013-12-16,-6.146
2013-12-17,-14.07
2013-12-18,4007980.323
2013-12-19,-15.391
2013-12-20,-26.525
2013-12-23,-28.761
2013-12-24,-42.245
2013-12-25,4032475.878
2013-12-26,-46.97
2013-12-27,-94.995
2013-12-30,-102.573
2013-12-31,-197.755
2014-01-01,4023534.896
2014-01-02,-83.725
2014-01-03,-56.682
2014-01-06,-77.265
2014-01-07,-60.261
2014-01-08,4028022.197
2014-01-09,-51.2
2014-01-10,-49.565
2014-01-13,-60.47
2014-01-14,-54.16
2014-01-15,4071401.2260000003
2014-01-16,-67.829
2014-01-17,-73.016
2014-01-20,0.0
2014-01-21,-82.42
2014-01-22,4097742.491
2014-01-23,-84.917
2014-01-24,-72.495
2014-01-27,-85.68
2014-01-28,-94.53
2014-01-29,4101954.387
2014-01-30,-98.32
2014-01-31,-102.139
2014-02-03,-69.923
2014-02-04,-105.798
2014-02-05,4109104.537
2014-02-06,-101.917
2014-02-07,-101.109
2014-02-10,-112.214
2014-02-11,-98.871
2014-02-12,4119343.564
2014-02-13,-101.186
2014-02-14,-87.715
2014-02-17,0.0
2014-02-18,-70.834
2014-02-19,4149099.517
2014-02-20,-84.254
2014-02-21,-104.045
2014-02-24,-96.142
2014-02-25,-103.735
2014-02-26,4159795.185
2014-02-27,-120.886
2014-02-28,-114.479
2014-03-03,-80.225
2014-03-04,-66.129
2014-03-05,4171640.423
2014-03-06,-55.489
2014-03-07,-57.908
2014-03-10,-71.89
2014-03-11,-72.275
2014-03-12,4181238.659
2014-03-13,-70.357
2014-03-14,-54.253
2014-03-17,-48.592
2014-03-18,-78.606
2014-03-19,4221916.510000001
2014-03-20,-80.564
2014-03-21,-96.847
2014-03-24,-79.629
2014-03-25,-94.432
2014-03-26,4226767.016
2014-03-27,-112.832
2014-03-28,-128.162
2014-03-31,-242.069
2014-04-01,-113.017
2014-04-02,4236238.792
2014-04-03,-96.38
2014-04-04,-95.244
2014-04-07,-94.739
2014-04-08,-94.435
2014-04-09,4244036.541
2014-04-10,-93.958
2014-04-11,-80.874
2014-04-14,-75.823
2014-04-15,-64.907
2014-04-16,4283829.799
2014-04-17,0.0
2014-04-18,0.0
2014-04-21,-129.837
2014-04-22,-159.202
2014-04-23,4296079.654999999
2014-04-24,-153.847
2014-04-25,-166.168
2014-04-28,-180.822
2014-04-29,-183.327
2014-04-30,4295756.652
2014-05-01,-175.868
2014-05-02,-185.246
2014-05-05,-199.895
2014-05-06,-198.721
2014-05-07,4302857.897
2014-05-08,-192.03
2014-05-09,-186.455
2014-05-12,-188.963
2014-05-13,-204.839
2014-05-14,4336394.563
2014-05-15,-192.416
2014-05-16,-203.54
2014-05-19,-201.974
2014-05-20,-212.512
2014-05-21,4327301.533
2014-05-22,-209.095
2014-05-23,-182.124
2014-05-26,0.0
2014-05-27,-185.923
2014-05-28,4322449.158
2014-05-29,-155.686
2014-05-30,-164.726
2014-06-02,-129.721
2014-06-03,-130.952
2014-06-04,4330755.704000001
2014-06-05,-103.755
2014-06-06,-101.903
2014-06-09,-105.036
2014-06-10,-106.527
2014-06-11,4340746.204
2014-06-12,-104.237
2014-06-13,-67.629
2014-06-16,-53.376
2014-06-17,-53.362
2014-06-18,4367995.137
2014-06-19,-95.938
2014-06-20,-109.656
2014-06-23,-120.333
2014-06-24,-107.244
2014-06-25,4368121.083
2014-06-26,-137.105
2014-06-27,-140.898
2014-06-30,-339.481
2014-07-01,-150.572
2014-07-02,4376782.423
2014-07-03,-136.039
2014-07-04,0.0
2014-07-07,-143.02
2014-07-08,-136.387
2014-07-09,4383192.253
2014-07-10,-125.926
2014-07-11,-113.623
2014-07-14,-108.675
2014-07-15,-96.922
2014-07-16,4398035.775
2014-07-17,-94.361
2014-07-18,-113.503
2014-07-21,-113.836
2014-07-22,-127.244
2014-07-23,4410545.1219999995
2014-07-24,-87.923
2014-07-25,-90.379
2014-07-28,-103.848
2014-07-29,-118.021
2014-07-30,4406458.908
2014-07-31,-156.374
2014-08-01,-101.035
2014-08-04,-114.198
2014-08-05,-118.152
2014-08-06,4409915.705
2014-08-07,-128.981
2014-08-08,-127.846
2014-08-11,-128.408
2014-08-12,-130.713
2014-08-13,4431709.312
2014-08-14,-121.978
2014-08-15,-116.783
2014-08-18,-135.842
2014-08-19,-143.128
2014-08-20,4412730.753
2014-08-21,-145.418
2014-08-22,-130.543
2014-08-25,-152.159
2014-08-26,-156.973
2014-08-27,4413515.938
2014-08-28,-157.845
2014-08-29,-172.59
2014-09-01,0.0
2014-09-02,-143.468
2014-09-03,4415393.116
2014-09-04,-160.534
2014-09-05,-160.186
2014-09-08,-180.493
2014-09-09,-168.607
2014-09-10,4421208.62
2014-09-11,-167.4
2014-09-12,-148.338
2014-09-15,-135.916
2014-09-16,-147.752
2014-09-17,4449364.647
2014-09-18,-168.148
2014-09-19,-169.519
2014-09-22,-178.327
2014-09-23,-174.426
2014-09-24,4458772.855
2014-09-25,-158.09
2014-09-26,-172.96
2014-09-29,-194.566
2014-09-30,-300.0
2014-10-01,4449928.282000001
2014-10-02,-179.039
2014-10-03,-184.682
2014-10-06,-185.508
2014-10-07,-184.514
2014-10-08,4455124.007999999
2014-10-09,-167.77
2014-10-10,-161.647
2014-10-13,0.0
2014-10-14,-151.111
2014-10-15,4474158.295
2014-10-16,-115.559
2014-10-17,-122.148
2014-10-20,-137.408
2014-10-21,-124.658
2014-10-22,4481357.062
2014-10-23,-137.137
2014-10-24,-103.501
2014-10-27,-116.857
2014-10-28,-118.038
2014-10-29,4486500.886
2014-10-30,-142.244
2014-10-31,-186.282
2014-11-03,-122.566
2014-11-04,-124.919
2014-11-05,4486350.717999999
2014-11-06,-110.247
2014-11-07,-106.216
2014-11-10,-100.452
2014-11-11,0.0
2014-11-12,4488676.114
2014-11-13,-110.881
2014-11-14,-99.376
2014-11-17,-115.555
2014-11-18,-158.321
2014-11-19,4492496.341999999
2014-11-20,-163.034
2014-11-21,-162.469
2014-11-24,-133.559
2014-11-25,-146.679
2014-11-26,4485702.947
2014-11-27,0.0
2014-11-28,-173.91
2014-12-01,-154.58
2014-12-02,-153.531
2014-12-03,4485936.246
2014-12-04,-142.641
2014-12-05,-145.545
2014-12-08,-104.199
2014-12-09,-94.442
2014-12-10,4488699.586
2014-12-11,-99.829
2014-12-12,-86.425
2014-12-15,-34.587
2014-12-16,-40.717
2014-12-17,4502100.441000001
2014-12-18,-59.473
2014-12-19,-66.423
2014-12-22,-59.159
2014-12-23,-55.574
2014-12-24,4509233.67
2014-12-25,0.0
2014-12-26,-41.492
2014-12-29,-29.172
2014-12-30,-39.621
2014-12-31,4497296.817
2015-01-01,0.0
2015-01-02,-42.186
2015-01-05,-164.177
2015-01-06,-149.885
2015-01-07,4499203.434
2015-01-08,-124.293
2015-01-09,-116.195
2015-01-12,-118.125
2015-01-13,-107.316
2015-01-14,4515823.3319999995
2015-01-15,-96.517
2015-01-16,-135.836
2015-01-19,0.0
2015-01-20,-147.499
2015-01-21,4512598.079
2015-01-22,-168.182
2015-01-23,-129.836
2015-01-26,-132.698
2015-01-27,-136.677
2015-01-28,4499699.255
2015-01-29,-148.784
2015-01-30,-190.842
2015-02-02,-132.913
2015-02-03,-142.006
2015-02-04,4500035.078
2015-02-05,-124.667
2015-02-06,-121.983
2015-02-09,-118.986
2015-02-10,-122.277
2015-02-11,4501399.341
2015-02-12,-113.479
2015-02-13,-92.532
2015-02-16,0.0
2015-02-17,-111.325
2015-02-18,4496574.891
2015-02-19,-133.105
2015-02-20,-157.518
2015-02-23,-152.311
2015-02-24,-124.802
2015-02-25,4486507.136
2015-02-26,-130.583
2015-02-27,-155.001
2015-03-02,-118.208
2015-03-03,-110.872
2015-03-04,4487438.097
2015-03-05,-73.924
2015-03-06,-80.862
2015-03-09,-85.648
2015-03-10,-84.535
2015-03-11,4489155.18
2015-03-12,-132.708
2015-03-13,-98.042
2015-03-16,-112.056
2015-03-17,-106.3
2015-03-18,4495675.890000001
2015-03-19,-83.108
2015-03-20,-91.207
2015-03-23,-99.572
2015-03-24,-60.115
2015-03-25,4480451.704
2015-03-26,-80.866
2015-03-27,-69.638
2015-03-30,-29.522
2015-03-31,-202.235
2015-04-01,4481691.91
2015-04-02,0.0
2015-04-03,0.0
2015-04-06,-119.369
2015-04-07,-125.88
2015-04-08,4483267.351
2015-04-09,-87.069
2015-04-10,-90.933
2015-04-13,-89.878
2015-04-14,-75.874
2015-04-15,4485245.724
2015-04-16,-78.293
2015-04-17,-103.383
2015-04-20,-111.416
2015-04-21,-114.8
2015-04-22,4489430.824
2015-04-23,-113.993
2015-04-24,-73.512
2015-04-27,-82.79
2015-04-28,-87.169
2015-04-29,4471187.074
2015-04-30,-130.464
2015-05-01,-86.212
2015-05-04,-92.311
2015-05-05,-93.162
2015-05-06,4472390.772
2015-05-07,-94.505
2015-05-08,-91.484
2015-05-11,-87.331
2015-05-12,-81.378
2015-05-13,4500879.66
2015-05-14,-61.513
2015-05-15,-76.249
2015-05-18,-135.397
2015-05-19,-131.9
2015-05-20,4480048.014
2015-05-21,-141.963
2015-05-22,-105.844
2015-05-25,0.0
2015-05-26,-111.048
2015-05-27,4463676.595000001
2015-05-28,-135.3
2015-05-29,-160.201
2015-06-01,-115.206
2015-06-02,-105.031
2015-06-03,4465078.817
2015-06-04,-96.429
2015-06-05,-83.637
2015-06-08,-83.323
2015-06-09,-76.043
2015-06-10,4467746.079
2015-06-11,-90.833
2015-06-12,-81.745
2015-06-15,-104.635
2015-06-16,-113.979
2015-06-17,4487498.644
2015-06-18,-151.135
2015-06-19,-158.541
2015-06-22,-171.906
2015-06-23,-181.548
2015-06-24,4494678.86
2015-06-25,-64.918
2015-06-26,-86.539
2015-06-29,-45.063
2015-06-30,-192.602
2015-07-01,4478809.131999999
2015-07-02,-176.063
2015-07-03,0.0
2015-07-06,-169.851
2015-07-07,-159.651
2015-07-08,4480960.934
2015-07-09,-129.671
2015-07-10,-119.629
2015-07-13,-115.323
2015-07-14,-106.218
2015-07-15,4493325.3719999995
2015-07-16,-104.58
2015-07-17,-116.519
2015-07-20,-126.57
2015-07-21,-110.141
2015-07-22,4500195.533
2015-07-23,-112.052
2015-07-24,-79.416
2015-07-27,-85.122
2015-07-28,-81.882
2015-07-29,4485196.746
2015-07-30,-87.405
2015-07-31,-131.978
2015-08-03,-95.005
2015-08-04,-88.841
2015-08-05,4486038.63
2015-08-06,-93.508
2015-08-07,-84.994
2015-08-10,-81.806
2015-08-11,-78.367
2015-08-12,4488989.266
2015-08-13,-77.057
2015-08-14,-64.557
2015-08-17,-66.54
2015-08-18,-88.144
2015-08-19,4486945.756999999
2015-08-20,-93.262
2015-08-21,-92.353
2015-08-24,-73.813
2015-08-25,-73.165
2015-08-26,4474907.7
2015-08-27,-71.312
2015-08-28,-73.547
2015-08-31,-149.694
2015-09-01,-84.778
2015-09-02,4475695.316
2015-09-03,-67.183
2015-09-04,-64.428
2015-09-07,0.0
2015-09-08,-66.694
2015-09-09,4478059.079
2015-09-10,-66.083
2015-09-11,-70.782
2015-09-14,-72.809
2015-09-15,-73.117
2015-09-16,4487609.408
2015-09-17,-106.254
2015-09-18,-131.757
2015-09-21,-134.575
2015-09-22,-139.476
2015-09-23,4497186.191
2015-09-24,-45.671
2015-09-25,-63.966
2015-09-28,-101.855
2015-09-29,-122.86
2015-09-30,4483766.221
2015-10-01,-75.143
2015-10-02,-173.162
2015-10-05,-156.558
2015-10-06,-130.247
2015-10-07,4485986.185
2015-10-08,-121.144
2015-10-09,-109.367
2015-10-12,0.0
2015-10-13,-105.728
2015-10-14,4504547.376999999
2015-10-15,-100.247
2015-10-16,-123.637
2015-10-19,-136.36
2015-10-20,-146.257
2015-10-21,4501160.515
2015-10-22,-152.87
2015-10-23,-125.635
2015-10-26,-134.597
2015-10-27,-150.968
2015-10-28,4489136.584000001
2015-10-29,-172.839
2015-10-30,-225.326
2015-11-02,-132.234
2015-11-03,-117.622
2015-11-04,4489564.799
2015-11-05,-87.664
2015-11-06,-70.435
2015-11-09,-80.894
2015-11-10,-83.13
2015-11-11,4491904.875
2015-11-12,-73.228
2015-11-13,-60.117
2015-11-16,-67.873
2015-11-17,-86.157
2015-11-18,4486466.018
2015-11-19,-120.822
2015-11-20,-122.99
2015-11-23,-147.598
2015-11-24,-95.918
2015-11-25,4476824.357
2015-11-26,0.0
2015-11-27,-81.785
2015-11-30,-139.594
2015-12-01,-88.983
2015-12-02,4477772.06
2015-12-03,-74.766
2015-12-04,-69.292
2015-12-07,-77.805
2015-12-08,-75.817
2015-12-09,4480161.413
2015-12-10,-86.714
2015-12-11,-89.317
2015-12-14,-86.38
2015-12-15,-95.404
2015-12-16,4489294.653
2015-12-17,-105.185
2015-12-18,-143.223
2015-12-21,-160.606
2015-12-22,-185.35
2015-12-23,4496077.061
2015-12-24,-161.879
2015-12-25,0.0
2015-12-28,-177.196
2015-12-29,-222.513
2015-12-30,4486019.086999999
2015-12-31,-474.591
2016-01-01,0.0
2016-01-04,-199.67
2016-01-05,-169.615
2016-01-06,4486146.196
2016-01-07,-116.843
2016-01-08,-99.971
2016-01-11,-97.39
2016-01-12,-86.191
2016-01-13,4501307.601
2016-01-14,-78.422
2016-01-15,-90.534
2016-01-18,0.0
2016-01-19,-90.221
2016-01-20,4488448.055
2016-01-21,-90.44
2016-01-22,-60.316
2016-01-25,-80.17
2016-01-26,-83.819
2016-01-27,4481917.7
2016-01-28,-63.251
2016-01-29,-114.573
2016-02-01,-76.79
2016-02-02,-80.127
2016-02-03,4483081.681
2016-02-04,-55.893
2016-02-05,-50.888
2016-02-08,-39.132
2016-02-09,-44.123
2016-02-10,4485912.722999999
2016-02-11,-44.482
2016-02-12,-35.233
2016-02-15,0.0
2016-02-16,-34.728
2016-02-17,4483310.142
2016-02-18,-71.581
2016-02-19,-59.088
2016-02-22,-54.405
2016-02-23,-64.808
2016-02-24,4489516.984999999
2016-02-25,-43.818
2016-02-26,-56.919
2016-02-29,-94.123
2016-03-01,-38.763
2016-03-02,4478203.2469999995
2016-03-03,-50.384
2016-03-04,-51.368
2016-03-07,-53.724
2016-03-08,-49.332
2016-03-09,4480824.211
2016-03-10,-35.428
2016-03-11,-39.73
2016-03-14,-40.518
2016-03-15,-38.299
2016-03-16,4486048.977
2016-03-17,-34.869
2016-03-18,-67.622
2016-03-21,-55.751
2016-03-22,-68.284
2016-03-23,4492489.969
2016-03-24,0.0
2016-03-25,0.0
2016-03-28,-65.481
2016-03-29,-104.77
2016-03-30,4482428.221
2016-03-31,-303.849
2016-04-01,-89.118
2016-04-04,-65.692
2016-04-05,-44.369
2016-04-06,4483777.222
2016-04-07,-34.065
2016-04-08,-21.618
2016-04-11,-22.151
2016-04-12,-18.711
2016-04-13,4499472.755
2016-04-14,-18.241
2016-04-15,-23.479
2016-04-18,-38.607
2016-04-19,-40.049
2016-04-20,4489830.244
2016-04-21,-36.555
2016-04-22,-19.084
2016-04-25,-24.148
2016-04-26,-29.563
2016-04-27,4474287.402
2016-04-28,-25.526
2016-04-29,-65.558
2016-05-02,-38.947
2016-05-03,-38.536
2016-05-04,4476898.051
2016-05-05,-30.222
2016-05-06,-28.294
2016-05-09,-23.238
2016-05-10,-31.035
2016-05-11,4478064.098
2016-05-12,-34.843
2016-05-13,-17.088
2016-05-16,-20.123
2016-05-17,-21.115
2016-05-18,4473381.741
2016-05-19,-63.293
2016-05-20,-60.342
2016-05-23,-78.109
2016-05-24,-57.676
2016-05-25,4460776.584
2016-05-26,-58.671
2016-05-27,-40.472
2016-05-30,0.0
2016-05-31,-102.627
2016-06-01,4461063.866
2016-06-02,-62.973
2016-06-03,-58.183
2016-06-06,-53.352
2016-06-07,-49.906
2016-06-08,4463264.204
2016-06-09,-41.435
2016-06-10,-40.5
2016-06-13,-46.016
2016-06-14,-34.936
2016-06-15,4472557.43
2016-06-16,-35.1
2016-06-17,-58.606
2016-06-20,-67.757
2016-06-21,-86.546
2016-06-22,4481601.776
2016-06-23,-91.509
2016-06-24,-87.498
2016-06-27,-116.639
2016-06-28,-129.102
2016-06-29,4466001.700999999
2016-06-30,-278.809
2016-07-01,-113.428
2016-07-04,0.0
2016-07-05,-111.242
2016-07-06,4470218.302
2016-07-07,-76.407
2016-07-08,-67.516
2016-07-11,-61.876
2016-07-12,-62.64
2016-07-13,4471837.579
2016-07-14,-30.358
2016-07-15,-41.162
2016-07-18,-80.813
2016-07-19,-82.273
2016-07-20,4480564.482
2016-07-21,-70.517
2016-07-22,-44.897
2016-07-25,-49.132
2016-07-26,-69.799
2016-07-27,4464104.814
2016-07-28,-45.194
2016-07-29,-110.518
2016-08-01,-72.911
2016-08-02,-80.535
2016-08-03,4466426.112
2016-08-04,-50.263
2016-08-05,-56.235
2016-08-08,-60.625
2016-08-09,-66.881
2016-08-10,4468588.994
2016-08-11,-80.145
2016-08-12,-37.278
2016-08-15,-56.95
2016-08-16,-76.397
2016-08-17,4466133.853
2016-08-18,-95.089
2016-08-19,-101.468
2016-08-22,-116.124
2016-08-23,-121.654
2016-08-24,4473490.274
2016-08-25,-72.817
2016-08-26,-76.532
2016-08-29,-79.731
2016-08-30,-101.422
2016-08-31,4457461.437
2016-09-01,-90.607
2016-09-02,-96.194
2016-09-05,0.0
2016-09-06,-92.733
2016-09-07,4459078.766
2016-09-08,-60.729
2016-09-09,-78.784
2016-09-12,-86.056
2016-09-13,-83.109
2016-09-14,4481327.432999999
2016-09-15,-55.994
2016-09-16,-100.761
2016-09-19,-125.636
2016-09-20,-156.685
2016-09-21,4472514.717
2016-09-22,-194.053
2016-09-23,-174.726
2016-09-26,-200.068
2016-09-27,-239.7
2016-09-28,4451378.023
2016-09-29,-271.847
2016-09-30,-412.523
2016-10-03,-320.889
2016-10-04,-306.041
2016-10-05,4458761.276000001
2016-10-06,-237.619
2016-10-07,-226.065
2016-10-10,0.0
2016-10-11,-201.546
2016-10-12,4457153.144
2016-10-13,-180.971
2016-10-14,-133.359
2016-10-17,-124.407
2016-10-18,-174.966
2016-10-19,4466798.2020000005
2016-10-20,-172.312
2016-10-21,-181.285
2016-10-24,-142.574
2016-10-25,-132.403
2016-10-26,4453754.908
2016-10-27,-135.113
2016-10-28,-129.983
2016-10-31,-214.798
2016-11-01,-171.89
2016-11-02,4452493.103
2016-11-03,-148.543
2016-11-04,-136.483
2016-11-07,-128.671
2016-11-08,-127.33
2016-11-09,4454579.79
2016-11-10,-99.936
2016-11-11,0.0
2016-11-14,-81.448
2016-11-15,-102.247
2016-11-16,4453116.331
2016-11-17,-92.397
2016-11-18,-116.091
2016-11-21,-135.387
2016-11-22,-128.222
2016-11-23,4465262.964
2016-11-24,0.0
2016-11-25,-121.165
2016-11-28,-146.903
2016-11-29,-138.401
2016-11-30,4445689.115999999
2016-12-01,-159.215
2016-12-02,-167.881
2016-12-05,-168.369
2016-12-06,-185.55
2016-12-07,4448088.833
2016-12-08,-186.313
2016-12-09,-185.799
2016-12-12,-189.33
2016-12-13,-238.46
2016-12-14,4470478.912
2016-12-15,-199.654
2016-12-16,-213.706
2016-12-19,-237.525
2016-12-20,-277.354
2016-12-21,4468393.026
2016-12-22,-312.338
2016-12-23,-280.643
2016-12-26,0.0
2016-12-27,-294.061
2016-12-28,4450746.409000001
2016-12-29,-346.472
2016-12-30,-468.355
2017-01-02,0.0
2017-01-03,-287.236
2017-01-04,4452446.543
2017-01-05,-233.43
2017-01-06,-209.205
2017-01-09,-191.97
2017-01-10,-180.715
2017-01-11,4451977.688
2017-01-12,-141.218
2017-01-13,-88.201
2017-01-16,0.0
2017-01-17,-96.798
2017-01-18,4460261.792
2017-01-19,-138.637
2017-01-20,-148.785
2017-01-23,-156.316
2017-01-24,-110.193
2017-01-25,4452338.7979999995
2017-01-26,-94.67
2017-01-27,-108.772
2017-01-30,-101.514
2017-01-31,-180.162
2017-02-01,4453372.429
2017-02-02,-111.12
2017-02-03,-117.361
2017-02-06,-125.66
2017-02-07,-131.659
2017-02-08,4455807.330999999
2017-02-09,-83.894
2017-02-10,-74.169
2017-02-13,-98.103
2017-02-14,-87.998
2017-02-15,4454260.958000001
2017-02-16,-104.978
2017-02-17,-147.243
2017-02-20,0.0
2017-02-21,-163.259
2017-02-22,4468265.875
2017-02-23,-187.176
2017-02-24,-160.882
2017-02-27,-153.382
2017-02-28,-204.651
2017-03-01,4457686.494
2017-03-02,-168.142
2017-03-03,-193.272
2017-03-06,-205.21
2017-03-07,-208.765
2017-03-08,4459539.656
2017-03-09,-217.831
2017-03-10,-233.046
2017-03-13,-232.962
2017-03-14,-200.798
2017-03-15,4469311.911
2017-03-16,-209.114
2017-03-17,-240.669
2017-03-20,-235.827
2017-03-21,-237.331
2017-03-22,4477914.16
2017-03-23,-231.463
2017-03-24,-200.237
2017-03-27,-215.473
2017-03-28,-224.475
2017-03-29,4469292.456
2017-03-30,-224.134
2017-03-31,-346.853
2017-04-03,-233.582
2017-04-04,-207.711
2017-04-05,4474370.146
2017-04-06,-117.337
2017-04-07,-117.774
2017-04-10,-120.504
2017-04-11,-114.753
2017-04-12,4484264.254
2017-04-13,0.0
2017-04-14,0.0
2017-04-17,-64.37
2017-04-18,-109.402
2017-04-19,4478988.890000001
2017-04-20,-128.726
2017-04-21,-136.521
2017-04-24,-118.667
2017-04-25,-116.956
2017-04-26,4469785.458000001
2017-04-27,-127.826
2017-04-28,-181.976
2017-05-01,-162.198
2017-05-02,-183.851
2017-05-03,4470814.677999999
2017-05-04,-152.793
2017-05-05,-156.789
2017-05-08,-162.58
2017-05-09,-167.302
2017-05-10,4473072.717999999
2017-05-11,-161.232
2017-05-12,-167.696
2017-05-15,-144.99
2017-05-16,-157.693
2017-05-17,4466754.762
2017-05-18,-185.287
2017-05-19,-182.273
2017-05-22,-185.031
2017-05-23,-198.865
2017-05-24,4470499.8889999995
2017-05-25,-153.451
2017-05-26,-168.041
2017-05-29,0.0
2017-05-30,-182.065
2017-05-31,4459486.84
2017-06-01,-163.755
2017-06-02,-170.496
2017-06-05,-164.208
2017-06-06,-160.949
2017-06-07,4462125.418
2017-06-08,-151.582
2017-06-09,-155.344
2017-06-12,-152.198
2017-06-13,-172.973
2017-06-14,4475952.298
2017-06-15,-131.378
2017-06-16,-158.566
2017-06-19,-166.745
2017-06-20,-192.347
2017-06-21,4473845.955999999
2017-06-22,-195.144
2017-06-23,-201.475
2017-06-26,-185.227
2017-06-27,-212.664
2017-06-28,4462874.936
2017-06-29,-269.565
2017-06-30,-398.875
2017-07-03,-255.693
2017-07-04,0.0
2017-07-05,4466854.965
2017-07-06,-189.992
2017-07-07,-189.214
2017-07-10,-189.721
2017-07-11,-173.774
2017-07-12,4466351.795
2017-07-13,-162.379
2017-07-14,-136.231
2017-07-17,-122.436
2017-07-18,-157.322
2017-07-19,4476577.869
2017-07-20,-126.676
2017-07-21,-122.712
2017-07-24,-95.123
2017-07-25,-74.54
2017-07-26,4464989.285
2017-07-27,-95.636
2017-07-28,-108.479
2017-07-31,-204.622
2017-08-01,-98.069
2017-08-02,4466546.318
2017-08-03,-87.844
2017-08-04,-93.778
2017-08-07,-104.061
2017-08-08,-103.612
2017-08-09,4468829.188
2017-08-10,-90.273
2017-08-11,-95.534
2017-08-14,-74.682
2017-08-15,-71.382
2017-08-16,4462647.206
2017-08-17,-78.582
2017-08-18,-129.105
2017-08-21,-144.1
2017-08-22,-166.094
2017-08-23,4463585.130000001
2017-08-24,-130.879
2017-08-25,-122.167
2017-08-28,-121.947
2017-08-29,-127.243
2017-08-30,4452152.857
2017-08-31,-213.486
2017-09-01,-124.952
2017-09-04,0.0
2017-09-05,-136.131
2017-09-06,4453291.309
2017-09-07,-126.607
2017-09-08,-113.842
2017-09-11,-115.972
2017-09-12,-127.019
2017-09-13,4470978.100000001
2017-09-14,-97.564
2017-09-15,-109.645
2017-09-18,-138.909
2017-09-19,-156.728
2017-09-20,4458280.193
2017-09-21,-152.866
2017-09-22,-157.33
2017-09-25,-158.503
2017-09-26,-173.715
2017-09-27,4455276.265000001
2017-09-28,-208.936
2017-09-29,-316.09
2017-10-02,-190.377
2017-10-03,-181.605
2017-10-04,4460082.829
2017-10-05,-132.827
2017-10-06,-119.529
2017-10-09,0.0
2017-10-10,-121.913
2017-10-11,4459115.4290000005
2017-10-12,-102.807
2017-10-13,-99.961
2017-10-16,-78.531
2017-10-17,-91.188
2017-10-18,4469422.568999999
2017-10-19,-102.612
2017-10-20,-102.488
2017-10-23,-110.26
2017-10-24,-97.202
2017-10-25,4460808.611
2017-10-26,-98.412
2017-10-27,-105.903
2017-10-30,-102.147
2017-10-31,-173.605
2017-11-01,4455606.289
2017-11-02,-58.758
2017-11-03,-60.915
2017-11-06,-70.365
2017-11-07,-58.971
2017-11-08,4458299.674
2017-11-09,-46.378
2017-11-10,-39.671
2017-11-13,-35.243
2017-11-14,-32.219
2017-11-15,4448079.331
2017-11-16,-20.709
2017-11-17,-38.838
2017-11-20,-34.576
2017-11-21,-42.899
2017-11-22,4450399.7870000005
2017-11-23,0.0
2017-11-24,-40.488
2017-11-27,-39.381
2017-11-28,-50.834
2017-11-29,4438352.699
2017-11-30,-102.719
2017-12-01,-59.03
2017-12-04,-72.389
2017-12-05,-68.297
2017-12-06,4436944.046
2017-12-07,-63.552
2017-12-08,-82.714
2017-12-11,-107.473
2017-12-12,-119.09
2017-12-13,4452506.4
2017-12-14,-107.679
2017-12-15,-80.206
2017-12-18,-117.276
2017-12-19,-112.628
2017-12-20,4447186.806
2017-12-21,-116.978
2017-12-22,-113.852
2017-12-25,0.0
2017-12-26,-119.456
2017-12-27,4448341.968
2017-12-28,-158.478
2017-12-29,-319.595
2018-01-01,0.0
2018-01-02,-136.967
2018-01-03,4443374.812
2018-01-04,-76.624
2018-01-05,-63.804
2018-01-08,-63.531
2018-01-09,-56.468
2018-01-10,4445797.831
2018-01-11,-33.597
2018-01-12,-21.59
2018-01-15,0.0
2018-01-16,-22.003
2018-01-17,4438896.787
2018-01-18,-22.804
2018-01-19,-22.196
2018-01-22,-28.706
2018-01-23,-31.791
2018-01-24,4441011.511
2018-01-25,-19.891
2018-01-26,-21.427
2018-01-29,-23.98
2018-01-30,-31.766
2018-01-31,4418888.959
2018-02-01,-31.825
2018-02-02,-43.931
2018-02-05,-59.008
2018-02-06,-49.214
2018-02-07,4420492.944
2018-02-08,-33.272
2018-02-09,-36.567
2018-02-12,-30.631
2018-02-13,-43.137
2018-02-14,4434626.801
2018-02-15,-29.08
2018-02-16,-29.615
2018-02-19,0.0
2018-02-20,-32.495
2018-02-21,4411400.152
2018-02-22,-36.32
2018-02-23,-15.875
2018-02-26,-9.36
2018-02-27,-19.729
2018-02-28,4393153.87
2018-03-01,-14.334
2018-03-02,-15.642
2018-03-05,-15.23
2018-03-06,-11.205
2018-03-07,4395887.634
2018-03-08,-6.963
2018-03-09,-3.247
2018-03-12,-1.77
2018-03-13,-2.145
2018-03-14,4407003.101000001
2018-03-15,-3.746
2018-03-16,-10.28
2018-03-19,-7.82
2018-03-20,-11.95
2018-03-21,4400884.96
2018-03-22,-11.592
2018-03-23,-10.45
2018-03-26,-5.921
2018-03-27,-9.62
2018-03-28,4391861.244
2018-03-29,0.0
2018-03-30,0.0
2018-04-02,-3.823
2018-04-03,-8.695
2018-04-04,4385795.5139999995
2018-04-05,-4.645
2018-04-06,-4.895
2018-04-09,-4.07
2018-04-10,-3.99
2018-04-11,4383387.556000001
2018-04-12,-4.12
2018-04-13,-3.471
2018-04-16,-3.372
2018-04-17,-3.971
2018-04-18,4385613.733
2018-04-19,-13.92
2018-04-20,-12.02
2018-04-23,-10.821
2018-04-24,-9.532
2018-04-25,4372522.830999999
2018-04-26,-3.795
2018-04-27,-2.92
2018-04-30,-13.83
2018-05-01,-3.82
2018-05-02,4355722.496
2018-05-03,-5.775
2018-05-04,-5.415
2018-05-07,-3.22
2018-05-08,-3.921
2018-05-09,4357850.539
2018-05-10,-4.645
2018-05-11,-3.222
2018-05-14,-3.859
2018-05-15,-2.095
2018-05-16,4337269.197
2018-05-17,-1.896
2018-05-18,-9.12
2018-05-21,-5.404
2018-05-22,-3.951
2018-05-23,4336971.626
2018-05-24,-6.62
2018-05-25,-0.02
2018-05-28,0.0
2018-05-29,-0.88
2018-05-30,4327189.729
2018-05-31,-21.475
2018-06-01,-12.546
2018-06-04,-11.166
2018-06-05,-6.635
2018-06-06,4318880.159
2018-06-07,-5.771
2018-06-08,-2.771
2018-06-11,-4.836
2018-06-12,-1.308
2018-06-13,4324621.787
2018-06-14,-2.935
2018-06-15,-0.27
2018-06-18,-0.37
2018-06-19,-0.195
2018-06-20,4315542.903
2018-06-21,-1.37
2018-06-22,-1.43
2018-06-25,-12.73
2018-06-26,-10.385
2018-06-27,4305096.38
2018-06-28,-20.419
2018-06-29,-96.97
2018-07-02,-32.139
2018-07-03,-4.852
2018-07-04,4289427.974
2018-07-05,-8.205
2018-07-06,-4.195
2018-07-09,-3.596
2018-07-10,-1.955
2018-07-11,4290873.294
2018-07-12,-2.455
2018-07-13,-0.871
2018-07-16,-0.87
2018-07-17,-1.22
2018-07-18,4291284.522
2018-07-19,-3.62
2018-07-20,-1.17
2018-07-23,-2.27
2018-07-24,-4.895
2018-07-25,4277331.394
2018-07-26,-1.571
2018-07-27,-1.47
2018-07-30,-1.995
2018-07-31,-9.045
2018-08-01,4255300.682
2018-08-02,-1.817
2018-08-03,-1.673
2018-08-06,-2.095
2018-08-07,-2.337
2018-08-08,4257701.87
2018-08-09,-1.745
2018-08-10,-2.47
2018-08-13,-1.383
2018-08-14,-0.685
2018-08-15,4228580.886
2018-08-16,-0.532
2018-08-17,-4.016
2018-08-20,-1.646
2018-08-21,-1.466
2018-08-22,4228468.481
2018-08-23,-2.416
2018-08-24,-4.665
2018-08-27,-0.996
2018-08-28,-1.415
2018-08-29,4218570.617000001
2018-08-30,-0.985
2018-08-31,-0.39
2018-09-03,0.0
2018-09-04,-0.595
2018-09-05,4208172.226
2018-09-06,-0.815
2018-09-07,-0.015
2018-09-10,-0.015
2018-09-11,-1.241
2018-09-12,4210507.0309999995
2018-09-13,-1.791
2018-09-14,-1.315
2018-09-17,-0.715
2018-09-18,-10.115
2018-09-19,4207714.207
2018-09-20,-17.868
2018-09-21,-17.465
2018-09-24,-9.34
2018-09-25,-3.44
2018-09-26,4192533.344
2018-09-27,-30.056
2018-09-28,-48.43
2018-10-01,-4.185
2018-10-02,-3.295
2018-10-03,4174333.039
2018-10-04,-3.265
2018-10-05,-1.565
2018-10-08,0.0
2018-10-09,-2.39
2018-10-10,4176578.889
2018-10-11,-2.016
2018-10-12,-0.96
2018-10-15,-0.366
2018-10-16,-0.466
2018-10-17,4175112.903
2018-10-18,-10.29
2018-10-19,-3.916
2018-10-22,-3.189
2018-10-23,-4.466
2018-10-24,4172693.98
2018-10-25,-1.944
2018-10-26,-2.004
2018-10-29,-1.748
2018-10-30,-0.715
2018-10-31,4139352.8170000003
2018-11-01,-4.64
2018-11-02,-1.51
2018-11-05,-1.465
2018-11-06,-2.54
2018-11-07,4141614.141
2018-11-08,-1.166
2018-11-09,-0.401
2018-11-12,0.0
2018-11-13,-1.065
2018-11-14,4145550.246
2018-11-15,-0.494
2018-11-16,-18.565
2018-11-19,-16.295
2018-11-20,-15.235
2018-11-21,4105851.593
2018-11-22,0.0
2018-11-23,-13.105
2018-11-26,-0.615
2018-11-27,-0.44
2018-11-28,4096827.94
2018-11-29,-1.814
2018-11-30,-2.49
2018-12-03,-2.21
2018-12-04,0.0
2018-12-05,4085706.436
2018-12-06,-3.36
2018-12-07,-5.635
2018-12-10,-1.424
2018-12-11,-0.352
2018-12-12,4087978.5719999997
2018-12-13,-0.415
2018-12-14,-0.315
2018-12-17,-0.415
2018-12-18,-6.216
2018-12-19,4083917.304
2018-12-20,-9.521
2018-12-21,-8.805
2018-12-24,-7.96
2018-12-25,0.0
2018-12-26,4075260.91
2018-12-27,-3.1
2018-12-28,-3.21
2018-12-31,-41.848
2019-01-01,0.0
2019-01-02,4057978.617
2019-01-03,-7.198
2019-01-04,-2.86
2019-01-07,-2.786
2019-01-08,-2.811
2019-01-09,4056203.765
2019-01-10,-2.216
2019-01-11,-2.016
2019-01-14,-1.205
2019-01-15,-2.016
2019-01-16,4049691.5039999997
2019-01-17,-2.065
2019-01-18,-13.165
2019-01-21,0.0
2019-01-22,-10.465
2019-01-23,4046650.959
2019-01-24,-15.06
2019-01-25,-1.515
2019-01-28,-1.265
2019-01-29,-1.84
2019-01-30,4039273.7339999997
2019-01-31,-1.051
2019-02-01,-0.665
2019-02-04,-4.515
2019-02-05,-1.686
2019-02-06,4025995.699
2019-02-07,-2.32
2019-02-08,-2.016
2019-02-11,-2.006
2019-02-12,-1.658
2019-02-13,4028070.1939999997
2019-02-14,-1.341
2019-02-15,-5.271
2019-02-18,0.0
2019-02-19,-1.967
2019-02-20,3981083.829
2019-02-21,-1.725
2019-02-22,-6.665
2019-02-25,-1.375
2019-02-26,-1.815
2019-02-27,3974277.511
2019-02-28,-3.415
2019-03-01,-2.015
2019-03-04,-2.917
2019-03-05,-3.119
2019-03-06,3968911.84
2019-03-07,-0.717
2019-03-08,-0.015
2019-03-11,-0.019
2019-03-12,-0.027
2019-03-13,3971313.012
2019-03-14,-0.019
2019-03-15,-0.015
2019-03-18,-3.169
2019-03-19,-2.515
2019-03-20,3962443.76
2019-03-21,-0.411
2019-03-22,-5.016
2019-03-25,-0.129
2019-03-26,-0.566
2019-03-27,3955305.966
2019-03-28,-0.515
2019-03-29,-0.731
2019-04-01,-0.011
2019-04-02,-0.019
2019-04-03,3935198.796
2019-04-04,-0.615
2019-04-05,-0.015
2019-04-08,-0.284
2019-04-09,-0.41
2019-04-10,3936518.652
2019-04-11,-0.122
2019-04-12,-0.016
2019-04-15,-0.018
2019-04-16,-0.7
2019-04-17,3931541.721
2019-04-18,0.0
2019-04-19,0.0
2019-04-22,-1.117
2019-04-23,-5.69
2019-04-24,3927884.883
2019-04-25,-0.61
2019-04-26,-0.915
2019-04-29,-0.615
2019-04-30,-0.015
2019-05-01,3889290.475
2019-05-02,-0.023
2019-05-03,-0.01
2019-05-06,-0.067
2019-05-07,-0.961
2019-05-08,3891867.622
2019-05-09,-0.516
2019-05-10,-0.271
2019-05-13,-0.111
2019-05-14,-1.37
2019-05-15,3864424.754
2019-05-16,-1.75
2019-05-17,-9.7
2019-05-20,-8.105
2019-05-21,-3.705
2019-05-22,3860148.385
2019-05-23,-4.93
2019-05-24,-5.956
2019-05-27,0.0
2019-05-28,-1.52
2019-05-29,3851193.9970000004
2019-05-30,-1.026
2019-05-31,-0.855
2019-06-03,-1.255
2019-06-04,-1.891
2019-06-05,3847419.1070000003
2019-06-06,-2.21
2019-06-07,-1.91
2019-06-10,-2.105
2019-06-11,-1.007
2019-06-12,3849765.735
2019-06-13,-1.655
2019-06-14,-1.657
2019-06-17,-2.269
2019-06-18,-18.006
2019-06-19,3843795.245
2019-06-20,-27.43
2019-06-21,-21.355
2019-06-24,-11.156
2019-06-25,-6.4
2019-06-26,3826560.914
2019-06-27,-16.794
2019-06-28,-44.307
2019-07-01,-15.837
2019-07-02,-8.16
2019-07-03,3812945.845
2019-07-04,0.0
2019-07-05,-6.155
2019-07-08,-6.5
2019-07-09,-6.576
2019-07-10,3814820.633
2019-07-11,-4.95
2019-07-12,-5.15
2019-07-15,-5.557
2019-07-16,-3.007
2019-07-17,3807911.035
2019-07-18,-16.662
2019-07-19,-14.255
2019-07-22,-14.16
2019-07-23,-14.755
2019-07-24,3803234.383
2019-07-25,-3.355
2019-07-26,-3.25
2019-07-29,-3.928
2019-07-30,-2.306
2019-07-31,3778930.87
2019-08-01,-6.044
2019-08-02,-3.335
2019-08-05,-3.474
2019-08-06,-3.41
2019-08-07,3781407.674
2019-08-08,-3.056
2019-08-09,-2.72
2019-08-12,-5.43
2019-08-13,-5.001
2019-08-14,3785885.299
2019-08-15,-3.51
2019-08-16,-11.843
2019-08-19,-13.403
2019-08-20,-15.98
2019-08-21,3764725.122
2019-08-22,-14.611
2019-08-23,-9.046
2019-08-26,-3.676
2019-08-27,-1.555
2019-08-28,3759795.788
2019-08-29,-0.102
2019-08-30,-12.089
2019-09-02,0.0
2019-09-03,-1.754
2019-09-04,3761357.835
2019-09-05,-1.075
2019-09-06,-0.88
2019-09-09,-2.787
2019-09-10,-3.608
2019-09-11,3769484.0459999996
2019-09-12,-3.469
2019-09-13,-2.675
2019-09-16,-2.202
2019-09-17,-1.825
2019-09-18,3844425.864
2019-09-19,-5.004
2019-09-20,-7.552
2019-09-23,-7.485
2019-09-24,-0.101
2019-09-25,3857400.6780000003
2019-09-26,-5.18
2019-09-27,-5.33
2019-09-30,-7.057
2019-10-01,-2.706
2019-10-02,3945492.775
2019-10-03,-3.297
2019-10-04,-5.325
2019-10-07,-5.65
2019-10-08,-3.976
2019-10-09,3949635.34
2019-10-10,-1.1
2019-10-11,-2.95
2019-10-14,0.0
2019-10-15,-1.726
2019-10-16,3966144.5930000003
2019-10-17,-1.001
2019-10-18,-20.1
2019-10-21,-18.758
2019-10-22,-20.7
2019-10-23,3968303.725
2019-10-24,-0.425
2019-10-25,-0.005
2019-10-28,-0.036
2019-10-29,-0.081
2019-10-30,4019432.932
2019-10-31,-2.851
2019-11-01,-2.1
2019-11-04,-3.085
2019-11-05,-1.836
2019-11-06,4039064.321
2019-11-07,-1.055
2019-11-08,-0.805
2019-11-11,0.0
2019-11-12,-1.301
2019-11-13,4047498.283
2019-11-14,-1.867
2019-11-15,-0.002
2019-11-18,-27.055
2019-11-19,-26.726
2019-11-20,4029854.161
2019-11-21,-25.719
2019-11-22,-0.375
2019-11-25,0.0
2019-11-26,-2.205
2019-11-27,4052513.553
2019-11-28,0.0
2019-11-29,-0.75
2019-12-02,-0.015
2019-12-03,-0.151
2019-12-04,4065349.029
2019-12-05,-0.001
2019-12-06,-1.0
2019-12-09,-0.115
2019-12-10,-0.001
2019-12-11,4095163.53
2019-12-12,-0.6
2019-12-13,0.0
2019-12-16,-1.328
2019-12-17,-0.826
2019-12-18,4136706.0459999996
2019-12-19,-8.936
2019-12-20,-13.051
2019-12-23,-7.652
2019-12-24,-4.423
2019-12-25,4165223.18
2019-12-26,-3.192
2019-12-27,-0.825
2019-12-30,-6.525
2019-12-31,-64.087
2020-01-01,4173243.447
2020-01-02,-3.1
2020-01-03,-4.251
2020-01-06,-3.825
2020-01-07,-1.602
2020-01-08,4149176.122
2020-01-09,-0.401
2020-01-10,-0.627
2020-01-13,-1.0
2020-01-14,-0.656
2020-01-15,4175498.338
2020-01-16,-0.3
2020-01-17,-16.15
2020-01-20,0.0
2020-01-21,-13.381
2020-01-22,4145492.455
2020-01-23,-12.904
2020-01-24,0.0
2020-01-27,-0.002
2020-01-28,-0.002
2020-01-29,4151197.639
2020-01-30,-4.14
2020-01-31,-4.5
2020-02-03,-6.16
2020-02-04,-2.112
2020-02-05,4166289.5659999996
2020-02-06,-0.403
2020-02-07,-1.1
2020-02-10,-0.83
2020-02-11,-0.228
2020-02-12,4182277.454
2020-02-13,-0.45
2020-02-14,0.0
2020-02-17,0.0
2020-02-18,-9.454
2020-02-19,4171141.0999999996
2020-02-20,-3.6
2020-02-21,-4.532
2020-02-24,-0.592
2020-02-25,-0.111
2020-02-26,4158195.335
2020-02-27,-0.275
2020-02-28,-2.187
2020-03-02,-2.525
2020-03-03,-0.627
2020-03-04,4241127.46
2020-03-05,-0.85
2020-03-06,-2.93
2020-03-09,-2.504
2020-03-10,-0.151
2020-03-11,4311529.119
2020-03-12,-21.05
2020-03-13,-15.1
2020-03-16,-1.425
2020-03-17,-5.7
2020-03-18,4667848.947
2020-03-19,-1.195
2020-03-20,-12.203
2020-03-23,-26.944
2020-03-24,-41.516
2020-03-25,5253790.336999999
2020-03-26,-138.48
2020-03-27,-210.794
2020-03-30,-237.497
2020-03-31,-284.908
2020-04-01,5810969.905
2020-04-02,-182.627
2020-04-03,-148.117
2020-04-06,-144.294
2020-04-07,-88.36
2020-04-08,6082388.939
2020-04-09,0.0
2020-04-10,0.0
2020-04-13,-6.1
2020-04-14,-9.9
2020-04-15,6366994.034999999
2020-04-16,-1.525
2020-04-17,-1.726
2020-04-20,-31.0
2020-04-21,-12.528
2020-04-22,6572223.844
2020-04-23,-1.45
2020-04-24,-1.5
2020-04-27,-16.476
2020-04-28,-7.131
2020-04-29,6654930.043
2020-04-30,-1.775
2020-05-01,-0.251
2020-05-04,-4.85
2020-05-05,-1.925
2020-05-06,6720291.335
2020-05-07,-0.982
2020-05-08,-0.68
2020-05-11,-0.123
2020-05-12,-0.825
2020-05-13,6933035.681
2020-05-14,-0.133
2020-05-15,-1.15
2020-05-18,-0.578
2020-05-19,-0.09
2020-05-20,7036053.864
2020-05-21,-0.003
2020-05-22,-0.001
2020-05-25,0.0
2020-05-26,-0.001
2020-05-27,7096001.182999999
2020-05-28,0.0
2020-05-29,-1.325
2020-06-01,0.0
2020-06-02,-2.013
2020-06-03,7163782.164
2020-06-04,0.0
2020-06-05,0.0
2020-06-08,0.0
2020-06-09,-1.252
2020-06-10,7167429.43
2020-06-11,-0.375
2020-06-12,0.0
2020-06-15,-0.003
2020-06-16,-4.0
2020-06-17,7093129.149
2020-06-18,-0.001
2020-06-19,-0.001
2020-06-22,-0.01
2020-06-23,-0.011
2020-06-24,7080678.057
2020-06-25,-0.001
2020-06-26,-0.2
2020-06-29,-0.25
2020-06-30,-0.95
2020-07-01,7007382.378
2020-07-02,0.0
2020-07-03,0.0
2020-07-06,0.0
2020-07-07,-0.003
2020-07-08,6919062.901
2020-07-09,0.0
2020-07-10,0.0
2020-07-13,-0.001
2020-07-14,-0.001
2020-07-15,6956948.679
2020-07-16,-0.001
2020-07-17,0.0
2020-07-20,-0.003
2020-07-21,0.0
2020-07-22,6962950.056
2020-07-23,0.0
2020-07-24,0.0
2020-07-27,0.0
2020-07-28,0.0
2020-07-29,6947215.312
2020-07-30,-0.307
2020-07-31,-0.15
2020-08-03,0.0
2020-08-04,-0.005
2020-08-05,6943491.772
2020-08-06,0.0
2020-08-07,0.0
2020-08-10,-0.008
2020-08-11,0.0
2020-08-12,6955607.164
2020-08-13,-0.126
2020-08-14,-0.001
2020-08-17,-0.054
2020-08-18,-0.002
2020-08-19,7008993.383
2020-08-20,-0.15
2020-08-21,0.0
2020-08-24,0.0
2020-08-25,-0.012
2020-08-26,6988795.301
2020-08-27,-0.002
2020-08-28,0.0
2020-08-31,-0.011
2020-09-01,-0.008
2020-09-02,7015852.827
2020-09-03,0.0
2020-09-04,0.0
2020-09-07,0.0
2020-09-08,0.0
2020-09-09,7009002.916
2020-09-10,-0.01
2020-09-11,0.0
2020-09-14,-0.001
2020-09-15,-0.002
2020-09-16,7062860.09
2020-09-17,-0.001
2020-09-18,0.0
2020-09-21,-0.054
2020-09-22,0.0
2020-09-23,7091480.311
2020-09-24,-0.004
2020-09-25,0.0
2020-09-28,0.0
2020-09-29,-1.301
2020-09-30,7054448.998000001
2020-10-01,-0.001
2020-10-02,0.0
2020-10-05,0.0
2020-10-06,0.0
2020-10-07,7072951.915
2020-10-08,-0.212
2020-10-09,0.0
2020-10-12,0.0
2020-10-13,0.0
2020-10-14,7149745.002
2020-10-15,-0.001
2020-10-16,-0.002
2020-10-19,-0.004
2020-10-20,-0.007
2020-10-21,7175540.208
2020-10-22,-0.001
2020-10-23,0.0
2020-10-26,-0.001
2020-10-27,0.0
2020-10-28,7144625.062
2020-10-29,-0.014
2020-10-30,-0.001
2020-11-02,0.0
2020-11-03,0.0
2020-11-04,7155857.654
2020-11-05,0.0
2020-11-06,0.0
2020-11-09,0.0
2020-11-10,0.0
2020-11-11,7173816.163
2020-11-12,0.0
2020-11-13,-0.003
2020-11-16,-0.013
2020-11-17,0.0
2020-11-18,7241523.108
2020-11-19,-2.0
2020-11-20,0.0
2020-11-23,-0.485
2020-11-24,-0.001
2020-11-25,7214962.785
2020-11-26,0.0
2020-11-27,0.0
2020-11-30,-0.006
2020-12-01,-0.002
2020-12-02,7220882.9459999995
2020-12-03,0.0
2020-12-04,0.0
2020-12-07,-0.001
2020-12-08,-0.001
2020-12-09,7241123.754000001
2020-12-10,-0.001
2020-12-11,0.0
2020-12-14,-0.1
2020-12-15,-0.001
2020-12-16,7361062.276000001
2020-12-17,-0.014
2020-12-18,-0.032
2020-12-21,-0.435
2020-12-22,-0.406
2020-12-23,7402435.7360000005
2020-12-24,-0.01
2020-12-25,0.0
2020-12-28,-0.901
2020-12-29,-0.257
2020-12-30,7361759.2930000005
2020-12-31,-9.651
2021-01-01,0.0
2021-01-04,-0.001
2021-01-05,-0.005
2021-01-06,7333139.669000001
2021-01-07,-0.001
2021-01-08,0.0
2021-01-11,0.0
2021-01-12,0.0
2021-01-13,7332378.579
2021-01-14,-0.6
2021-01-15,0.0
2021-01-18,0.0
2021-01-19,-0.004
2021-01-20,7413313.288
2021-01-21,-1.201
2021-01-22,0.0
2021-01-25,-2.2
2021-01-26,-1.631
2021-01-27,7403291.308
2021-01-28,-2.655
2021-01-29,-7.1
2021-02-01,-0.012
2021-02-02,-0.011
2021-02-03,7408972.4969999995
2021-02-04,-0.5
2021-02-05,-0.01
2021-02-08,-0.002
2021-02-09,-0.001
2021-02-10,7440616.094
2021-02-11,-0.108
2021-02-12,-0.001
2021-02-15,0.0
2021-02-16,-0.004
2021-02-17,7555834.909
2021-02-18,0.0
2021-02-19,-0.002
2021-02-22,-1.1
2021-02-23,-0.435
2021-02-24,7588581.022
2021-02-25,-9.976
2021-02-26,-11.2
2021-03-01,0.0
2021-03-02,-0.005
2021-03-03,7556093.944
2021-03-04,-2.1
2021-03-05,-1.0
2021-03-08,-0.025
2021-03-09,0.0
2021-03-10,7578540.836
2021-03-11,-11.051
2021-03-12,-6.8
2021-03-15,-0.003
2021-03-16,-0.702
2021-03-17,7692233.417
2021-03-18,-26.57
2021-03-19,-18.908
2021-03-22,-22.242
2021-03-23,-19.526
2021-03-24,7718538.96
2021-03-25,-10.1
2021-03-26,-11.45
2021-03-29,-40.354
2021-03-30,-104.725
2021-03-31,7687827.966
2021-04-01,0.0
2021-04-02,0.0
2021-04-05,-3.45
2021-04-06,-18.951
2021-04-07,7707836.862
2021-04-08,-27.64
2021-04-09,-31.265
2021-04-12,-30.221
2021-04-13,-37.543
2021-04-14,7792128.050000001
2021-04-15,-28.626
2021-04-16,-39.94
2021-04-19,-53.798
2021-04-20,-67.747
2021-04-21,7819850.769
2021-04-22,-102.644
2021-04-23,-73.794
2021-04-26,-100.916
2021-04-27,-142.172
2021-04-28,7779827.579
2021-04-29,-173.469
2021-04-30,-183.234
2021-05-03,-129.724
2021-05-04,-147.806
2021-05-05,7809369.511
2021-05-06,-154.921
2021-05-07,-161.856
2021-05-10,-175.548
2021-05-11,-181.753
2021-05-12,7829554.964
2021-05-13,-235.217
2021-05-14,-241.185
2021-05-17,-208.96
2021-05-18,-243.47
2021-05-19,7921722.883
2021-05-20,-351.121
2021-05-21,-369.046
2021-05-24,-394.941
2021-05-25,-432.955
2021-05-26,7902278.244
2021-05-27,-485.329
2021-05-28,-479.498
2021-05-31,0.0
2021-06-01,-447.985
2021-06-02,7934480.987
2021-06-03,-479.102
2021-06-04,-483.349
2021-06-07,-486.097
2021-06-08,-497.428
2021-06-09,7951093.861
2021-06-10,-534.943
2021-06-11,-547.808
2021-06-14,-583.892
2021-06-15,-509.559
2021-06-16,8063082.169
2021-06-17,-755.8
2021-06-18,-747.121
2021-06-21,-765.141
2021-06-22,-791.605
2021-06-23,8100396.660999999
2021-06-24,-813.048
2021-06-25,-770.83
2021-06-28,-803.019
2021-06-29,-841.246
2021-06-30,8076806.098999999
2021-07-01,-742.647
2021-07-02,-731.504
2021-07-05,0.0
2021-07-06,-772.581
2021-07-07,8096233.916
2021-07-08,-793.399
2021-07-09,-780.596
2021-07-12,-776.472
2021-07-13,-798.267
2021-07-14,8200086.107000001
2021-07-15,-776.261
2021-07-16,-817.566
2021-07-19,-860.468
2021-07-20,-848.102
2021-07-21,8238965.691
2021-07-22,-898.197
2021-07-23,-877.251
2021-07-26,-891.203
2021-07-27,-927.419
2021-07-28,8219929.607
2021-07-29,-987.283
2021-07-30,-1039.394
2021-08-02,-921.317
2021-08-03,-909.442
2021-08-04,8233648.5770000005
2021-08-05,-944.335
2021-08-06,-952.134
2021-08-09,-981.765
2021-08-10,-998.654
2021-08-11,8255723.621
2021-08-12,-1087.342
2021-08-13,-1050.941
2021-08-16,-1036.418
2021-08-17,-1053.454
2021-08-18,8341143.535999999
2021-08-19,-1109.938
2021-08-20,-1111.905
2021-08-23,-1135.697
2021-08-24,-1129.737
2021-08-25,8331294.481000001
2021-08-26,-1091.792
2021-08-27,-1120.015
2021-08-30,-1140.711
2021-08-31,-1189.616
2021-09-01,8347811.234999999
2021-09-02,-1066.987
2021-09-03,-1074.707
2021-09-06,0.0
2021-09-07,-1079.945
2021-09-08,8355945.274999999
2021-09-09,-1107.659
2021-09-10,-1099.323
2021-09-13,-1087.108
2021-09-14,-1169.28
2021-09-15,8447458.33
2021-09-16,-1147.494
2021-09-17,-1218.303
2021-09-20,-1224.289
2021-09-21,-1240.494
2021-09-22,8488232.697
2021-09-23,-1352.483
2021-09-24,-1313.657
2021-09-27,-1297.05
2021-09-28,-1365.185
2021-09-29,8446367.416
2021-09-30,-1604.881
2021-10-01,-1385.991
2021-10-04,-1399.173
2021-10-05,-1431.18
2021-10-06,8462445.242999999
2021-10-07,-1375.863
2021-10-08,-1371.958
2021-10-11,0.0
2021-10-12,-1367.051
2021-10-13,8479499.441000002
2021-10-14,-1445.66
2021-10-15,-1462.297
2021-10-18,-1477.114
2021-10-19,-1470.739
2021-10-20,8563365.653
2021-10-21,-1458.605
2021-10-22,-1403.02
2021-10-25,-1413.188
2021-10-26,-1423.198
2021-10-27,8554534.339000002
2021-10-28,-1384.684
2021-10-29,-1502.296
2021-11-01,-1358.606
2021-11-02,-1329.913
2021-11-03,8573246.81
2021-11-04,-1348.539
2021-11-05,-1354.059
2021-11-08,-1354.382
2021-11-09,-1377.197
2021-11-10,8661409.084
2021-11-11,0.0
2021-11-12,-1417.643
2021-11-15,-1391.657
2021-11-16,-1466.857
2021-11-17,8673238.547
2021-11-18,-1584.097
2021-11-19,-1575.384
2021-11-22,-1573.769
2021-11-23,-1571.98
2021-11-24,8680154.016
2021-11-25,0.0
2021-11-26,-1451.108
2021-11-29,-1459.339
2021-11-30,-1517.956
2021-12-01,8648822.002
2021-12-02,-1448.585
2021-12-03,-1475.464
2021-12-06,-1487.996
2021-12-07,-1455.038
2021-12-08,8662924.691
2021-12-09,-1500.027
2021-12-10,-1507.147
2021-12-13,-1599.768
2021-12-14,-1584.488
2021-12-15,8754940.105
2021-12-16,-1657.626
2021-12-17,-1704.586
2021-12-20,-1758.041
2021-12-21,-1748.285
2021-12-22,8788710.769
2021-12-23,-1577.78
2021-12-24,0.0
2021-12-27,-1580.347
2021-12-28,-1637.064
2021-12-29,8755605.645000001
2021-12-30,-1696.476
2021-12-31,-1904.582
2022-01-03,-1579.526
2022-01-04,-1495.692
2022-01-05,8763838.462
2022-01-06,-1510.553
2022-01-07,-1530.096
2022-01-10,-1560.421
2022-01-11,-1527.02
2022-01-12,8786284.617999999
2022-01-13,-1636.742
2022-01-14,-1598.887
2022-01-17,0.0
2022-01-18,-1597.137
2022-01-19,8865688.727
2022-01-20,-1678.931
2022-01-21,-1706.127
2022-01-24,-1614.002
2022-01-25,-1599.502
2022-01-26,8858257.077
2022-01-27,-1583.895
2022-01-28,-1615.021
2022-01-31,-1654.85
2022-02-01,-1584.109
2022-02-02,8870908.332
2022-02-03,-1640.397
2022-02-04,-1642.892
2022-02-07,-1679.932
2022-02-08,-1674.61
2022-02-09,8875669.463
2022-02-10,-1634.146
2022-02-11,-1635.826
2022-02-14,-1666.232
2022-02-15,-1608.494
2022-02-16,8908696.325000001
2022-02-17,-1647.202
2022-02-18,-1674.929
2022-02-21,0.0
2022-02-22,-1699.432
2022-02-23,8925692.84
2022-02-24,-1650.399
2022-02-25,-1603.349
2022-02-28,-1596.052
2022-03-01,-1552.95
2022-03-02,8902245.886
2022-03-03,-1533.992
2022-03-04,-1483.061
2022-03-07,-1461.227
2022-03-08,-1525.099
2022-03-09,8908553.456999999
2022-03-10,-1568.735
2022-03-11,-1557.823
2022-03-14,-1608.021
2022-03-15,-1583.471
2022-03-16,8952121.757
2022-03-17,-1659.977
2022-03-18,-1715.148
2022-03-21,-1728.893
2022-03-22,-1763.183
2022-03-23,8960056.197999999
2022-03-24,-1707.655
2022-03-25,-1676.974
2022-03-28,-1688.632
2022-03-29,-1718.87
2022-03-30,8934780.996000001
2022-03-31,-1871.97
2022-04-01,-1666.063
2022-04-04,-1692.936
2022-04-05,-1710.834
2022-04-06,8935286.077000001
2022-04-07,-1734.424
2022-04-08,-1750.498
2022-04-11,-1758.958
2022-04-12,-1710.414
2022-04-13,8963124.137
2022-04-14,-1706.935
2022-04-15,0.0
2022-04-18,-1738.379
2022-04-19,-1817.292
2022-04-20,8953273.034
2022-04-21,-1854.7
2022-04-22,-1765.031
2022-04-25,-1783.609
2022-04-26,-1819.343
2022-04-27,8936451.51
2022-04-28,-1818.416
2022-04-29,-1906.802
2022-05-02,-1796.302
2022-05-03,-1796.252
2022-05-04,8937210.866
2022-05-05,-1844.762
2022-05-06,-1861.866
2022-05-09,-1858.995
2022-05-10,-1864.225
2022-05-11,8939186.223
2022-05-12,-1900.069
2022-05-13,-1865.287
2022-05-16,-1833.152
2022-05-17,-1877.483
2022-05-18,8943037.663
2022-05-19,-1981.005
2022-05-20,-1987.987
2022-05-23,-2044.658
2022-05-24,-1987.865
2022-05-25,8911463.715
2022-05-26,-2007.702
2022-05-27,-2006.688
2022-05-30,0.0
2022-05-31,-1978.538
2022-06-01,8912295.453
2022-06-02,-1985.239
2022-06-03,-2031.228
2022-06-06,-2040.093
2022-06-07,-2091.395
2022-06-08,8915390.339
2022-06-09,-2142.318
2022-06-10,-2162.885
2022-06-13,-2212.62
2022-06-14,-2223.857
2022-06-15,8929600.206
2022-06-16,-2178.382
2022-06-17,-2229.279
2022-06-20,0.0
2022-06-21,-2188.627
2022-06-22,8931328.259
2022-06-23,-2285.442
2022-06-24,-2180.984
2022-06-27,-2155.942
2022-06-28,-2213.784
2022-06-29,8910569.397
2022-06-30,-2329.743
2022-07-01,-2167.085
2022-07-04,0.0
2022-07-05,-2138.28
2022-07-06,8888982.516999999
2022-07-07,-2172.457
2022-07-08,-2144.921
2022-07-11,-2164.266
2022-07-12,-2146.132
2022-07-13,8893059.138
2022-07-14,-2207.121
2022-07-15,-2153.75
2022-07-18,-2190.375
2022-07-19,-2211.821
2022-07-20,8896358.918
2022-07-21,-2271.756
2022-07-22,-2228.959
2022-07-25,-2192.367
2022-07-26,-2189.474
2022-07-27,8887212.060999999
2022-07-28,-2239.883
2022-07-29,-2300.2
2022-08-01,-2161.885
2022-08-02,-2156.013
2022-08-03,8871843.647
2022-08-04,-2191.546
2022-08-05,-2194.927
2022-08-08,-2195.692
2022-08-09,-2186.568
2022-08-10,8876403.089
2022-08-11,-2199.247
2022-08-12,-2213.193
2022-08-15,-2175.857
2022-08-16,-2165.332
2022-08-17,8847017.048
2022-08-18,-2218.161
2022-08-19,-2221.68
2022-08-22,-2235.665
2022-08-23,-2250.718
2022-08-24,8848663.660999998
2022-08-25,-2187.907
2022-08-26,-2182.452
2022-08-29,-2205.188
2022-08-30,-2188.975
2022-08-31,8823229.439
2022-09-01,-2173.156
2022-09-02,-2173.413
2022-09-05,0.0
2022-09-06,-2188.796
2022-09-07,8819612.718
2022-09-08,-2210.466
2022-09-09,-2209.714
2022-09-12,-2218.546
2022-09-13,-2202.719
2022-09-14,8829939.613
2022-09-15,-2176.188
2022-09-16,-2186.833
2022-09-19,-2217.542
2022-09-20,-2238.87
2022-09-21,8813793.604
2022-09-22,-2359.227
2022-09-23,-2319.361
2022-09-26,-2299.011
2022-09-27,-2327.111
2022-09-28,8792510.633
2022-09-29,-2371.763
2022-09-30,-2425.91
2022-10-03,-2252.523
2022-10-04,-2233.616
2022-10-05,8756188.262
2022-10-06,-2232.801
2022-10-07,-2226.95
2022-10-10,0.0
2022-10-11,-2222.479
2022-10-12,8756113.492
2022-10-13,-2244.1
2022-10-14,-2222.052
2022-10-17,-2172.301
2022-10-18,-2226.725
2022-10-19,8741072.966
2022-10-20,-2234.071
2022-10-21,-2265.809
2022-10-24,-2242.044
2022-10-25,-2195.616
2022-10-26,8720268.595999999
2022-10-27,-2152.485
2022-10-28,-2183.29
2022-10-31,-2275.459
2022-11-01,-2200.51
2022-11-02,8674041.595
2022-11-03,-2219.791
2022-11-04,-2230.84
2022-11-07,-2241.317
2022-11-08,-2232.555
2022-11-09,8676120.708999999
2022-11-10,-2200.586
2022-11-11,0.0
2022-11-14,-2165.018
2022-11-15,-2086.574
2022-11-16,8623017.947999999
2022-11-17,-2114.439
2022-11-18,-2113.413
2022-11-21,-2125.426
2022-11-22,-2103.932
2022-11-23,8618841.352
2022-11-24,0.0
2022-11-25,-2031.066
2022-11-28,-2054.914
2022-11-29,-2064.377
2022-11-30,8581948.613
2022-12-01,-2050.286
2022-12-02,-2049.763
2022-12-05,-2093.647
2022-12-06,-2111.465
2022-12-07,8580151.115999999
2022-12-08,-2175.973
2022-12-09,-2146.748
2022-12-12,-2158.517
2022-12-13,-2180.676
2022-12-14,8580864.618999999
2022-12-15,-2123.995
2022-12-16,-2126.54
2022-12-19,-2134.765
2022-12-20,-2159.408
2022-12-21,8561744.255
2022-12-22,-2222.898
2022-12-23,-2216.348
2022-12-26,0.0
2022-12-27,-2221.259
2022-12-28,8548448.070999999
2022-12-29,-2308.319
2022-12-30,-2553.716
2023-01-02,0.0
2023-01-03,-2188.272
2023-01-04,8504775.833
2023-01-05,-2242.486
2023-01-06,-2208.265
2023-01-09,-2199.121
2023-01-10,-2192.942
2023-01-11,8506015.49
2023-01-12,-2202.989
2023-01-13,-2179.781
2023-01-16,0.0
2023-01-17,-2093.328
2023-01-18,8486568.304000001
2023-01-19,-2110.145
2023-01-20,-2090.523
2023-01-23,-2135.499
2023-01-24,-2048.386
2023-01-25,8468033.591
2023-01-26,-2024.069
2023-01-27,-2003.634
2023-01-30,-2048.714
2023-01-31,-2061.572
2023-02-01,8431011.649
2023-02-02,-2050.063
2023-02-03,-2041.217
2023-02-06,-2072.261
2023-02-07,-2057.958
2023-02-08,8432816.118999999
2023-02-09,-2058.942
2023-02-10,-2042.893
2023-02-13,-2107.775
2023-02-14,-2076.548
2023-02-15,8382264.623000001
2023-02-16,-2032.457
2023-02-17,-2059.662
2023-02-20,0.0
2023-02-21,-2046.064
2023-02-22,8379598.818
2023-02-23,-2147.417
2023-02-24,-2142.141
2023-02-27,-2162.435
2023-02-28,-2188.035
2023-03-01,8337168.805
2023-03-02,-2192.355
2023-03-03,-2186.15
2023-03-06,-2190.793
2023-03-07,-2170.195
2023-03-08,8339756.413000001
2023-03-09,-2229.623
2023-03-10,-2188.375
2023-03-13,-2126.677
2023-03-14,-2042.579
2023-03-15,8637011.310999999
2023-03-16,-2066.319
2023-03-17,-2106.166
2023-03-20,-2098.393
2023-03-21,-2194.631
2023-03-22,8731247.805000002
2023-03-23,-2233.956
2023-03-24,-2218.458
2023-03-27,-2220.131
2023-03-28,-2231.749
2023-03-29,8703493.561
2023-03-30,-2271.531
2023-03-31,-2375.171
2023-04-03,-2221.01
2023-04-04,-2219.375
2023-04-05,8629972.196
2023-04-06,-2173.663
2023-04-07,0.0
2023-04-10,-2239.655
2023-04-11,-2297.208
2023-04-12,8612383.93
2023-04-13,-2321.699
2023-04-14,-2253.786
2023-04-17,-2256.845
2023-04-18,-2238.994
2023-04-19,8590801.768000001
2023-04-20,-2277.259
2023-04-21,-2290.023
2023-04-24,-2308.538
2023-04-25,-2275.402
2023-04-26,8560196.737
2023-04-27,-2273.926
2023-04-28,-2325.479
2023-05-01,-2239.866
2023-05-02,-2267.13
2023-05-03,8501466.562
2023-05-04,-2242.399
2023-05-05,-2207.415
2023-05-08,-2217.601
2023-05-09,-2222.864
2023-05-10,8500586.185
2023-05-11,-2242.243
2023-05-12,-2229.199
2023-05-15,-2220.927
2023-05-16,-2203.214
2023-05-17,8454430.103999998
2023-05-18,-2238.266
2023-05-19,-2276.72
2023-05-22,-2275.311
2023-05-23,-2256.689
2023-05-24,8433942.339
2023-05-25,-2197.638
2023-05-26,-2189.681
2023-05-29,0.0
2023-05-30,-2200.479
2023-05-31,8383550.187
2023-06-01,-2160.055
2023-06-02,-2142.102
2023-06-05,-2131.417
2023-06-06,-2134.638
2023-06-07,8387118.688
2023-06-08,-2141.798
2023-06-09,-2127.652
2023-06-12,-2126.87
2023-06-13,-2074.52
2023-06-14,8386111.777
2023-06-15,-1992.14
2023-06-16,-2011.556
2023-06-19,0.0
2023-06-20,-1989.489
2023-06-21,8359746.048
2023-06-22,-1994.711
2023-06-23,-1969.38
2023-06-26,-1961.027
2023-06-27,-1951.098
2023-06-28,8338578.217999999
2023-06-29,-1934.684
2023-06-30,-2034.319
2023-07-03,-1909.639
2023-07-04,0.0
2023-07-05,8296029.498000001
2023-07-06,-1854.256
2023-07-07,-1822.303
2023-07-10,-1811.981
2023-07-11,-1775.796
2023-07-12,8294588.517
2023-07-13,-1767.432
2023-07-14,-1740.777
2023-07-17,-1728.322
2023-07-18,-1716.862
2023-07-19,8272288.061000001
2023-07-20,-1721.001
2023-07-21,-1770.752
2023-07-24,-1770.867
2023-07-25,-1720.716
2023-07-26,8241050.67
2023-07-27,-1735.783
2023-07-28,-1730.227
2023-07-31,-1821.124
2023-08-01,-1739.554
2023-08-02,8204476.355
2023-08-03,-1776.774
2023-08-04,-1793.804
2023-08-07,-1810.583
2023-08-08,-1778.351
2023-08-09,8205999.887
2023-08-10,-1759.897
2023-08-11,-1773.236
2023-08-14,-1799.311
2023-08-15,-1743.784
2023-08-16,8143494.48
2023-08-17,-1794.12
2023-08-18,-1819.201
2023-08-21,-1824.788
2023-08-22,-1812.294
2023-08-23,8136835.680000001
2023-08-24,-1731.623
2023-08-25,-1687.379
2023-08-28,-1708.605
2023-08-29,-1693.278
2023-08-30,8119148.381
2023-08-31,-1651.602
2023-09-01,-1574.065
2023-09-04,0.0
2023-09-05,-1568.49
2023-09-06,8099240.875
2023-09-07,-1535.289
2023-09-08,-1525.403
2023-09-11,-1549.111
2023-09-12,-1493.781
2023-09-13,8096711.268
2023-09-14,-1492.427
2023-09-15,-1401.403
2023-09-18,-1452.942
2023-09-19,-1453.324
2023-09-20,8021962.72
2023-09-21,-1454.115
2023-09-22,-1427.575
2023-09-25,-1437.31
2023-09-26,-1438.301
2023-09-27,7999940.052
2023-09-28,-1453.366
2023-09-29,-1557.569
2023-10-02,-1365.739
2023-10-03,-1348.465
2023-10-04,7953771.96
2023-10-05,-1265.132
2023-10-06,-1283.461
2023-10-09,0.0
2023-10-10,-1222.44
2023-10-11,7950105.458
2023-10-12,-1157.319
2023-10-13,-1151.818
2023-10-16,-1108.819
2023-10-17,-1082.502
2023-10-18,7931251.341
2023-10-19,-1114.179
2023-10-20,-1138.756
2023-10-23,-1157.976
2023-10-24,-1097.875
2023-10-25,7905894.965000001
2023-10-26,-1089.85
2023-10-27,-1091.858
2023-10-30,-1138.035
2023-10-31,-1137.697
2023-11-01,7864764.051
2023-11-02,-1054.986
2023-11-03,-1071.139
2023-11-06,-1062.878
2023-11-07,-1008.685
2023-11-08,7858893.863
2023-11-09,-993.314
2023-11-10,-1032.72
2023-11-13,-1020.272
2023-11-14,-988.298
2023-11-15,7813308.197
2023-11-16,-912.01
2023-11-17,-935.803
2023-11-20,-953.088
2023-11-21,-931.155
2023-11-22,7809176.379
2023-11-23,0.0
2023-11-24,-865.907
2023-11-27,-867.22
2023-11-28,-873.344
2023-11-29,7794491.604
2023-11-30,-887.822
2023-12-01,-768.543
2023-12-04,-815.847
2023-12-05,-834.428
2023-12-06,7735855.993000001
2023-12-07,-825.734
2023-12-08,-821.408
2023-12-11,-838.507
2023-12-12,-837.803
2023-12-13,7738084.231
2023-12-14,-769.346
2023-12-15,-683.254
2023-12-18,-724.704
2023-12-19,-773.082
2023-12-20,7722551.660999999
2023-12-21,-778.402
2023-12-22,-772.258
2023-12-25,0.0
2023-12-26,-793.937
2023-12-27,7711230.726
2023-12-28,-829.573
2023-12-29,-1018.483
2024-01-01,0.0
2024-01-02,-704.864
2024-01-03,7679545.655
2024-01-04,-664.899
2024-01-05,-694.478
2024-01-08,-691.485
2024-01-09,-676.05
2024-01-10,7685282.473999999
2024-01-11,-626.37
2024-01-12,-603.116
2024-01-15,0.0
2024-01-16,-583.103
2024-01-17,7672401.926
2024-01-18,-618.234
2024-01-19,-625.182
2024-01-22,-647.103
2024-01-23,-621.195
2024-01-24,7675791.082
2024-01-25,-557.687
2024-01-26,-570.828
2024-01-29,-581.41
2024-01-30,-577.755
2024-01-31,7628667.071
2024-02-01,-503.548
2024-02-02,-513.422
2024-02-05,-552.289
2024-02-06,-532.439
2024-02-07,7629944.8100000005
2024-02-08,-535.705
2024-02-09,-569.175
2024-02-12,-581.568
2024-02-13,-553.684
2024-02-14,7632460.663
2024-02-15,-493.065
2024-02-16,-532.125
2024-02-19,0.0
2024-02-20,-530.879
2024-02-21,7580322.653
2024-02-22,-553.245
2024-02-23,-520.107
2024-02-26,-524.959
2024-02-27,-519.725
2024-02-28,7566451.323999999
2024-02-29,-502.074
2024-03-01,-441.265
2024-03-04,-439.793
2024-03-05,-444.474
2024-03-06,7537632.42
2024-03-07,-436.754
2024-03-08,-444.803
2024-03-11,-478.728
2024-03-12,-476.862
2024-03-13,7540678.893
2024-03-14,-483.573
2024-03-15,-413.877
2024-03-18,-440.596
2024-03-19,-446.978
2024-03-20,7513042.4569999995
2024-03-21,-460.631
2024-03-22,-478.531
2024-03-25,-473.787
2024-03-26,-496.062
2024-03-27,7483418.41
2024-03-28,-594.428
2024-03-29,0.0
2024-04-01,-441.903
2024-04-02,-448.424
2024-04-03,7438352.718
2024-04-04,-438.764
2024-04-05,-438.319
2024-04-08,-448.597
2024-04-09,-441.792
2024-04-10,7437025.213
2024-04-11,-455.361
2024-04-12,-407.322
2024-04-15,-327.066
2024-04-16,-371.554
2024-04-17,7404268.9569999995
2024-04-18,-433.006
2024-04-19,-397.234
2024-04-22,-409.816
2024-04-23,-435.88
2024-04-24,7401051.355
2024-04-25,-443.928
2024-04-26,-464.912
2024-04-29,-505.53
2024-04-30,-534.234
2024-05-01,7361118.675
2024-05-02,-428.68
2024-05-03,-450.165
2024-05-06,-468.97
2024-05-07,-475.325
2024-05-08,7352062.982
2024-05-09,-458.55
2024-05-10,-486.434
2024-05-13,-492.068
2024-05-14,-468.344
2024-05-15,7303041.0879999995
2024-05-16,-410.121
2024-05-17,-449.373
2024-05-20,-489.728
2024-05-21,-491.72
2024-05-22,7298344.242
2024-05-23,-467.398
2024-05-24,-431.239
2024-05-27,0.0
2024-05-28,-417.836
2024-05-29,7283155.351
2024-05-30,-452.034
2024-05-31,-439.806
2024-06-03,-387.069
2024-06-04,-377.825
2024-06-05,7254604.85
2024-06-06,-378.125
2024-06-07,-395.462
2024-06-10,-416.481
2024-06-11,-410.449
2024-06-12,7257852.853
2024-06-13,-429.864
2024-06-14,-386.885
2024-06-17,-333.429
2024-06-18,-375.542
2024-06-19,7251818.59
2024-06-20,-388.841
2024-06-21,-421.04
2024-06-24,-435.916
2024-06-25,-466.31
2024-06-26,7229907.426999999
2024-06-27,-531.692
2024-06-28,-664.57
2024-07-01,-451.783
2024-07-02,-443.369
2024-07-03,7220332.729
2024-07-04,0.0
2024-07-05,-390.632
2024-07-08,-415.257
2024-07-09,-423.152
2024-07-10,7222920.451
2024-07-11,-403.708
2024-07-12,-406.59
2024-07-15,-413.28
2024-07-16,-409.594
2024-07-17,7207096.006
2024-07-18,-391.652
2024-07-19,-379.801
2024-07-22,-395.901
2024-07-23,-389.837
2024-07-24,7204281.563999999
2024-07-25,-377.433
2024-07-26,-381.257
2024-07-29,-385.281
2024-07-30,-367.054
2024-07-31,7177191.314
