Date,Crypto_PageViews
2015-07-01,134
2015-07-02,122
2015-07-03,103
2015-07-04,76
2015-07-05,93
2015-07-06,98
2015-07-07,101
2015-07-08,118
2015-07-09,115
2015-07-10,100
2015-07-11,63
2015-07-12,74
2015-07-13,91
2015-07-14,121
2015-07-15,80
2015-07-16,91
2015-07-17,92
2015-07-18,60
2015-07-19,65
2015-07-20,90
2015-07-21,107
2015-07-22,79
2015-07-23,91
2015-07-24,81
2015-07-25,88
2015-07-26,93
2015-07-27,116
2015-07-28,124
2015-07-29,129
2015-07-30,107
2015-07-31,139
2015-08-01,127
2015-08-02,113
2015-08-03,113
2015-08-04,109
2015-08-05,142
2015-08-06,123
2015-08-07,111
2015-08-08,85
2015-08-09,67
2015-08-10,111
2015-08-11,114
2015-08-12,103
2015-08-13,116
2015-08-14,124
2015-08-15,85
2015-08-16,102
2015-08-17,125
2015-08-18,126
2015-08-19,113
2015-08-20,212
2015-08-21,140
2015-08-22,69
2015-08-23,76
2015-08-24,93
2015-08-25,110
2015-08-26,117
2015-08-27,84
2015-08-28,101
2015-08-29,57
2015-08-30,61
2015-08-31,105
2015-09-01,109
2015-09-02,112
2015-09-03,110
2015-09-04,139
2015-09-05,110
2015-09-06,68
2015-09-07,87
2015-09-08,110
2015-09-09,117
2015-09-10,93
2015-09-11,89
2015-09-12,66
2015-09-13,65
2015-09-14,92
2015-09-15,90
2015-09-16,94
2015-09-17,132
2015-09-18,86
2015-09-19,87
2015-09-20,83
2015-09-21,93
2015-09-22,102
2015-09-23,111
2015-09-24,110
2015-09-25,94
2015-09-26,52
2015-09-27,63
2015-09-28,96
2015-09-29,102
2015-09-30,93
2015-10-01,86
2015-10-02,106
2015-10-03,57
2015-10-04,59
2015-10-05,91
2015-10-06,106
2015-10-07,87
2015-10-08,87
2015-10-09,103
2015-10-10,64
2015-10-11,64
2015-10-12,90
2015-10-13,102
2015-10-14,97
2015-10-15,101
2015-10-16,125
2015-10-17,71
2015-10-18,81
2015-10-19,115
2015-10-20,106
2015-10-21,117
2015-10-22,131
2015-10-23,82
2015-10-24,62
2015-10-25,66
2015-10-26,117
2015-10-27,94
2015-10-28,93
2015-10-29,87
2015-10-30,92
2015-10-31,79
2015-11-01,60
2015-11-02,107
2015-11-03,90
2015-11-04,131
2015-11-05,116
2015-11-06,102
2015-11-07,65
2015-11-08,77
2015-11-09,118
2015-11-10,124
2015-11-11,118
2015-11-12,115
2015-11-13,106
2015-11-14,69
2015-11-15,63
2015-11-16,112
2015-11-17,106
2015-11-18,123
2015-11-19,101
2015-11-20,102
2015-11-21,85
2015-11-22,66
2015-11-23,117
2015-11-24,110
2015-11-25,107
2015-11-26,82
2015-11-27,90
2015-11-28,74
2015-11-29,68
2015-11-30,107
2015-12-01,117
2015-12-02,100
2015-12-03,123
2015-12-04,127
2015-12-05,99
2015-12-06,91
2015-12-07,117
2015-12-08,137
2015-12-09,123
2015-12-10,140
2015-12-11,135
2015-12-12,98
2015-12-13,94
2015-12-14,108
2015-12-15,106
2015-12-16,105
2015-12-17,80
2015-12-18,90
2015-12-19,63
2015-12-20,58
2015-12-21,92
2015-12-22,74
2015-12-23,85
2015-12-24,95
2015-12-25,51
2015-12-26,59
2015-12-27,74
2015-12-28,93
2015-12-29,69
2015-12-30,83
2015-12-31,76
2016-01-01,62
2016-01-02,73
2016-01-03,65
2016-01-04,81
2016-01-05,93
2016-01-06,110
2016-01-07,90
2016-01-08,98
2016-01-09,69
2016-01-10,80
2016-01-11,81
2016-01-12,91
2016-01-13,128
2016-01-14,95
2016-01-15,79
2016-01-16,70
2016-01-17,75
2016-01-18,103
2016-01-19,99
2016-01-20,102
2016-01-21,107
2016-01-22,72
2016-01-23,71
2016-01-24,59
2016-01-25,99
2016-01-26,75
2016-01-27,99
2016-01-28,103
2016-01-29,91
2016-01-30,77
2016-01-31,62
2016-02-01,85
2016-02-02,107
2016-02-03,104
2016-02-04,112
2016-02-05,89
2016-02-06,74
2016-02-07,68
2016-02-08,71
2016-02-09,93
2016-02-10,95
2016-02-11,89
2016-02-12,73
2016-02-13,51
2016-02-14,63
2016-02-15,92
2016-02-16,72
2016-02-17,111
2016-02-18,88
2016-02-19,98
2016-02-20,80
2016-02-21,52
2016-02-22,122
2016-02-23,81
2016-02-24,86
2016-02-25,76
2016-02-26,78
2016-02-27,51
2016-02-28,55
2016-02-29,77
2016-03-01,89
2016-03-02,129
2016-03-03,108
2016-03-04,87
2016-03-05,74
2016-03-06,61
2016-03-07,97
2016-03-08,78
2016-03-09,96
2016-03-10,116
2016-03-11,87
2016-03-12,65
2016-03-13,67
2016-03-14,98
2016-03-15,104
2016-03-16,93
2016-03-17,100
2016-03-18,112
2016-03-19,58
2016-03-20,62
2016-03-21,93
2016-03-22,77
2016-03-23,100
2016-03-24,84
2016-03-25,76
2016-03-26,69
2016-03-27,65
2016-03-28,95
2016-03-29,94
2016-03-30,83
2016-03-31,86
2016-04-01,93
2016-04-02,72
2016-04-03,79
2016-04-04,94
2016-04-05,85
2016-04-06,105
2016-04-07,84
2016-04-08,99
2016-04-09,78
2016-04-10,79
2016-04-11,84
2016-04-12,84
2016-04-13,79
2016-04-14,116
2016-04-15,101
2016-04-16,66
2016-04-17,76
2016-04-18,116
2016-04-19,100
2016-04-20,98
2016-04-21,101
2016-04-22,94
2016-04-23,57
2016-04-24,73
2016-04-25,104
2016-04-26,101
2016-04-27,102
2016-04-28,102
2016-04-29,87
2016-04-30,41
2016-05-01,63
2016-05-02,84
2016-05-03,82
2016-05-04,79
2016-05-05,118
2016-05-06,89
2016-05-07,55
2016-05-08,57
2016-05-09,83
2016-05-10,112
2016-05-11,112
2016-05-12,95
2016-05-13,78
2016-05-14,48
2016-05-15,74
2016-05-16,98
2016-05-17,101
2016-05-18,118
2016-05-19,97
2016-05-20,104
2016-05-21,53
2016-05-22,59
2016-05-23,107
2016-05-24,90
2016-05-25,95
2016-05-26,83
2016-05-27,82
2016-05-28,45
2016-05-29,64
2016-05-30,90
2016-05-31,103
2016-06-01,85
2016-06-02,82
2016-06-03,88
2016-06-04,66
2016-06-05,58
2016-06-06,86
2016-06-07,82
2016-06-08,104
2016-06-09,99
2016-06-10,77
2016-06-11,42
2016-06-12,63
2016-06-13,90
2016-06-14,93
2016-06-15,85
2016-06-16,64
2016-06-17,73
2016-06-18,49
2016-06-19,60
2016-06-20,61
2016-06-21,66
2016-06-22,120
2016-06-23,111
2016-06-24,90
2016-06-25,73
2016-06-26,78
2016-06-27,68
2016-06-28,86
2016-06-29,83
2016-06-30,63
2016-07-01,70
2016-07-02,46
2016-07-03,55
2016-07-04,59
2016-07-05,66
2016-07-06,79
2016-07-07,86
2016-07-08,52
2016-07-09,38
2016-07-10,41
2016-07-11,80
2016-07-12,71
2016-07-13,71
2016-07-14,81
2016-07-15,73
2016-07-16,58
2016-07-17,52
2016-07-18,73
2016-07-19,59
2016-07-20,73
2016-07-21,75
2016-07-22,92
2016-07-23,97
2016-07-24,105
2016-07-25,108
2016-07-26,132
2016-07-27,102
2016-07-28,119
2016-07-29,83
2016-07-30,64
2016-07-31,69
2016-08-01,111
2016-08-02,79
2016-08-03,119
2016-08-04,198
2016-08-05,204
2016-08-06,80
2016-08-07,62
2016-08-08,99
2016-08-09,114
2016-08-10,139
2016-08-11,278
2016-08-12,121
2016-08-13,73
2016-08-14,68
2016-08-15,77
2016-08-16,97
2016-08-17,87
2016-08-18,225
2016-08-19,183
2016-08-20,192
2016-08-21,173
2016-08-22,95
2016-08-23,155
2016-08-24,130
2016-08-25,148
2016-08-26,199
2016-08-27,104
2016-08-28,89
2016-08-29,139
2016-08-30,152
2016-08-31,201
2016-09-01,131
2016-09-02,118
2016-09-03,80
2016-09-04,80
2016-09-05,104
2016-09-06,114
2016-09-07,125
2016-09-08,144
2016-09-09,159
2016-09-10,75
2016-09-11,75
2016-09-12,72
2016-09-13,125
2016-09-14,114
2016-09-15,126
2016-09-16,115
2016-09-17,86
2016-09-18,68
2016-09-19,81
2016-09-20,108
2016-09-21,112
2016-09-22,68
2016-09-23,77
2016-09-24,56
2016-09-25,58
2016-09-26,95
2016-09-27,96
2016-09-28,90
2016-09-29,96
2016-09-30,88
2016-10-01,39
2016-10-02,65
2016-10-03,65
2016-10-04,139
2016-10-05,113
2016-10-06,102
2016-10-07,74
2016-10-08,53
2016-10-09,62
2016-10-10,87
2016-10-11,72
2016-10-12,63
2016-10-13,76
2016-10-14,58
2016-10-15,69
2016-10-16,42
2016-10-17,55
2016-10-18,74
2016-10-19,67
2016-10-20,78
2016-10-21,77
2016-10-22,67
2016-10-23,40
2016-10-24,84
2016-10-25,73
2016-10-26,88
2016-10-27,87
2016-10-28,68
2016-10-29,44
2016-10-30,60
2016-10-31,75
2016-11-01,72
2016-11-02,79
2016-11-03,89
2016-11-04,68
2016-11-05,57
2016-11-06,58
2016-11-07,78
2016-11-08,83
2016-11-09,100
2016-11-10,269
2016-11-11,93
2016-11-12,75
2016-11-13,71
2016-11-14,79
2016-11-15,91
2016-11-16,79
2016-11-17,72
2016-11-18,64
2016-11-19,64
2016-11-20,50
2016-11-21,82
2016-11-22,88
2016-11-23,83
2016-11-24,69
2016-11-25,75
2016-11-26,58
2016-11-27,68
2016-11-28,73
2016-11-29,76
2016-11-30,96
2016-12-01,92
2016-12-02,65
2016-12-03,58
2016-12-04,76
2016-12-05,55
2016-12-06,56
2016-12-07,66
2016-12-08,79
2016-12-09,70
2016-12-10,68
2016-12-11,43
2016-12-12,65
2016-12-13,71
2016-12-14,69
2016-12-15,77
2016-12-16,51
2016-12-17,53
2016-12-18,50
2016-12-19,79
2016-12-20,69
2016-12-21,79
2016-12-22,69
2016-12-23,81
2016-12-24,52
2016-12-25,48
2016-12-26,48
2016-12-27,65
2016-12-28,74
2016-12-29,49
2016-12-30,58
2016-12-31,49
2017-01-01,40
2017-01-02,81
2017-01-03,60
2017-01-04,59
2017-01-05,77
2017-01-06,57
2017-01-07,46
2017-01-08,60
2017-01-09,79
2017-01-10,67
2017-01-11,73
2017-01-12,85
2017-01-13,78
2017-01-14,45
2017-01-15,45
2017-01-16,67
2017-01-17,81
2017-01-18,81
2017-01-19,78
2017-01-20,65
2017-01-21,72
2017-01-22,61
2017-01-23,65
2017-01-24,66
2017-01-25,68
2017-01-26,74
2017-01-27,77
2017-01-28,57
2017-01-29,78
2017-01-30,91
2017-01-31,86
2017-02-01,78
2017-02-02,76
2017-02-03,81
2017-02-04,63
2017-02-05,37
2017-02-06,91
2017-02-07,93
2017-02-08,68
2017-02-09,67
2017-02-10,65
2017-02-11,75
2017-02-12,50
2017-02-13,69
2017-02-14,78
2017-02-15,70
2017-02-16,69
2017-02-17,74
2017-02-18,54
2017-02-19,44
2017-02-20,60
2017-02-21,73
2017-02-22,64
2017-02-23,63
2017-02-24,62
2017-02-25,58
2017-02-26,40
2017-02-27,75
2017-02-28,74
2017-03-01,52
2017-03-02,77
2017-03-03,73
2017-03-04,48
2017-03-05,45
2017-03-06,67
2017-03-07,83
2017-03-08,75
2017-03-09,73
2017-03-10,61
2017-03-11,36
2017-03-12,42
2017-03-13,58
2017-03-14,64
2017-03-15,54
2017-03-16,66
2017-03-17,53
2017-03-18,53
2017-03-19,677
2017-03-20,50
2017-03-21,62
2017-03-22,62
2017-03-23,55
2017-03-24,49
2017-03-25,48
2017-03-26,54
2017-03-27,58
2017-03-28,74
2017-03-29,62
2017-03-30,69
2017-03-31,48
2017-04-01,50
2017-04-02,43
2017-04-03,48
2017-04-04,61
2017-04-05,72
2017-04-06,74
2017-04-07,68
2017-04-08,50
2017-04-09,36
2017-04-10,67
2017-04-11,67
2017-04-12,64
2017-04-13,67
2017-04-14,62
2017-04-15,56
2017-04-16,46
2017-04-17,49
2017-04-18,61
2017-04-19,63
2017-04-20,82
2017-04-21,46
2017-04-22,56
2017-04-23,50
2017-04-24,65
2017-04-25,61
2017-04-26,55
2017-04-27,68
2017-04-28,85
2017-04-29,63
2017-04-30,47
2017-05-01,60
2017-05-02,58
2017-05-03,62
2017-05-04,65
2017-05-05,81
2017-05-06,59
2017-05-07,64
2017-05-08,83
2017-05-09,74
2017-05-10,62
2017-05-11,75
2017-05-12,80
2017-05-13,51
2017-05-14,69
2017-05-15,103
2017-05-16,97
2017-05-17,107
2017-05-18,99
2017-05-19,169
2017-05-20,111
2017-05-21,136
2017-05-22,324
2017-05-23,200
2017-05-24,183
2017-05-25,121
2017-05-26,129
2017-05-27,113
2017-05-28,92
2017-05-29,96
2017-05-30,106
2017-05-31,99
2017-06-01,89
2017-06-02,107
2017-06-03,83
2017-06-04,108
2017-06-05,184
2017-06-06,148
2017-06-07,215
2017-06-08,203
2017-06-09,106
2017-06-10,105
2017-06-11,101
2017-06-12,148
2017-06-13,166
2017-06-14,134
2017-06-15,122
2017-06-16,102
2017-06-17,113
2017-06-18,104
2017-06-19,124
2017-06-20,149
2017-06-21,128
2017-06-22,120
2017-06-23,91
2017-06-24,104
2017-06-25,106
2017-06-26,112
2017-06-27,138
2017-06-28,137
2017-06-29,238
2017-06-30,145
2017-07-01,95
2017-07-02,102
2017-07-03,101
2017-07-04,141
2017-07-05,139
2017-07-06,141
2017-07-07,141
2017-07-08,79
2017-07-09,118
2017-07-10,136
2017-07-11,181
2017-07-12,185
2017-07-13,161
2017-07-14,164
2017-07-15,114
2017-07-16,107
2017-07-17,148
2017-07-18,133
2017-07-19,148
2017-07-20,132
2017-07-21,107
2017-07-22,138
2017-07-23,141
2017-07-24,149
2017-07-25,142
2017-07-26,151
2017-07-27,135
2017-07-28,119
2017-07-29,89
2017-07-30,85
2017-07-31,92
2017-08-01,210
2017-08-02,162
2017-08-03,148
2017-08-04,131
2017-08-05,91
2017-08-06,95
2017-08-07,131
2017-08-08,156
2017-08-09,134
2017-08-10,163
2017-08-11,193
2017-08-12,140
2017-08-13,228
2017-08-14,284
2017-08-15,188
2017-08-16,182
2017-08-17,200
2017-08-18,159
2017-08-19,121
2017-08-20,173
2017-08-21,204
2017-08-22,218
2017-08-23,240
2017-08-24,257
2017-08-25,190
2017-08-26,168
2017-08-27,163
2017-08-28,207
2017-08-29,206
2017-08-30,262
2017-08-31,213
2017-09-01,202
2017-09-02,131
2017-09-03,194
2017-09-04,191
2017-09-05,181
2017-09-06,226
2017-09-07,231
2017-09-08,198
2017-09-09,195
2017-09-10,119
2017-09-11,164
2017-09-12,171
2017-09-13,203
2017-09-14,215
2017-09-15,142
2017-09-16,138
2017-09-17,135
2017-09-18,176
2017-09-19,192
2017-09-20,232
2017-09-21,170
2017-09-22,171
2017-09-23,151
2017-09-24,129
2017-09-25,173
2017-09-26,161
2017-09-27,216
2017-09-28,173
2017-09-29,170
2017-09-30,121
2017-10-01,122
2017-10-02,155
2017-10-03,168
2017-10-04,151
2017-10-05,178
2017-10-06,114
2017-10-07,105
2017-10-08,130
2017-10-09,148
2017-10-10,163
2017-10-11,191
2017-10-12,238
2017-10-13,232
2017-10-14,142
2017-10-15,160
2017-10-16,183
2017-10-17,223
2017-10-18,230
2017-10-19,223
2017-10-20,218
2017-10-21,153
2017-10-22,182
2017-10-23,239
2017-10-24,207
2017-10-25,208
2017-10-26,192
2017-10-27,172
2017-10-28,145
2017-10-29,156
2017-10-30,215
2017-10-31,222
2017-11-01,217
2017-11-02,238
2017-11-03,197
2017-11-04,234
2017-11-05,216
2017-11-06,270
2017-11-07,239
2017-11-08,263
2017-11-09,261
2017-11-10,215
2017-11-11,177
2017-11-12,159
2017-11-13,237
2017-11-14,203
2017-11-15,222
2017-11-16,270
2017-11-17,235
2017-11-18,178
2017-11-19,164
2017-11-20,237
2017-11-21,216
2017-11-22,215
2017-11-23,196
2017-11-24,209
2017-11-25,204
2017-11-26,178
2017-11-27,233
2017-11-28,283
2017-11-29,330
2017-11-30,253
2017-12-01,237
2017-12-02,129
2017-12-03,148
2017-12-04,198
2017-12-05,184
2017-12-06,139
2017-12-07,200
2017-12-08,178
2017-12-09,130
2017-12-10,121
2017-12-11,164
2017-12-12,148
2017-12-13,147
2017-12-14,145
2017-12-15,101
2017-12-16,87
2017-12-17,99
2017-12-18,104
2017-12-19,119
2017-12-20,111
2017-12-21,91
2017-12-22,75
2017-12-23,72
2017-12-24,64
2017-12-25,82
2017-12-26,76
2017-12-27,102
2017-12-28,88
2017-12-29,65
2017-12-30,55
2017-12-31,50
2018-01-01,61
2018-01-02,84
2018-01-03,75
2018-01-04,94
2018-01-05,87
2018-01-06,92
2018-01-07,87
2018-01-08,91
2018-01-09,91
2018-01-10,127
2018-01-11,102
2018-01-12,111
2018-01-13,66
2018-01-14,70
2018-01-15,78
2018-01-16,75
2018-01-17,101
2018-01-18,59
2018-01-19,60
2018-01-20,47
2018-01-21,56
2018-01-22,62
2018-01-23,72
2018-01-24,53
2018-01-25,85
2018-01-26,64
2018-01-27,48
2018-01-28,52
2018-01-29,59
2018-01-30,61
2018-01-31,416
2018-02-01,60
2018-02-02,71
2018-02-03,57
2018-02-04,61
2018-02-05,62
2018-02-06,64
2018-02-07,64
2018-02-08,68
2018-02-09,68
2018-02-10,50
2018-02-11,51
2018-02-12,68
2018-02-13,58
2018-02-14,50
2018-02-15,66
2018-02-16,30
2018-02-17,40
2018-02-18,33
2018-02-19,53
2018-02-20,52
2018-02-21,58
2018-02-22,53
2018-02-23,52
2018-02-24,37
2018-02-25,26
2018-02-26,49
2018-02-27,59
2018-02-28,43
2018-03-01,45
2018-03-02,41
2018-03-03,38
2018-03-04,41
2018-03-05,58
2018-03-06,54
2018-03-07,51
2018-03-08,41
2018-03-09,48
2018-03-10,42
2018-03-11,665
2018-03-12,53
2018-03-13,68
2018-03-14,75
2018-03-15,56
2018-03-16,49
2018-03-17,31
2018-03-18,73
2018-03-19,61
2018-03-20,117
2018-03-21,95
2018-03-22,78
2018-03-23,80
2018-03-24,66
2018-03-25,67
2018-03-26,88
2018-03-27,78
2018-03-28,91
2018-03-29,102
2018-03-30,61
2018-03-31,48
2018-04-01,69
2018-04-02,84
2018-04-03,81
2018-04-04,91
2018-04-05,91
2018-04-06,80
2018-04-07,37
2018-04-08,51
2018-04-09,81
2018-04-10,86
2018-04-11,93
2018-04-12,76
2018-04-13,70
2018-04-14,34
2018-04-15,65
2018-04-16,86
2018-04-17,85
2018-04-18,59
2018-04-19,90
2018-04-20,94
2018-04-21,67
2018-04-22,58
2018-04-23,98
2018-04-24,81
2018-04-25,71
2018-04-26,76
2018-04-27,192
2018-04-28,55
2018-04-29,69
2018-04-30,78
2018-05-01,72
2018-05-02,85
2018-05-03,99
2018-05-04,59
2018-05-05,48
2018-05-06,68
2018-05-07,106
2018-05-08,101
2018-05-09,117
2018-05-10,68
2018-05-11,73
2018-05-12,72
2018-05-13,61
2018-05-14,83
2018-05-15,97
2018-05-16,88
2018-05-17,105
2018-05-18,82
2018-05-19,295
2018-05-20,274
2018-05-21,167
2018-05-22,162
2018-05-23,121
2018-05-24,99
2018-05-25,85
2018-05-26,79
2018-05-27,61
2018-05-28,102
2018-05-29,104
2018-05-30,82
2018-05-31,91
2018-06-01,60
2018-06-02,58
2018-06-03,60
2018-06-04,276
2018-06-05,189
2018-06-06,76
2018-06-07,91
2018-06-08,79
2018-06-09,80
2018-06-10,55
2018-06-11,403
2018-06-12,80
2018-06-13,133
2018-06-14,85
2018-06-15,49
2018-06-16,32
2018-06-17,52
2018-06-18,420
2018-06-19,60
2018-06-20,61
2018-06-21,446
2018-06-22,59
2018-06-23,37
2018-06-24,41
2018-06-25,62
2018-06-26,49
2018-06-27,69
2018-06-28,57
2018-06-29,36
2018-06-30,39
2018-07-01,60
2018-07-02,56
2018-07-03,46
2018-07-04,45
2018-07-05,52
2018-07-06,37
2018-07-07,32
2018-07-08,48
2018-07-09,67
2018-07-10,52
2018-07-11,56
2018-07-12,62
2018-07-13,66
2018-07-14,122
2018-07-15,34
2018-07-16,60
2018-07-17,61
2018-07-18,55
2018-07-19,57
2018-07-20,48
2018-07-21,23
2018-07-22,41
2018-07-23,127
2018-07-24,56
2018-07-25,49
2018-07-26,52
2018-07-27,41
2018-07-28,33
2018-07-29,33
2018-07-30,38
2018-07-31,56
2018-08-01,58
2018-08-02,58
2018-08-03,53
2018-08-04,27
2018-08-05,43
2018-08-06,55
2018-08-07,66
2018-08-08,45
2018-08-09,51
2018-08-10,33
2018-08-11,48
2018-08-12,36
2018-08-13,28
2018-08-14,28
2018-08-15,154
2018-08-16,265
2018-08-17,36
2018-08-18,31
2018-08-19,36
2018-08-20,51
2018-08-21,50
2018-08-22,37
2018-08-23,34
2018-08-24,198
2018-08-25,32
2018-08-26,24
2018-08-27,59
2018-08-28,43
2018-08-29,52
2018-08-30,42
2018-08-31,47
2018-09-01,18
2018-09-02,24
2018-09-03,33
2018-09-04,48
2018-09-05,38
2018-09-06,40
2018-09-07,645
2018-09-08,182
2018-09-09,48
2018-09-10,43
2018-09-11,41
2018-09-12,24
2018-09-13,45
2018-09-14,36
2018-09-15,23
2018-09-16,32
2018-09-17,28
2018-09-18,43
2018-09-19,33
2018-09-20,38
2018-09-21,40
2018-09-22,27
2018-09-23,30
2018-09-24,27
2018-09-25,56
2018-09-26,56
2018-09-27,50
2018-09-28,42
2018-09-29,17
2018-09-30,24
2018-10-01,37
2018-10-02,44
2018-10-03,31
2018-10-04,56
2018-10-05,41
2018-10-06,43
2018-10-07,36
2018-10-08,43
2018-10-09,38
2018-10-10,24
2018-10-11,40
2018-10-12,24
2018-10-13,31
2018-10-14,38
2018-10-15,60
2018-10-16,40
2018-10-17,51
2018-10-18,64
2018-10-19,46
2018-10-20,34
2018-10-21,45
2018-10-22,52
2018-10-23,43
2018-10-24,82
2018-10-25,49
2018-10-26,77
2018-10-27,93
2018-10-28,81
2018-10-29,86
2018-10-30,66
2018-10-31,79
2018-11-01,213
2018-11-02,100
2018-11-03,64
2018-11-04,47
2018-11-05,92
2018-11-06,99
2018-11-07,118
2018-11-08,118
2018-11-09,107
2018-11-10,107
2018-11-11,99
2018-11-12,103
2018-11-13,109
2018-11-14,109
2018-11-15,90
2018-11-16,78
2018-11-17,83
2018-11-18,71
2018-11-19,75
2018-11-20,68
2018-11-21,42
2018-11-22,49
2018-11-23,48
2018-11-24,27
2018-11-25,32
2018-11-26,49
2018-11-27,55
2018-11-28,27
2018-11-29,34
2018-11-30,66
2018-12-01,65
2018-12-02,83
2018-12-03,88
2018-12-04,65
2018-12-05,29
2018-12-06,29
2018-12-07,43
2018-12-08,68
2018-12-09,45
2018-12-10,51
2018-12-11,46
2018-12-12,42
2018-12-13,25
2018-12-14,38
2018-12-15,19
2018-12-16,27
2018-12-17,34
2018-12-18,20
2018-12-19,33
2018-12-20,26
2018-12-21,42
2018-12-22,25
2018-12-23,40
2018-12-24,45
2018-12-25,13
2018-12-26,14
2018-12-27,22
2018-12-28,11
2018-12-29,17
2018-12-30,17
2018-12-31,12
2019-01-01,14
2019-01-02,18
2019-01-03,28
2019-01-04,28
2019-01-05,28
2019-01-06,21
2019-01-07,43
2019-01-08,31
2019-01-09,33
2019-01-10,29
2019-01-11,29
2019-01-12,31
2019-01-13,21
2019-01-14,246
2019-01-15,35
2019-01-16,26
2019-01-17,33
2019-01-18,37
2019-01-19,31
2019-01-20,52
2019-01-21,28
2019-01-22,22
2019-01-23,34
2019-01-24,31
2019-01-25,32
2019-01-26,24
2019-01-27,34
2019-01-28,29
2019-01-29,26
2019-01-30,30
2019-01-31,21
2019-02-01,33
2019-02-02,10
2019-02-03,18
2019-02-04,35
2019-02-05,47
2019-02-06,45
2019-02-07,41
2019-02-08,30
2019-02-09,14
2019-02-10,20
2019-02-11,36
2019-02-12,41
2019-02-13,31
2019-02-14,45
2019-02-15,36
2019-02-16,20
2019-02-17,61
2019-02-18,28
2019-02-19,27
2019-02-20,37
2019-02-21,27
2019-02-22,30
2019-02-23,33
2019-02-24,20
2019-02-25,38
2019-02-26,24
2019-02-27,19
2019-02-28,31
2019-03-01,40
2019-03-02,10
2019-03-03,15
2019-03-04,28
2019-03-05,35
2019-03-06,30
2019-03-07,27
2019-03-08,37
2019-03-09,16
2019-03-10,26
2019-03-11,33
2019-03-12,84
2019-03-13,102
2019-03-14,74
2019-03-15,44
2019-03-16,42
2019-03-17,41
2019-03-18,43
2019-03-19,44
2019-03-20,42
2019-03-21,44
2019-03-22,31
2019-03-23,19
2019-03-24,33
2019-03-25,37
2019-03-26,48
2019-03-27,51
2019-03-28,40
2019-03-29,23
2019-03-30,29
2019-03-31,27
2019-04-01,36
2019-04-02,34
2019-04-03,33
2019-04-04,36
2019-04-05,36
2019-04-06,27
2019-04-07,31
2019-04-08,37
2019-04-09,49
2019-04-10,32
2019-04-11,47
2019-04-12,165
2019-04-13,228
2019-04-14,205
2019-04-15,101
2019-04-16,85
2019-04-17,106
2019-04-18,93
2019-04-19,102
2019-04-20,122
2019-04-21,96
2019-04-22,79
2019-04-23,80
2019-04-24,66
2019-04-25,53
2019-04-26,39
2019-04-27,49
2019-04-28,59
2019-04-29,38
2019-04-30,40
2019-05-01,45
2019-05-02,44
2019-05-03,44
2019-05-04,26
2019-05-05,41
2019-05-06,34
2019-05-07,46
2019-05-08,37
2019-05-09,43
2019-05-10,35
2019-05-11,36
2019-05-12,41
2019-05-13,41
2019-05-14,32
2019-05-15,34
2019-05-16,45
2019-05-17,41
2019-05-18,23
2019-05-19,47
2019-05-20,43
2019-05-21,35
2019-05-22,35
2019-05-23,37
2019-05-24,31
2019-05-25,30
2019-05-26,34
2019-05-27,42
2019-05-28,148
2019-05-29,42
2019-05-30,51
2019-05-31,22
2019-06-01,41
2019-06-02,34
2019-06-03,37
2019-06-04,36
2019-06-05,27
2019-06-06,30
2019-06-07,30
2019-06-08,34
2019-06-09,43
2019-06-10,36
2019-06-11,111
2019-06-12,66
2019-06-13,68
2019-06-14,82
2019-06-15,44
2019-06-16,44
2019-06-17,31
2019-06-18,67
2019-06-19,73
2019-06-20,62
2019-06-21,45
2019-06-22,51
2019-06-23,46
2019-06-24,49
2019-06-25,51
2019-06-26,40
2019-06-27,49
2019-06-28,42
2019-06-29,37
2019-06-30,51
2019-07-01,73
2019-07-02,74
2019-07-03,44
2019-07-04,34
2019-07-05,24
2019-07-06,41
2019-07-07,40
2019-07-08,33
2019-07-09,45
2019-07-10,50
2019-07-11,32
2019-07-12,33
2019-07-13,21
2019-07-14,33
2019-07-15,35
2019-07-16,42
2019-07-17,21
2019-07-18,41
2019-07-19,33
2019-07-20,32
2019-07-21,34
2019-07-22,29
2019-07-23,24
2019-07-24,22
2019-07-25,32
2019-07-26,33
2019-07-27,16
2019-07-28,34
2019-07-29,24
2019-07-30,26
2019-07-31,26
2019-08-01,42
2019-08-02,41
2019-08-03,22
2019-08-04,20
2019-08-05,26
2019-08-06,26
2019-08-07,34
2019-08-08,41
2019-08-09,33
2019-08-10,16
2019-08-11,17
2019-08-12,18
2019-08-13,24
2019-08-14,18
2019-08-15,36
2019-08-16,23
2019-08-17,22
2019-08-18,23
2019-08-19,28
2019-08-20,34
2019-08-21,22
2019-08-22,22
2019-08-23,22
2019-08-24,26
2019-08-25,20
2019-08-26,30
2019-08-27,30
2019-08-28,28
2019-08-29,37
2019-08-30,12
2019-08-31,16
2019-09-01,20
2019-09-02,27
2019-09-03,21
2019-09-04,30
2019-09-05,27
2019-09-06,18
2019-09-07,21
2019-09-08,23
2019-09-09,22
2019-09-10,30
2019-09-11,22
2019-09-12,26
2019-09-13,15
2019-09-14,9
2019-09-15,20
2019-09-16,19
2019-09-17,19
2019-09-18,12
2019-09-19,68
2019-09-20,66
2019-09-21,49
2019-09-22,66
2019-09-23,68
2019-09-24,44
2019-09-25,42
2019-09-26,31
2019-09-27,39
2019-09-28,49
2019-09-29,23
2019-09-30,31
2019-10-01,35
2019-10-02,39
2019-10-03,39
2019-10-04,32
2019-10-05,34
2019-10-06,38
2019-10-07,27
2019-10-08,19
2019-10-09,36
2019-10-10,32
2019-10-11,26
2019-10-12,21
2019-10-13,26
2019-10-14,23
2019-10-15,24
2019-10-16,27
2019-10-17,20
2019-10-18,28
2019-10-19,33
2019-10-20,16
2019-10-21,31
2019-10-22,26
2019-10-23,27
2019-10-24,18
2019-10-25,31
2019-10-26,17
2019-10-27,19
2019-10-28,25
2019-10-29,12
2019-10-30,31
2019-10-31,34
2019-11-01,38
2019-11-02,28
2019-11-03,25
2019-11-04,33
2019-11-05,16
2019-11-06,23
2019-11-07,22
2019-11-08,8
2019-11-09,25
2019-11-10,23
2019-11-11,36
2019-11-12,26
2019-11-13,24
2019-11-14,40
2019-11-15,22
2019-11-16,15
2019-11-17,14
2019-11-18,19
2019-11-19,26
2019-11-20,20
2019-11-21,18
2019-11-22,22
2019-11-23,24
2019-11-24,24
2019-11-25,26
2019-11-26,19
2019-11-27,21
2019-11-28,27
2019-11-29,41
2019-11-30,21
2019-12-01,17
2019-12-02,18
2019-12-03,18
2019-12-04,27
2019-12-05,38
2019-12-06,28
2019-12-07,25
2019-12-08,22
2019-12-09,32
2019-12-10,63
2019-12-11,45
2019-12-12,40
2019-12-13,23
2019-12-14,33
2019-12-15,33
2019-12-16,73
2019-12-17,33
2019-12-18,35
2019-12-19,31
2019-12-20,15
2019-12-21,24
2019-12-22,19
2019-12-23,19
2019-12-24,17
2019-12-25,9
2019-12-26,16
2019-12-27,11
2019-12-28,14
2019-12-29,33
2019-12-30,21
2019-12-31,17
2020-01-01,12
2020-01-02,28
2020-01-03,17
2020-01-04,11
2020-01-05,25
2020-01-06,19
2020-01-07,16
2020-01-08,22
2020-01-09,16
2020-01-10,19
2020-01-11,27
2020-01-12,17
2020-01-13,24
2020-01-14,22
2020-01-15,26
2020-01-16,26
2020-01-17,16
2020-01-18,13
2020-01-19,22
2020-01-20,18
2020-01-21,23
2020-01-22,20
2020-01-23,17
2020-01-24,19
2020-01-25,24
2020-01-26,20
2020-01-27,8
2020-01-28,16
2020-01-29,15
2020-01-30,18
2020-01-31,26
2020-02-01,13
2020-02-02,23
2020-02-03,28
2020-02-04,22
2020-02-05,18
2020-02-06,22
2020-02-07,23
2020-02-08,26
2020-02-09,19
2020-02-10,28
2020-02-11,144
2020-02-12,246
2020-02-13,128
2020-02-14,76
2020-02-15,47
2020-02-16,67
2020-02-17,41
2020-02-18,50
2020-02-19,45
2020-02-20,30
2020-02-21,29
2020-02-22,24
2020-02-23,28
2020-02-24,30
2020-02-25,21
2020-02-26,29
2020-02-27,21
2020-02-28,14
2020-02-29,23
2020-03-01,29
2020-03-02,27
2020-03-03,31
2020-03-04,32
2020-03-05,52
2020-03-06,62
2020-03-07,48
2020-03-08,25
2020-03-09,33
2020-03-10,24
2020-03-11,34
2020-03-12,34
2020-03-13,30
2020-03-14,21
2020-03-15,31
2020-03-16,32
2020-03-17,27
2020-03-18,19
2020-03-19,26
2020-03-20,17
2020-03-21,22
2020-03-22,24
2020-03-23,39
2020-03-24,27
2020-03-25,21
2020-03-26,29
2020-03-27,17
2020-03-28,21
2020-03-29,28
2020-03-30,20
2020-03-31,18
2020-04-01,19
2020-04-02,20
2020-04-03,29
2020-04-04,12
2020-04-05,42
2020-04-06,11
2020-04-07,16
2020-04-08,17
2020-04-09,25
2020-04-10,35
2020-04-11,23
2020-04-12,36
2020-04-13,25
2020-04-14,21
2020-04-15,25
2020-04-16,18
2020-04-17,13
2020-04-18,25
2020-04-19,38
2020-04-20,40
2020-04-21,27
2020-04-22,35
2020-04-23,25
2020-04-24,21
2020-04-25,26
2020-04-26,26
2020-04-27,24
2020-04-28,25
2020-04-29,30
2020-04-30,27
2020-05-01,26
2020-05-02,29
2020-05-03,23
2020-05-04,36
2020-05-05,39
2020-05-06,44
2020-05-07,17
2020-05-08,24
2020-05-09,30
2020-05-10,14
2020-05-11,26
2020-05-12,49
2020-05-13,32
2020-05-14,22
2020-05-15,29
2020-05-16,25
2020-05-17,21
2020-05-18,19
2020-05-19,26
2020-05-20,19
2020-05-21,30
2020-05-22,25
2020-05-23,20
2020-05-24,18
2020-05-25,29
2020-05-26,19
2020-05-27,13
2020-05-28,18
2020-05-29,17
2020-05-30,18
2020-05-31,28
2020-06-01,17
2020-06-02,38
2020-06-03,21
2020-06-04,17
2020-06-05,13
2020-06-06,12
2020-06-07,16
2020-06-08,35
2020-06-09,11
2020-06-10,24
2020-06-11,17
2020-06-12,17
2020-06-13,15
2020-06-14,11
2020-06-15,16
2020-06-16,21
2020-06-17,24
2020-06-18,15
2020-06-19,22
2020-06-20,20
2020-06-21,22
2020-06-22,26
2020-06-23,30
2020-06-24,14
2020-06-25,20
2020-06-26,15
2020-06-27,20
2020-06-28,14
2020-06-29,31
2020-06-30,27
2020-07-01,20
2020-07-02,27
2020-07-03,12
2020-07-04,11
2020-07-05,19
2020-07-06,22
2020-07-07,19
2020-07-08,14
2020-07-09,28
2020-07-10,22
2020-07-11,17
2020-07-12,18
2020-07-13,22
2020-07-14,26
2020-07-15,17
2020-07-16,12
2020-07-17,18
2020-07-18,10
2020-07-19,22
2020-07-20,22
2020-07-21,18
2020-07-22,16
2020-07-23,27
2020-07-24,26
2020-07-25,24
2020-07-26,36
2020-07-27,29
2020-07-28,24
2020-07-29,18
2020-07-30,19
2020-07-31,20
2020-08-01,22
2020-08-02,18
2020-08-03,31
2020-08-04,23
2020-08-05,34
2020-08-06,20
2020-08-07,20
2020-08-08,31
2020-08-09,18
2020-08-10,19
2020-08-11,25
2020-08-12,20
2020-08-13,27
2020-08-14,24
2020-08-15,21
2020-08-16,22
2020-08-17,21
2020-08-18,20
2020-08-19,21
2020-08-20,20
2020-08-21,17
2020-08-22,17
2020-08-23,19
2020-08-24,28
2020-08-25,20
2020-08-26,20
2020-08-27,24
2020-08-28,18
2020-08-29,17
2020-08-30,25
2020-08-31,27
2020-09-01,30
2020-09-02,52
2020-09-03,26
2020-09-04,19
2020-09-05,15
2020-09-06,24
2020-09-07,13
2020-09-08,20
2020-09-09,18
2020-09-10,18
2020-09-11,19
2020-09-12,19
2020-09-13,34
2020-09-14,29
2020-09-15,21
2020-09-16,15
2020-09-17,60
2020-09-18,27
2020-09-19,33
2020-09-20,18
2020-09-21,25
2020-09-22,202
2020-09-23,62
2020-09-24,59
2020-09-25,20
2020-09-26,22
2020-09-27,28
2020-09-28,17
2020-09-29,40
2020-09-30,61
2020-10-01,16
2020-10-02,24
2020-10-03,24
2020-10-04,16
2020-10-05,13
2020-10-06,15
2020-10-07,6
2020-10-08,17
2020-10-09,22
2020-10-10,19
2020-10-11,14
2020-10-12,27
2020-10-13,21
2020-10-14,25
2020-10-15,38
2020-10-16,27
2020-10-17,32
2020-10-18,34
2020-10-19,48
2020-10-20,29
2020-10-21,49
2020-10-22,52
2020-10-23,27
2020-10-24,74
2020-10-25,24
2020-10-26,17
2020-10-27,25
2020-10-28,33
2020-10-29,25
2020-10-30,18
2020-10-31,21
2020-11-01,15
2020-11-02,14
2020-11-03,14
2020-11-04,24
2020-11-05,17
2020-11-06,23
2020-11-07,25
2020-11-08,19
2020-11-09,38
2020-11-10,24
2020-11-11,26
2020-11-12,35
2020-11-13,19
2020-11-14,20
2020-11-15,26
2020-11-16,23
2020-11-17,17
2020-11-18,35
2020-11-19,33
2020-11-20,25
2020-11-21,30
2020-11-22,29
2020-11-23,24
2020-11-24,22
2020-11-25,25
2020-11-26,24
2020-11-27,30
2020-11-28,33
2020-11-29,30
2020-11-30,45
2020-12-01,36
2020-12-02,25
2020-12-03,20
2020-12-04,23
2020-12-05,22
2020-12-06,22
2020-12-07,23
2020-12-08,17
2020-12-09,36
2020-12-10,34
2020-12-11,27
2020-12-12,25
2020-12-13,20
2020-12-14,25
2020-12-15,26
2020-12-16,34
2020-12-17,25
2020-12-18,31
2020-12-19,28
2020-12-20,35
2020-12-21,38
2020-12-22,19
2020-12-23,26
2020-12-24,29
2020-12-25,23
2020-12-26,35
2020-12-27,39
2020-12-28,20
2020-12-29,30
2020-12-30,36
2020-12-31,33
2021-01-01,41
2021-01-02,36
2021-01-03,44
2021-01-04,49
2021-01-05,52
2021-01-06,49
2021-01-07,48
2021-01-08,48
2021-01-09,36
2021-01-10,52
2021-01-11,43
2021-01-12,51
2021-01-13,60
2021-01-14,109
2021-01-15,33
2021-01-16,47
2021-01-17,68
2021-01-18,55
2021-01-19,32
2021-01-20,32
2021-01-21,22
2021-01-22,37
2021-01-23,35
2021-01-24,77
2021-01-25,42
2021-01-26,33
2021-01-27,24
2021-01-28,66
2021-01-29,52
2021-01-30,81
2021-01-31,41
2021-02-01,43
2021-02-02,47
2021-02-03,46
2021-02-04,51
2021-02-05,46
2021-02-06,84
2021-02-07,55
2021-02-08,43
2021-02-09,59
2021-02-10,40
2021-02-11,45
2021-02-12,54
2021-02-13,45
2021-02-14,37
2021-02-15,67
2021-02-16,49
2021-02-17,54
2021-02-18,54
2021-02-19,41
2021-02-20,52
2021-02-21,66
2021-02-22,63
2021-02-23,50
2021-02-24,55
2021-02-25,41
2021-02-26,53
2021-02-27,61
2021-02-28,37
2021-03-01,40
2021-03-02,56
2021-03-03,183
2021-03-04,42
2021-03-05,55
2021-03-06,47
2021-03-07,49
2021-03-08,58
2021-03-09,46
2021-03-10,30
2021-03-11,46
2021-03-12,73
2021-03-13,34
2021-03-14,40
2021-03-15,48
2021-03-16,52
2021-03-17,62
2021-03-18,35
2021-03-19,41
2021-03-20,41
2021-03-21,47
2021-03-22,45
2021-03-23,43
2021-03-24,37
2021-03-25,55
2021-03-26,41
2021-03-27,30
2021-03-28,42
2021-03-29,43
2021-03-30,39
2021-03-31,45
2021-04-01,41
2021-04-02,34
2021-04-03,28
2021-04-04,45
2021-04-05,33
2021-04-06,37
2021-04-07,61
2021-04-08,37
2021-04-09,43
2021-04-10,29
2021-04-11,41
2021-04-12,55
2021-04-13,41
2021-04-14,49
2021-04-15,39
2021-04-16,69
2021-04-17,45
2021-04-18,52
2021-04-19,62
2021-04-20,44
2021-04-21,39
2021-04-22,41
2021-04-23,58
2021-04-24,45
2021-04-25,46
2021-04-26,50
2021-04-27,60
2021-04-28,79
2021-04-29,73
2021-04-30,98
2021-05-01,65
2021-05-02,50
2021-05-03,50
2021-05-04,60
2021-05-05,56
2021-05-06,73
2021-05-07,68
2021-05-08,62
2021-05-09,77
2021-05-10,77
2021-05-11,75
2021-05-12,66
2021-05-13,78
2021-05-14,86
2021-05-15,72
2021-05-16,56
2021-05-17,67
2021-05-18,68
2021-05-19,116
2021-05-20,95
2021-05-21,79
2021-05-22,105
2021-05-23,91
2021-05-24,89
2021-05-25,146
2021-05-26,95
2021-05-27,73
2021-05-28,85
2021-05-29,92
2021-05-30,75
2021-05-31,55
2021-06-01,56
2021-06-02,48
2021-06-03,49
2021-06-04,43
2021-06-05,51
2021-06-06,59
2021-06-07,48
2021-06-08,40
2021-06-09,56
2021-06-10,54
2021-06-11,62
2021-06-12,58
2021-06-13,39
2021-06-14,39
2021-06-15,37
2021-06-16,48
2021-06-17,35
2021-06-18,47
2021-06-19,33
2021-06-20,49
2021-06-21,66
2021-06-22,42
2021-06-23,39
2021-06-24,56
2021-06-25,45
2021-06-26,38
2021-06-27,34
2021-06-28,48
2021-06-29,28
2021-06-30,37
2021-07-01,30
2021-07-02,23
2021-07-03,31
2021-07-04,35
2021-07-05,38
2021-07-06,34
2021-07-07,38
2021-07-08,37
2021-07-09,30
2021-07-10,41
2021-07-11,43
2021-07-12,35
2021-07-13,42
2021-07-14,48
2021-07-15,28
2021-07-16,37
2021-07-17,42
2021-07-18,37
2021-07-19,42
2021-07-20,27
2021-07-21,33
2021-07-22,36
2021-07-23,24
2021-07-24,20
2021-07-25,32
2021-07-26,32
2021-07-27,18
2021-07-28,37
2021-07-29,34
2021-07-30,31
2021-07-31,35
2021-08-01,39
2021-08-02,48
2021-08-03,68
2021-08-04,54
2021-08-05,54
2021-08-06,28
2021-08-07,25
2021-08-08,42
2021-08-09,30
2021-08-10,31
2021-08-11,31
2021-08-12,54
2021-08-13,32
2021-08-14,27
2021-08-15,35
2021-08-16,33
2021-08-17,25
2021-08-18,33
2021-08-19,34
2021-08-20,40
2021-08-21,32
2021-08-22,28
2021-08-23,37
2021-08-24,47
2021-08-25,43
2021-08-26,30
2021-08-27,38
2021-08-28,38
2021-08-29,39
2021-08-30,39
2021-08-31,38
2021-09-01,29
2021-09-02,79
2021-09-03,21
2021-09-04,33
2021-09-05,33
2021-09-06,41
2021-09-07,37
2021-09-08,36
2021-09-09,31
2021-09-10,39
2021-09-11,47
2021-09-12,37
2021-09-13,41
2021-09-14,53
2021-09-15,36
2021-09-16,39
2021-09-17,49
2021-09-18,33
2021-09-19,52
2021-09-20,33
2021-09-21,47
2021-09-22,39
2021-09-23,38
2021-09-24,38
2021-09-25,34
2021-09-26,44
2021-09-27,42
2021-09-28,37
2021-09-29,44
2021-09-30,45
2021-10-01,43
2021-10-02,40
2021-10-03,32
2021-10-04,38
2021-10-05,37
2021-10-06,47
2021-10-07,59
2021-10-08,37
2021-10-09,43
2021-10-10,52
2021-10-11,39
2021-10-12,42
2021-10-13,50
2021-10-14,44
2021-10-15,36
2021-10-16,39
2021-10-17,83
2021-10-18,174
2021-10-19,30
2021-10-20,49
2021-10-21,55
2021-10-22,60
2021-10-23,100
2021-10-24,87
2021-10-25,157
2021-10-26,97
2021-10-27,56
2021-10-28,51
2021-10-29,64
2021-10-30,67
2021-10-31,77
2021-11-01,98
2021-11-02,80
2021-11-03,81
2021-11-04,89
2021-11-05,64
2021-11-06,162
2021-11-07,136
2021-11-08,161
2021-11-09,96
2021-11-10,76
2021-11-11,120
2021-11-12,126
2021-11-13,96
2021-11-14,91
2021-11-15,73
2021-11-16,65
2021-11-17,193
2021-11-18,111
2021-11-19,102
2021-11-20,94
2021-11-21,111
2021-11-22,95
2021-11-23,105
2021-11-24,93
2021-11-25,81
2021-11-26,97
2021-11-27,80
2021-11-28,76
2021-11-29,72
2021-11-30,54
2021-12-01,51
2021-12-02,63
2021-12-03,55
2021-12-04,57
2021-12-05,62
2021-12-06,69
2021-12-07,53
2021-12-08,63
2021-12-09,53
2021-12-10,50
2021-12-11,42
2021-12-12,90
2021-12-13,62
2021-12-14,49
2021-12-15,65
2021-12-16,46
2021-12-17,43
2021-12-18,50
2021-12-19,39
2021-12-20,39
2021-12-21,40
2021-12-22,47
2021-12-23,44
2021-12-24,45
2021-12-25,50
2021-12-26,53
2021-12-27,51
2021-12-28,47
2021-12-29,51
2021-12-30,56
2021-12-31,52
2022-01-01,35
2022-01-02,46
2022-01-03,38
2022-01-04,87
2022-01-05,72
2022-01-06,72
2022-01-07,57
2022-01-08,56
2022-01-09,82
2022-01-10,48
2022-01-11,44
2022-01-12,74
2022-01-13,43
2022-01-14,45
2022-01-15,35
2022-01-16,53
2022-01-17,56
2022-01-18,58
2022-01-19,54
2022-01-20,60
2022-01-21,61
2022-01-22,53
2022-01-23,51
2022-01-24,64
2022-01-25,70
2022-01-26,38
2022-01-27,55
2022-01-28,52
2022-01-29,70
2022-01-30,42
2022-01-31,63
2022-02-01,57
2022-02-02,66
2022-02-03,61
2022-02-04,52
2022-02-05,44
2022-02-06,48
2022-02-07,71
2022-02-08,82
2022-02-09,55
2022-02-10,75
2022-02-11,46
2022-02-12,49
2022-02-13,43
2022-02-14,77
2022-02-15,75
2022-02-16,62
2022-02-17,58
2022-02-18,55
2022-02-19,49
2022-02-20,42
2022-02-21,39
2022-02-22,50
2022-02-23,41
2022-02-24,46
2022-02-25,38
2022-02-26,45
2022-02-27,35
2022-02-28,48
2022-03-01,33
2022-03-02,58
2022-03-03,38
2022-03-04,38
2022-03-05,39
2022-03-06,25
2022-03-07,56
2022-03-08,50
2022-03-09,51
2022-03-10,59
2022-03-11,118
2022-03-12,41
2022-03-13,43
2022-03-14,51
2022-03-15,42
2022-03-16,40
2022-03-17,30
2022-03-18,34
2022-03-19,21
2022-03-20,35
2022-03-21,45
2022-03-22,40
2022-03-23,70
2022-03-24,46
2022-03-25,40
2022-03-26,42
2022-03-27,35
2022-03-28,51
2022-03-29,43
2022-03-30,49
2022-03-31,49
2022-04-01,51
2022-04-02,35
2022-04-03,35
2022-04-04,48
2022-04-05,32
2022-04-06,38
2022-04-07,74
2022-04-08,49
2022-04-09,26
2022-04-10,34
2022-04-11,48
2022-04-12,45
2022-04-13,41
2022-04-14,44
2022-04-15,37
2022-04-16,35
2022-04-17,37
2022-04-18,33
2022-04-19,51
2022-04-20,47
2022-04-21,31
2022-04-22,40
2022-04-23,27
2022-04-24,27
2022-04-25,39
2022-04-26,38
2022-04-27,38
2022-04-28,37
2022-04-29,33
2022-04-30,21
2022-05-01,38
2022-05-02,39
2022-05-03,34
2022-05-04,62
2022-05-05,28
2022-05-06,64
2022-05-07,35
2022-05-08,42
2022-05-09,48
2022-05-10,53
2022-05-11,60
2022-05-12,72
2022-05-13,71
2022-05-14,57
2022-05-15,32
2022-05-16,45
2022-05-17,33
2022-05-18,40
2022-05-19,35
2022-05-20,37
2022-05-21,35
2022-05-22,30
2022-05-23,44
2022-05-24,71
2022-05-25,49
2022-05-26,29
2022-05-27,47
2022-05-28,42
2022-05-29,41
2022-05-30,42
2022-05-31,28
2022-06-01,29
2022-06-02,45
2022-06-03,37
2022-06-04,26
2022-06-05,34
2022-06-06,105
2022-06-07,46
2022-06-08,34
2022-06-09,48
2022-06-10,34
2022-06-11,34
2022-06-12,34
2022-06-13,34
2022-06-14,66
2022-06-15,54
2022-06-16,28
2022-06-17,32
2022-06-18,42
2022-06-19,53
2022-06-20,46
2022-06-21,37
2022-06-22,16
2022-06-23,29
2022-06-24,40
2022-06-25,33
2022-06-26,23
2022-06-27,23
2022-06-28,27
2022-06-29,39
2022-06-30,46
2022-07-01,36
2022-07-02,34
2022-07-03,30
2022-07-04,20
2022-07-05,29
2022-07-06,36
2022-07-07,28
2022-07-08,41
2022-07-09,29
2022-07-10,25
2022-07-11,36
2022-07-12,32
2022-07-13,32
2022-07-14,31
2022-07-15,48
2022-07-16,27
2022-07-17,30
2022-07-18,20
2022-07-19,27
2022-07-20,35
2022-07-21,33
2022-07-22,27
2022-07-23,29
2022-07-24,17
2022-07-25,37
2022-07-26,35
2022-07-27,36
2022-07-28,18
2022-07-29,31
2022-07-30,33
2022-07-31,40
2022-08-01,45
2022-08-02,28
2022-08-03,29
2022-08-04,26
2022-08-05,27
2022-08-06,27
2022-08-07,24
2022-08-08,26
2022-08-09,32
2022-08-10,23
2022-08-11,24
2022-08-12,17
2022-08-13,24
2022-08-14,22
2022-08-15,38
2022-08-16,30
2022-08-17,14
2022-08-18,20
2022-08-19,22
2022-08-20,30
2022-08-21,26
2022-08-22,36
2022-08-23,32
2022-08-24,36
2022-08-25,25
2022-08-26,65
2022-08-27,36
2022-08-28,38
2022-08-29,41
2022-08-30,46
2022-08-31,42
2022-09-01,50
2022-09-02,30
2022-09-03,25
2022-09-04,33
2022-09-05,34
2022-09-06,26
2022-09-07,27
2022-09-08,45
2022-09-09,28
2022-09-10,62
2022-09-11,22
2022-09-12,32
2022-09-13,41
2022-09-14,26
2022-09-15,35
2022-09-16,62
2022-09-17,28
2022-09-18,41
2022-09-19,42
2022-09-20,36
2022-09-21,39
2022-09-22,54
2022-09-23,25
2022-09-24,24
2022-09-25,28
2022-09-26,59
2022-09-27,49
2022-09-28,85
2022-09-29,51
2022-09-30,33
2022-10-01,48
2022-10-02,31
2022-10-03,45
2022-10-04,36
2022-10-05,38
2022-10-06,31
2022-10-07,40
2022-10-08,35
2022-10-09,40
2022-10-10,42
2022-10-11,34
2022-10-12,35
2022-10-13,70
2022-10-14,56
2022-10-15,29
2022-10-16,30
2022-10-17,30
2022-10-18,43
2022-10-19,51
2022-10-20,24
2022-10-21,33
2022-10-22,36
2022-10-23,31
2022-10-24,20
2022-10-25,52
2022-10-26,37
2022-10-27,45
2022-10-28,46
2022-10-29,39
2022-10-30,38
2022-10-31,41
2022-11-01,42
2022-11-02,39
2022-11-03,46
2022-11-04,56
2022-11-05,43
2022-11-06,29
2022-11-07,31
2022-11-08,28
2022-11-09,40
2022-11-10,45
2022-11-11,64
2022-11-12,79
2022-11-13,70
2022-11-14,102
2022-11-15,87
2022-11-16,54
2022-11-17,72
2022-11-18,67
2022-11-19,63
2022-11-20,40
2022-11-21,51
2022-11-22,57
2022-11-23,58
2022-11-24,51
2022-11-25,82
2022-11-26,43
2022-11-27,44
2022-11-28,114
2022-11-29,36
2022-11-30,34
2022-12-01,53
2022-12-02,40
2022-12-03,42
2022-12-04,29
2022-12-05,31
2022-12-06,43
2022-12-07,44
2022-12-08,49
2022-12-09,29
2022-12-10,67
2022-12-11,62
2022-12-12,49
2022-12-13,50
2022-12-14,81
2022-12-15,60
2022-12-16,35
2022-12-17,52
2022-12-18,65
2022-12-19,69
2022-12-20,50
2022-12-21,35
2022-12-22,43
2022-12-23,54
2022-12-24,44
2022-12-25,53
2022-12-26,52
2022-12-27,26
2022-12-28,39
2022-12-29,37
2022-12-30,61
2022-12-31,34
2023-01-01,32
2023-01-02,37
2023-01-03,63
2023-01-04,47
2023-01-05,40
2023-01-06,30
2023-01-07,44
2023-01-08,31
2023-01-09,38
2023-01-10,55
2023-01-11,49
2023-01-12,43
2023-01-13,39
2023-01-14,29
2023-01-15,32
2023-01-16,47
2023-01-17,34
2023-01-18,36
2023-01-19,48
2023-01-20,46
2023-01-21,40
2023-01-22,33
2023-01-23,42
2023-01-24,53
2023-01-25,28
2023-01-26,35
2023-01-27,34
2023-01-28,37
2023-01-29,30
2023-01-30,34
2023-01-31,135
2023-02-01,43
2023-02-02,19
2023-02-03,26
2023-02-04,35
2023-02-05,29
2023-02-06,32
2023-02-07,28
2023-02-08,30
2023-02-09,19
2023-02-10,55
2023-02-11,17
2023-02-12,26
2023-02-13,21
2023-02-14,27
2023-02-15,24
2023-02-16,25
2023-02-17,16
2023-02-18,38
2023-02-19,16
2023-02-20,19
2023-02-21,21
2023-02-22,29
2023-02-23,17
2023-02-24,33
2023-02-25,28
2023-02-26,26
2023-02-27,34
2023-02-28,25
2023-03-01,27
2023-03-02,23
2023-03-03,18
2023-03-04,29
2023-03-05,21
2023-03-06,26
2023-03-07,22
2023-03-08,28
2023-03-09,24
2023-03-10,21
2023-03-11,33
2023-03-12,24
2023-03-13,42
2023-03-14,23
2023-03-15,26
2023-03-16,27
2023-03-17,34
2023-03-18,17
2023-03-19,25
2023-03-20,27
2023-03-21,35
2023-03-22,23
2023-03-23,28
2023-03-24,28
2023-03-25,41
2023-03-26,26
2023-03-27,38
2023-03-28,35
2023-03-29,38
2023-03-30,35
2023-03-31,27
2023-04-01,31
2023-04-02,26
2023-04-03,24
2023-04-04,27
2023-04-05,24
2023-04-06,24
2023-04-07,50
2023-04-08,25
2023-04-09,9
2023-04-10,19
2023-04-11,33
2023-04-12,26
2023-04-13,28
2023-04-14,19
2023-04-15,15
2023-04-16,18
2023-04-17,21
2023-04-18,24
2023-04-19,24
2023-04-20,37
2023-04-21,17
2023-04-22,19
2023-04-23,16
2023-04-24,26
2023-04-25,34
2023-04-26,31
2023-04-27,21
2023-04-28,20
2023-04-29,37
2023-04-30,29
2023-05-01,27
2023-05-02,27
2023-05-03,40
2023-05-04,32
2023-05-05,40
2023-05-06,23
2023-05-07,21
2023-05-08,23
2023-05-09,52
2023-05-10,50
2023-05-11,21
2023-05-12,18
2023-05-13,20
2023-05-14,23
2023-05-15,22
2023-05-16,27
2023-05-17,14
2023-05-18,32
2023-05-19,28
2023-05-20,22
2023-05-21,24
2023-05-22,27
2023-05-23,33
2023-05-24,30
2023-05-25,18
2023-05-26,33
2023-05-27,15
2023-05-28,13
2023-05-29,24
2023-05-30,22
2023-05-31,19
2023-06-01,25
2023-06-02,30
2023-06-03,12
2023-06-04,28
2023-06-05,25
2023-06-06,28
2023-06-07,32
2023-06-08,23
2023-06-09,47
2023-06-10,23
2023-06-11,32
2023-06-12,20
2023-06-13,23
2023-06-14,27
2023-06-15,38
2023-06-16,20
2023-06-17,13
2023-06-18,36
2023-06-19,21
2023-06-20,29
2023-06-21,25
2023-06-22,37
2023-06-23,8
2023-06-24,10
2023-06-25,9
2023-06-26,29
2023-06-27,20
2023-06-28,22
2023-06-29,29
2023-06-30,22
2023-07-01,17
2023-07-02,18
2023-07-03,27
2023-07-04,23
2023-07-05,11
2023-07-06,20
2023-07-07,25
2023-07-08,18
2023-07-09,28
2023-07-10,22
2023-07-11,18
2023-07-12,17
2023-07-13,27
2023-07-14,23
2023-07-15,28
2023-07-16,17
2023-07-17,14
2023-07-18,17
2023-07-19,14
2023-07-20,17
2023-07-21,24
2023-07-22,13
2023-07-23,14
2023-07-24,16
2023-07-25,24
2023-07-26,24
2023-07-27,25
2023-07-28,21
2023-07-29,17
2023-07-30,29
2023-07-31,41
2023-08-01,78
2023-08-02,21
2023-08-03,27
2023-08-04,19
2023-08-05,20
2023-08-06,19
2023-08-07,27
2023-08-08,32
2023-08-09,32
2023-08-10,31
2023-08-11,25
2023-08-12,15
2023-08-13,10
2023-08-14,24
2023-08-15,28
2023-08-16,23
2023-08-17,26
2023-08-18,25
2023-08-19,25
2023-08-20,27
2023-08-21,23
2023-08-22,29
2023-08-23,25
2023-08-24,24
2023-08-25,23
2023-08-26,17
2023-08-27,13
2023-08-28,30
2023-08-29,58
2023-08-30,14
2023-08-31,33
2023-09-01,85
2023-09-02,16
2023-09-03,16
2023-09-04,16
2023-09-05,15
2023-09-06,21
2023-09-07,20
2023-09-08,24
2023-09-09,17
2023-09-10,28
2023-09-11,21
2023-09-12,18
2023-09-13,10
2023-09-14,31
2023-09-15,25
2023-09-16,19
2023-09-17,24
2023-09-18,13
2023-09-19,33
2023-09-20,33
2023-09-21,23
2023-09-22,29
2023-09-23,22
2023-09-24,48
2023-09-25,20
2023-09-26,17
2023-09-27,24
2023-09-28,14
2023-09-29,48
2023-09-30,14
2023-10-01,19
2023-10-02,20
2023-10-03,32
2023-10-04,32
2023-10-05,36
2023-10-06,26
2023-10-07,16
2023-10-08,31
2023-10-09,30
2023-10-10,22
2023-10-11,33
2023-10-12,30
2023-10-13,29
2023-10-14,13
2023-10-15,19
2023-10-16,40
2023-10-17,15
2023-10-18,25
2023-10-19,31
2023-10-20,35
2023-10-21,15
2023-10-22,26
2023-10-23,49
2023-10-24,24
2023-10-25,22
2023-10-26,36
2023-10-27,28
2023-10-28,18
2023-10-29,34
2023-10-30,24
2023-10-31,19
2023-11-01,22
2023-11-02,21
2023-11-03,33
2023-11-04,26
2023-11-05,15
2023-11-06,25
2023-11-07,19
2023-11-08,33
2023-11-09,39
2023-11-10,33
2023-11-11,23
2023-11-12,26
2023-11-13,16
2023-11-14,22
2023-11-15,26
2023-11-16,19
2023-11-17,12
2023-11-18,12
2023-11-19,30
2023-11-20,23
2023-11-21,32
2023-11-22,34
2023-11-23,27
2023-11-24,90
2023-11-25,39
2023-11-26,23
2023-11-27,29
2023-11-28,34
2023-11-29,41
2023-11-30,37
2023-12-01,29
2023-12-02,46
2023-12-03,24
2023-12-04,19
2023-12-05,37
2023-12-06,27
2023-12-07,21
2023-12-08,25
2023-12-09,23
2023-12-10,38
2023-12-11,49
2023-12-12,23
2023-12-13,28
2023-12-14,28
2023-12-15,21
2023-12-16,24
2023-12-17,19
2023-12-18,23
2023-12-19,34
2023-12-20,25
2023-12-21,25
2023-12-22,41
2023-12-23,21
2023-12-24,21
2023-12-25,23
2023-12-26,9
2023-12-27,28
2023-12-28,17
2023-12-29,17
2023-12-30,22
2023-12-31,18
2024-01-01,21
2024-01-02,22
2024-01-03,27
2024-01-04,29
2024-01-05,23
2024-01-06,27
2024-01-07,33
2024-01-08,31
2024-01-09,23
2024-01-10,17
2024-01-11,29
2024-01-12,32
2024-01-13,24
2024-01-14,29
2024-01-15,43
2024-01-16,18
2024-01-17,24
2024-01-18,39
2024-01-19,17
2024-01-20,27
2024-01-21,23
2024-01-22,24
2024-01-23,30
2024-01-24,28
2024-01-25,55
2024-01-26,37
2024-01-27,16
2024-01-28,17
2024-01-29,43
2024-01-30,25
2024-01-31,32
2024-02-01,17
2024-02-02,20
2024-02-03,22
2024-02-04,22
2024-02-05,23
2024-02-06,39
2024-02-07,27
2024-02-08,27
2024-02-09,29
2024-02-10,25
2024-02-11,20
2024-02-12,20
2024-02-13,26
2024-02-14,23
2024-02-15,35
2024-02-16,31
2024-02-17,22
2024-02-18,16
2024-02-19,27
2024-02-20,33
2024-02-21,27
2024-02-22,23
2024-02-23,27
2024-02-24,20
2024-02-25,30
2024-02-26,21
2024-02-27,33
2024-02-28,49
2024-02-29,37
2024-03-01,28
2024-03-02,27
2024-03-03,24
2024-03-04,42
2024-03-05,35
2024-03-06,51
2024-03-07,31
2024-03-08,32
2024-03-09,43
2024-03-10,21
2024-03-11,34
2024-03-12,37
2024-03-13,45
2024-03-14,41
2024-03-15,38
2024-03-16,31
2024-03-17,26
2024-03-18,37
2024-03-19,23
2024-03-20,21
2024-03-21,20
2024-03-22,23
2024-03-23,43
2024-03-24,20
2024-03-25,34
2024-03-26,35
2024-03-27,27
2024-03-28,43
2024-03-29,33
2024-03-30,41
2024-03-31,32
2024-04-01,30
2024-04-02,29
2024-04-03,57
2024-04-04,25
2024-04-05,32
2024-04-06,17
2024-04-07,25
2024-04-08,25
2024-04-09,27
2024-04-10,39
2024-04-11,34
2024-04-12,37
2024-04-13,14
2024-04-14,27
2024-04-15,50
2024-04-16,39
2024-04-17,41
2024-04-18,23
2024-04-19,27
2024-04-20,23
2024-04-21,34
2024-04-22,41
2024-04-23,31
2024-04-24,38
2024-04-25,35
2024-04-26,37
2024-04-27,27
2024-04-28,32
2024-04-29,23
2024-04-30,24
2024-05-01,28
2024-05-02,25
2024-05-03,17
2024-05-04,33
2024-05-05,32
2024-05-06,34
2024-05-07,22
2024-05-08,22
2024-05-09,34
2024-05-10,27
2024-05-11,31
2024-05-12,19
2024-05-13,20
2024-05-14,27
2024-05-15,35
2024-05-16,34
2024-05-17,28
2024-05-18,37
2024-05-19,22
2024-05-20,20
2024-05-21,30
2024-05-22,57
2024-05-23,26
2024-05-24,26
2024-05-25,25
2024-05-26,27
2024-05-27,38
2024-05-28,29
2024-05-29,34
2024-05-30,36
2024-05-31,29
2024-06-01,25
2024-06-02,24
2024-06-03,35
2024-06-04,36
2024-06-05,28
2024-06-06,24
2024-06-07,28
2024-06-08,30
2024-06-09,23
2024-06-10,29
2024-06-11,28
2024-06-12,36
2024-06-13,41
2024-06-14,33
2024-06-15,30
2024-06-16,37
2024-06-17,39
2024-06-18,31
2024-06-19,32
2024-06-20,34
2024-06-21,36
2024-06-22,23
2024-06-23,22
2024-06-24,24
2024-06-25,37
2024-06-26,40
2024-06-27,50
2024-06-28,17
2024-06-29,38
2024-06-30,23
2024-07-01,21
2024-07-02,31
2024-07-03,25
2024-07-04,27
2024-07-05,28
2024-07-06,25
2024-07-07,26
2024-07-08,32
2024-07-09,27
2024-07-10,34
2024-07-11,29
2024-07-12,29
2024-07-13,33
2024-07-14,51
2024-07-15,25
2024-07-16,39
2024-07-17,34
2024-07-18,47
2024-07-19,27
2024-07-20,35
2024-07-21,43
2024-07-22,38
2024-07-23,30
2024-07-24,32
2024-07-25,40
2024-07-26,48
2024-07-27,33
2024-07-28,32
2024-07-29,56
2024-07-30,60
2024-07-31,38
2024-08-01,45
2024-08-02,27
2024-08-03,36
2024-08-04,23
2024-08-05,19
2024-08-06,28
2024-08-07,36
2024-08-08,28
