Date,BTC_PageViews
2015-07-01,12957
2015-07-02,9802
2015-07-03,8307
2015-07-04,8947
2015-07-05,8692
2015-07-06,10263
2015-07-07,11220
2015-07-08,11147
2015-07-09,9613
2015-07-10,8269
2015-07-11,6960
2015-07-12,7266
2015-07-13,8912
2015-07-14,7770
2015-07-15,7408
2015-07-16,7666
2015-07-17,7071
2015-07-18,6207
2015-07-19,9122
2015-07-20,8820
2015-07-21,8484
2015-07-22,8727
2015-07-23,9252
2015-07-24,7723
2015-07-25,7085
2015-07-26,8297
2015-07-27,9446
2015-07-28,9259
2015-07-29,8886
2015-07-30,8411
2015-07-31,7078
2015-08-01,19155
2015-08-02,13380
2015-08-03,10226
2015-08-04,8776
2015-08-05,8297
2015-08-06,7852
2015-08-07,7736
2015-08-08,6784
2015-08-09,6776
2015-08-10,7722
2015-08-11,7975
2015-08-12,8033
2015-08-13,9529
2015-08-14,7164
2015-08-15,6294
2015-08-16,6528
2015-08-17,7516
2015-08-18,11266
2015-08-19,11741
2015-08-20,10337
2015-08-21,9526
2015-08-22,7411
2015-08-23,8932
2015-08-24,11436
2015-08-25,9503
2015-08-26,10627
2015-08-27,8331
2015-08-28,7371
2015-08-29,8043
2015-08-30,9233
2015-08-31,8710
2015-09-01,9295
2015-09-02,8402
2015-09-03,7967
2015-09-04,6925
2015-09-05,5814
2015-09-06,6183
2015-09-07,7366
2015-09-08,8373
2015-09-09,7966
2015-09-10,8087
2015-09-11,7807
2015-09-12,6732
2015-09-13,6759
2015-09-14,9968
2015-09-15,8844
2015-09-16,8529
2015-09-17,8761
2015-09-18,9291
2015-09-19,7344
2015-09-20,7185
2015-09-21,8482
2015-09-22,9391
2015-09-23,40016
2015-09-24,7567
2015-09-25,9114
2015-09-26,5945
2015-09-27,6308
2015-09-28,7258
2015-09-29,7439
2015-09-30,7521
2015-10-01,6915
2015-10-02,6633
2015-10-03,5799
2015-10-04,6556
2015-10-05,7937
2015-10-06,10580
2015-10-07,9002
2015-10-08,7988
2015-10-09,6977
2015-10-10,5760
2015-10-11,6282
2015-10-12,7768
2015-10-13,7733
2015-10-14,9130
2015-10-15,7470
2015-10-16,6956
2015-10-17,5901
2015-10-18,6319
2015-10-19,8297
2015-10-20,8665
2015-10-21,8204
2015-10-22,8587
2015-10-23,8024
2015-10-24,6160
2015-10-25,6783
2015-10-26,8519
2015-10-27,9033
2015-10-28,9695
2015-10-29,10211
2015-10-30,9029
2015-10-31,6855
2015-11-01,8294
2015-11-02,10020
2015-11-03,11545
2015-11-04,14390
2015-11-05,16294
2015-11-06,11448
2015-11-07,8075
2015-11-08,7956
2015-11-09,11166
2015-11-10,10928
2015-11-11,9358
2015-11-12,9258
2015-11-13,8749
2015-11-14,6794
2015-11-15,7023
2015-11-16,8825
2015-11-17,9949
2015-11-18,9285
2015-11-19,8819
2015-11-20,8254
2015-11-21,7416
2015-11-22,7287
2015-11-23,8246
2015-11-24,7454
2015-11-25,7164
2015-11-26,9513
2015-11-27,7169
2015-11-28,6462
2015-11-29,7059
2015-11-30,9143
2015-12-01,9392
2015-12-02,8799
2015-12-03,8288
2015-12-04,8029
2015-12-05,7077
2015-12-06,7456
2015-12-07,8731
2015-12-08,15178
2015-12-09,63357
2015-12-10,28831
2015-12-11,15030
2015-12-12,10109
2015-12-13,9965
2015-12-14,10789
2015-12-15,13363
2015-12-16,12503
2015-12-17,10082
2015-12-18,8657
2015-12-19,7633
2015-12-20,7718
2015-12-21,9199
2015-12-22,8303
2015-12-23,8266
2015-12-24,7148
2015-12-25,6632
2015-12-26,8664
2015-12-27,13392
2015-12-28,9782
2015-12-29,8690
2015-12-30,8638
2015-12-31,7240
2016-01-01,6245
2016-01-02,7707
2016-01-03,9635
2016-01-04,9914
2016-01-05,9817
2016-01-06,8812
2016-01-07,10472
2016-01-08,8982
2016-01-09,7506
2016-01-10,7441
2016-01-11,9126
2016-01-12,8556
2016-01-13,8535
2016-01-14,8500
2016-01-15,10379
2016-01-16,9734
2016-01-17,10163
2016-01-18,11240
2016-01-19,10285
2016-01-20,9594
2016-01-21,9741
2016-01-22,8986
2016-01-23,6951
2016-01-24,7644
2016-01-25,8952
2016-01-26,8795
2016-01-27,10330
2016-01-28,10867
2016-01-29,9933
2016-01-30,7305
2016-01-31,6889
2016-02-01,8159
2016-02-02,8575
2016-02-03,8334
2016-02-04,8405
2016-02-05,7286
2016-02-06,6576
2016-02-07,7257
2016-02-08,7862
2016-02-09,8240
2016-02-10,8415
2016-02-11,8508
2016-02-12,8265
2016-02-13,7304
2016-02-14,8707
2016-02-15,11516
2016-02-16,11652
2016-02-17,11247
2016-02-18,22016
2016-02-19,15488
2016-02-20,11468
2016-02-21,11411
2016-02-22,11126
2016-02-23,10140
2016-02-24,9726
2016-02-25,9689
2016-02-26,8563
2016-02-27,7438
2016-02-28,7501
2016-02-29,8818
2016-03-01,9774
2016-03-02,9169
2016-03-03,9718
2016-03-04,8221
2016-03-05,7319
2016-03-06,7807
2016-03-07,9903
2016-03-08,9547
2016-03-09,8667
2016-03-10,8231
2016-03-11,7550
2016-03-12,6256
2016-03-13,7127
2016-03-14,10334
2016-03-15,9939
2016-03-16,8767
2016-03-17,8000
2016-03-18,7261
2016-03-19,5803
2016-03-20,6392
2016-03-21,7624
2016-03-22,8206
2016-03-23,8114
2016-03-24,8782
2016-03-25,7324
2016-03-26,6252
2016-03-27,6509
2016-03-28,7847
2016-03-29,8713
2016-03-30,8453
2016-03-31,8131
2016-04-01,7467
2016-04-02,6114
2016-04-03,7076
2016-04-04,8360
2016-04-05,9526
2016-04-06,8212
2016-04-07,8289
2016-04-08,8760
2016-04-09,6351
2016-04-10,6910
2016-04-11,9268
2016-04-12,8641
2016-04-13,9055
2016-04-14,8202
2016-04-15,7162
2016-04-16,5785
2016-04-17,6340
2016-04-18,7743
2016-04-19,9076
2016-04-20,8403
2016-04-21,11381
2016-04-22,9665
2016-04-23,7170
2016-04-24,8433
2016-04-25,9045
2016-04-26,9250
2016-04-27,8777
2016-04-28,9540
2016-04-29,7765
2016-04-30,6176
2016-05-01,6593
2016-05-02,88391
2016-05-03,43326
2016-05-04,20101
2016-05-05,25386
2016-05-06,17048
2016-05-07,11166
2016-05-08,11207
2016-05-09,13087
2016-05-10,12193
2016-05-11,10845
2016-05-12,11455
2016-05-13,9489
2016-05-14,12031
2016-05-15,11799
2016-05-16,11516
2016-05-17,8974
2016-05-18,9947
2016-05-19,12168
2016-05-20,8393
2016-05-21,6660
2016-05-22,7085
2016-05-23,8706
2016-05-24,8943
2016-05-25,8226
2016-05-26,8012
2016-05-27,7843
2016-05-28,7516
2016-05-29,7165
2016-05-30,12745
2016-05-31,13783
2016-06-01,10917
2016-06-02,9668
2016-06-03,9507
2016-06-04,7824
2016-06-05,11299
2016-06-06,10305
2016-06-07,9828
2016-06-08,9526
2016-06-09,9328
2016-06-10,8527
2016-06-11,7960
2016-06-12,8817
2016-06-13,12454
2016-06-14,10859
2016-06-15,10005
2016-06-16,10618
2016-06-17,10851
2016-06-18,8859
2016-06-19,9315
2016-06-20,11896
2016-06-21,11977
2016-06-22,9837
2016-06-23,9912
2016-06-24,19135
2016-06-25,12669
2016-06-26,8292
2016-06-27,11629
2016-06-28,10003
2016-06-29,10158
2016-06-30,9599
2016-07-01,8764
2016-07-02,7717
2016-07-03,8615
2016-07-04,9364
2016-07-05,9447
2016-07-06,9129
2016-07-07,9574
2016-07-08,8771
2016-07-09,8843
2016-07-10,10305
2016-07-11,10443
2016-07-12,10146
2016-07-13,10027
2016-07-14,9109
2016-07-15,8596
2016-07-16,7157
2016-07-17,8148
2016-07-18,8920
2016-07-19,8270
2016-07-20,8357
2016-07-21,8658
2016-07-22,9800
2016-07-23,6549
2016-07-24,7274
2016-07-25,9280
2016-07-26,10095
2016-07-27,10107
2016-07-28,9118
2016-07-29,8102
2016-07-30,7619
2016-07-31,68433
2016-08-01,7849
2016-08-02,8291
2016-08-03,18927
2016-08-04,12782
2016-08-05,9473
2016-08-06,7570
2016-08-07,13610
2016-08-08,12052
2016-08-09,11249
2016-08-10,9015
2016-08-11,8400
2016-08-12,7756
2016-08-13,6851
2016-08-14,6860
2016-08-15,7890
2016-08-16,8422
2016-08-17,8694
2016-08-18,10122
2016-08-19,8392
2016-08-20,6836
2016-08-21,7330
2016-08-22,8395
2016-08-23,8897
2016-08-24,9239
2016-08-25,8900
2016-08-26,8442
2016-08-27,7126
2016-08-28,7543
2016-08-29,8722
2016-08-30,8666
2016-08-31,9172
2016-09-01,8596
2016-09-02,8115
2016-09-03,7347
2016-09-04,7896
2016-09-05,9039
2016-09-06,9374
2016-09-07,9426
2016-09-08,10042
2016-09-09,9121
2016-09-10,8218
2016-09-11,7890
2016-09-12,10175
2016-09-13,11035
2016-09-14,10442
2016-09-15,10277
2016-09-16,10414
2016-09-17,9034
2016-09-18,9227
2016-09-19,9584
2016-09-20,9873
2016-09-21,9285
2016-09-22,9903
2016-09-23,8100
2016-09-24,8840
2016-09-25,7642
2016-09-26,9531
2016-09-27,8507
2016-09-28,8127
2016-09-29,8014
2016-09-30,8491
2016-10-01,7590
2016-10-02,7652
2016-10-03,8347
2016-10-04,9345
2016-10-05,9086
2016-10-06,8649
2016-10-07,8874
2016-10-08,7025
2016-10-09,7078
2016-10-10,7981
2016-10-11,9581
2016-10-12,10134
2016-10-13,8788
2016-10-14,8502
2016-10-15,6829
2016-10-16,7378
2016-10-17,9038
2016-10-18,9037
2016-10-19,8766
2016-10-20,7861
2016-10-21,9966
2016-10-22,6727
2016-10-23,8054
2016-10-24,8868
2016-10-25,9923
2016-10-26,8501
2016-10-27,8667
2016-10-28,14518
2016-10-29,10900
2016-10-30,8571
2016-10-31,12082
2016-11-01,10272
2016-11-02,10374
2016-11-03,9857
2016-11-04,9168
2016-11-05,12204
2016-11-06,10908
2016-11-07,11614
2016-11-08,11807
2016-11-09,12959
2016-11-10,11493
2016-11-11,10046
2016-11-12,8957
2016-11-13,9805
2016-11-14,21607
2016-11-15,11771
2016-11-16,12522
2016-11-17,11377
2016-11-18,10650
2016-11-19,8894
2016-11-20,10466
2016-11-21,11120
2016-11-22,11421
2016-11-23,10960
2016-11-24,11876
2016-11-25,10238
2016-11-26,8430
2016-11-27,9523
2016-11-28,12311
2016-11-29,14544
2016-11-30,12018
2016-12-01,10921
2016-12-02,11564
2016-12-03,8544
2016-12-04,8833
2016-12-05,10512
2016-12-06,11527
2016-12-07,10847
2016-12-08,10893
2016-12-09,9588
2016-12-10,8835
2016-12-11,8676
2016-12-12,10465
2016-12-13,11745
2016-12-14,11373
2016-12-15,10924
2016-12-16,10416
2016-12-17,8770
2016-12-18,9127
2016-12-19,11821
2016-12-20,11646
2016-12-21,12246
2016-12-22,13374
2016-12-23,14116
2016-12-24,11547
2016-12-25,10882
2016-12-26,12433
2016-12-27,13454
2016-12-28,14314
2016-12-29,15813
2016-12-30,16270
2016-12-31,10295
2017-01-01,9554
2017-01-02,22579
2017-01-03,25183
2017-01-04,22281
2017-01-05,24655
2017-01-06,21964
2017-01-07,17362
2017-01-08,16490
2017-01-09,17720
2017-01-10,16258
2017-01-11,17559
2017-01-12,18224
2017-01-13,16546
2017-01-14,15220
2017-01-15,12144
2017-01-16,13679
2017-01-17,16112
2017-01-18,14637
2017-01-19,14435
2017-01-20,11860
2017-01-21,10255
2017-01-22,11029
2017-01-23,14272
2017-01-24,13062
2017-01-25,12050
2017-01-26,11932
2017-01-27,11747
2017-01-28,12571
2017-01-29,11690
2017-01-30,14073
2017-01-31,13225
2017-02-01,13278
2017-02-02,13524
2017-02-03,12876
2017-02-04,11078
2017-02-05,12070
2017-02-06,13166
2017-02-07,13554
2017-02-08,13313
2017-02-09,13381
2017-02-10,12212
2017-02-11,10009
2017-02-12,10944
2017-02-13,12472
2017-02-14,11624
2017-02-15,12330
2017-02-16,12923
2017-02-17,14331
2017-02-18,12842
2017-02-19,10644
2017-02-20,12193
2017-02-21,13870
2017-02-22,13371
2017-02-23,14046
2017-02-24,15834
2017-02-25,17751
2017-02-26,16385
2017-02-27,15063
2017-02-28,15679
2017-03-01,17507
2017-03-02,18929
2017-03-03,40347
2017-03-04,25835
2017-03-05,17862
2017-03-06,20274
2017-03-07,17149
2017-03-08,15721
2017-03-09,15556
2017-03-10,19093
2017-03-11,15958
2017-03-12,14093
2017-03-13,16417
2017-03-14,19528
2017-03-15,17689
2017-03-16,16895
2017-03-17,15663
2017-03-18,15288
2017-03-19,14669
2017-03-20,17922
2017-03-21,16453
2017-03-22,14885
2017-03-23,14546
2017-03-24,13225
2017-03-25,11334
2017-03-26,12736
2017-03-27,13370
2017-03-28,13970
2017-03-29,13533
2017-03-30,13812
2017-03-31,12980
2017-04-01,11815
2017-04-02,11420
2017-04-03,14614
2017-04-04,14537
2017-04-05,13465
2017-04-06,13169
2017-04-07,13208
2017-04-08,11200
2017-04-09,10873
2017-04-10,13166
2017-04-11,16999
2017-04-12,13871
2017-04-13,13786
2017-04-14,12174
2017-04-15,10065
2017-04-16,11044
2017-04-17,18666
2017-04-18,22995
2017-04-19,15773
2017-04-20,14703
2017-04-21,14230
2017-04-22,11143
2017-04-23,12071
2017-04-24,16047
2017-04-25,16503
2017-04-26,14681
2017-04-27,14889
2017-04-28,13791
2017-04-29,11038
2017-04-30,16195
2017-05-01,14544
2017-05-02,17143
2017-05-03,17277
2017-05-04,19238
2017-05-05,16900
2017-05-06,17793
2017-05-07,17777
2017-05-08,19666
2017-05-09,23935
2017-05-10,24385
2017-05-11,25185
2017-05-12,39626
2017-05-13,47817
2017-05-14,43113
2017-05-15,91099
2017-05-16,88685
2017-05-17,59979
2017-05-18,45865
2017-05-19,38662
2017-05-20,33314
2017-05-21,31659
2017-05-22,70929
2017-05-23,77232
2017-05-24,70266
2017-05-25,73348
2017-05-26,61597
2017-05-27,41682
2017-05-28,32640
2017-05-29,35534
2017-05-30,35423
2017-05-31,34254
2017-06-01,31694
2017-06-02,28056
2017-06-03,25776
2017-06-04,23455
2017-06-05,28797
2017-06-06,35757
2017-06-07,33834
2017-06-08,27396
2017-06-09,26320
2017-06-10,23523
2017-06-11,27303
2017-06-12,35940
2017-06-13,32860
2017-06-14,28795
2017-06-15,29145
2017-06-16,28247
2017-06-17,23079
2017-06-18,22615
2017-06-19,25447
2017-06-20,28562
2017-06-21,32491
2017-06-22,30385
2017-06-23,25673
2017-06-24,24171
2017-06-25,22222
2017-06-26,25687
2017-06-27,35577
2017-06-28,45873
2017-06-29,34271
2017-06-30,26499
2017-07-01,23015
2017-07-02,24879
2017-07-03,25546
2017-07-04,25454
2017-07-05,26835
2017-07-06,27578
2017-07-07,24291
2017-07-08,21337
2017-07-09,22075
2017-07-10,26029
2017-07-11,27965
2017-07-12,27322
2017-07-13,28320
2017-07-14,24585
2017-07-15,20377
2017-07-16,20854
2017-07-17,24527
2017-07-18,29243
2017-07-19,31101
2017-07-20,32662
2017-07-21,26503
2017-07-22,23406
2017-07-23,28733
2017-07-24,28648
2017-07-25,26829
2017-07-26,27343
2017-07-27,27907
2017-07-28,24242
2017-07-29,21545
2017-07-30,35070
2017-07-31,24947
2017-08-01,53066
2017-08-02,77020
2017-08-03,31439
2017-08-04,24554
2017-08-05,26393
2017-08-06,26523
2017-08-07,34664
2017-08-08,41798
2017-08-09,37017
2017-08-10,34824
2017-08-11,32144
2017-08-12,29789
2017-08-13,38392
2017-08-14,52910
2017-08-15,48514
2017-08-16,41717
2017-08-17,38805
2017-08-18,38499
2017-08-19,35335
2017-08-20,36346
2017-08-21,37991
2017-08-22,41910
2017-08-23,40176
2017-08-24,37747
2017-08-25,35538
2017-08-26,31638
2017-08-27,29011
2017-08-28,32545
2017-08-29,35649
2017-08-30,37497
2017-08-31,40717
2017-09-01,37745
2017-09-02,34203
2017-09-03,33920
2017-09-04,40423
2017-09-05,40049
2017-09-06,39593
2017-09-07,39771
2017-09-08,32450
2017-09-09,29221
2017-09-10,29004
2017-09-11,31487
2017-09-12,36669
2017-09-13,51285
2017-09-14,46945
2017-09-15,45844
2017-09-16,35393
2017-09-17,33829
2017-09-18,39631
2017-09-19,38494
2017-09-20,34188
2017-09-21,31065
2017-09-22,28590
2017-09-23,22355
2017-09-24,23710
2017-09-25,26521
2017-09-26,26945
2017-09-27,27887
2017-09-28,26235
2017-09-29,25139
2017-09-30,21560
2017-10-01,23638
2017-10-02,26007
2017-10-03,26996
2017-10-04,29069
2017-10-05,26853
2017-10-06,24784
2017-10-07,22487
2017-10-08,23976
2017-10-09,28288
2017-10-10,29241
2017-10-11,31418
2017-10-12,45338
2017-10-13,53804
2017-10-14,40825
2017-10-15,37131
2017-10-16,41339
2017-10-17,37203
2017-10-18,34385
2017-10-19,34379
2017-10-20,39782
2017-10-21,44661
2017-10-22,40331
2017-10-23,46345
2017-10-24,43756
2017-10-25,40927
2017-10-26,39086
2017-10-27,36708
2017-10-28,31082
2017-10-29,33836
2017-10-30,42538
2017-10-31,48178
2017-11-01,56103
2017-11-02,74790
2017-11-03,64293
2017-11-04,49914
2017-11-05,48027
2017-11-06,51778
2017-11-07,51470
2017-11-08,54912
2017-11-09,54591
2017-11-10,53492
2017-11-11,44339
2017-11-12,45229
2017-11-13,54732
2017-11-14,50079
2017-11-15,46140
2017-11-16,49047
2017-11-17,62242
2017-11-18,48910
2017-11-19,44907
2017-11-20,58371
2017-11-21,61690
2017-11-22,53155
2017-11-23,47490
2017-11-24,45720
2017-11-25,44223
2017-11-26,65803
2017-11-27,123516
2017-11-28,144286
2017-11-29,262289
2017-11-30,212459
2017-12-01,167229
2017-12-02,111343
2017-12-03,107583
2017-12-04,161367
2017-12-05,159921
2017-12-06,179109
2017-12-07,331637
2017-12-08,344686
2017-12-09,214245
2017-12-10,189621
2017-12-11,242875
2017-12-12,230521
2017-12-13,201431
2017-12-14,163855
2017-12-15,128830
2017-12-16,117337
2017-12-17,124072
2017-12-18,137631
2017-12-19,156057
2017-12-20,164499
2017-12-21,141432
2017-12-22,164227
2017-12-23,145737
2017-12-24,109871
2017-12-25,116313
2017-12-26,126930
2017-12-27,99195
2017-12-28,92296
2017-12-29,91724
2017-12-30,83250
2017-12-31,67355
2018-01-01,65416
2018-01-02,85549
2018-01-03,91452
2018-01-04,86342
2018-01-05,79232
2018-01-06,79836
2018-01-07,79013
2018-01-08,87562
2018-01-09,91854
2018-01-10,99815
2018-01-11,88028
2018-01-12,75933
2018-01-13,65514
2018-01-14,57507
2018-01-15,63876
2018-01-16,74029
2018-01-17,89187
2018-01-18,70655
2018-01-19,58273
2018-01-20,50979
2018-01-21,47043
2018-01-22,53460
2018-01-23,48401
2018-01-24,50792
2018-01-25,53599
2018-01-26,45074
2018-01-27,39103
2018-01-28,39525
2018-01-29,41255
2018-01-30,39961
2018-01-31,44012
2018-02-01,47413
2018-02-02,52986
2018-02-03,44264
2018-02-04,42910
2018-02-05,56614
2018-02-06,57917
2018-02-07,42782
2018-02-08,40473
2018-02-09,40043
2018-02-10,33655
2018-02-11,33358
2018-02-12,42788
2018-02-13,37817
2018-02-14,34123
2018-02-15,36704
2018-02-16,31048
2018-02-17,28385
2018-02-18,26705
2018-02-19,26856
2018-02-20,38980
2018-02-21,24746
2018-02-22,23720
2018-02-23,20187
2018-02-24,18489
2018-02-25,23615
2018-02-26,24751
2018-02-27,27708
2018-02-28,23812
2018-03-01,19703
2018-03-02,28651
2018-03-03,17645
2018-03-04,17668
2018-03-05,18631
2018-03-06,31665
2018-03-07,25862
2018-03-08,18247
2018-03-09,18272
2018-03-10,15591
2018-03-11,20093
2018-03-12,21664
2018-03-13,20618
2018-03-14,18965
2018-03-15,19632
2018-03-16,17650
2018-03-17,14444
2018-03-18,16792
2018-03-19,28645
2018-03-20,22021
2018-03-21,26294
2018-03-22,32044
2018-03-23,26204
2018-03-24,14517
2018-03-25,12644
2018-03-26,25896
2018-03-27,20067
2018-03-28,25001
2018-03-29,17879
2018-03-30,18396
2018-03-31,12176
2018-04-01,13807
2018-04-02,18749
2018-04-03,18075
2018-04-04,20736
2018-04-05,20691
2018-04-06,18699
2018-04-07,17621
2018-04-08,17800
2018-04-09,14955
2018-04-10,18262
2018-04-11,14757
2018-04-12,16972
2018-04-13,15121
2018-04-14,12104
2018-04-15,12138
2018-04-16,15892
2018-04-17,17430
2018-04-18,16359
2018-04-19,15434
2018-04-20,15265
2018-04-21,15777
2018-04-22,20387
2018-04-23,26439
2018-04-24,21433
2018-04-25,18712
2018-04-26,19884
2018-04-27,13783
2018-04-28,10957
2018-04-29,11142
2018-04-30,13297
2018-05-01,13367
2018-05-02,13918
2018-05-03,12766
2018-05-04,13967
2018-05-05,12000
2018-05-06,13003
2018-05-07,16273
2018-05-08,18612
2018-05-09,16114
2018-05-10,16700
2018-05-11,14754
2018-05-12,12808
2018-05-13,12482
2018-05-14,14094
2018-05-15,14494
2018-05-16,13854
2018-05-17,14659
2018-05-18,18814
2018-05-19,14822
2018-05-20,15239
2018-05-21,20752
2018-05-22,14316
2018-05-23,15441
2018-05-24,13769
2018-05-25,12635
2018-05-26,10783
2018-05-27,22272
2018-05-28,12882
2018-05-29,13007
2018-05-30,12909
2018-05-31,18963
2018-06-01,10908
2018-06-02,9256
2018-06-03,15388
2018-06-04,18471
2018-06-05,24457
2018-06-06,35908
2018-06-07,30928
2018-06-08,25142
2018-06-09,20530
2018-06-10,22054
2018-06-11,23809
2018-06-12,19973
2018-06-13,18622
2018-06-14,15097
2018-06-15,12701
2018-06-16,11288
2018-06-17,16903
2018-06-18,17193
2018-06-19,14829
2018-06-20,24720
2018-06-21,14834
2018-06-22,12597
2018-06-23,10869
2018-06-24,17123
2018-06-25,17001
2018-06-26,17085
2018-06-27,17169
2018-06-28,18577
2018-06-29,14125
2018-06-30,14229
2018-07-01,14889
2018-07-02,15949
2018-07-03,13432
2018-07-04,13193
2018-07-05,16503
2018-07-06,12334
2018-07-07,8168
2018-07-08,9076
2018-07-09,10704
2018-07-10,16183
2018-07-11,11559
2018-07-12,11139
2018-07-13,12850
2018-07-14,12085
2018-07-15,12285
2018-07-16,12738
2018-07-17,12198
2018-07-18,12885
2018-07-19,12348
2018-07-20,12218
2018-07-21,11289
2018-07-22,10931
2018-07-23,13360
2018-07-24,12821
2018-07-25,14538
2018-07-26,12561
2018-07-27,13973
2018-07-28,12436
2018-07-29,15010
2018-07-30,12769
2018-07-31,13419
2018-08-01,12804
2018-08-02,12127
2018-08-03,14465
2018-08-04,11066
2018-08-05,11327
2018-08-06,16035
2018-08-07,16708
2018-08-08,12273
2018-08-09,10302
2018-08-10,12897
2018-08-11,9699
2018-08-12,11541
2018-08-13,13664
2018-08-14,13691
2018-08-15,14295
2018-08-16,13302
2018-08-17,12333
2018-08-18,12274
2018-08-19,12762
2018-08-20,12594
2018-08-21,13082
2018-08-22,13567
2018-08-23,13000
2018-08-24,12695
2018-08-25,12273
2018-08-26,11746
2018-08-27,14017
2018-08-28,13410
2018-08-29,13519
2018-08-30,14620
2018-08-31,12449
2018-09-01,11241
2018-09-02,13102
2018-09-03,13705
2018-09-04,13342
2018-09-05,14156
2018-09-06,14088
2018-09-07,12664
2018-09-08,11549
2018-09-09,12560
2018-09-10,14374
2018-09-11,10880
2018-09-12,10741
2018-09-13,11889
2018-09-14,11699
2018-09-15,11171
2018-09-16,12184
2018-09-17,18135
2018-09-18,15263
2018-09-19,13421
2018-09-20,12915
2018-09-21,12747
2018-09-22,11768
2018-09-23,13893
2018-09-24,16198
2018-09-25,13497
2018-09-26,11888
2018-09-27,11109
2018-09-28,10102
2018-09-29,9828
2018-09-30,9861
2018-10-01,9908
2018-10-02,10702
2018-10-03,9672
2018-10-04,9361
2018-10-05,8776
2018-10-06,7699
2018-10-07,7645
2018-10-08,10673
2018-10-09,12687
2018-10-10,9488
2018-10-11,9063
2018-10-12,8846
2018-10-13,7582
2018-10-14,7860
2018-10-15,10030
2018-10-16,9497
2018-10-17,8716
2018-10-18,8855
2018-10-19,9439
2018-10-20,8003
2018-10-21,8058
2018-10-22,11136
2018-10-23,9588
2018-10-24,10140
2018-10-25,9440
2018-10-26,8798
2018-10-27,7501
2018-10-28,7981
2018-10-29,9804
2018-10-30,11438
2018-10-31,12280
2018-11-01,12175
2018-11-02,11582
2018-11-03,9899
2018-11-04,9425
2018-11-05,10250
2018-11-06,10350
2018-11-07,9657
2018-11-08,12575
2018-11-09,12319
2018-11-10,9244
2018-11-11,12704
2018-11-12,11375
2018-11-13,10957
2018-11-14,10530
2018-11-15,11302
2018-11-16,9741
2018-11-17,9209
2018-11-18,9096
2018-11-19,12711
2018-11-20,13398
2018-11-21,12924
2018-11-22,11126
2018-11-23,10881
2018-11-24,9525
2018-11-25,10776
2018-11-26,13317
2018-11-27,13557
2018-11-28,12004
2018-11-29,12139
2018-11-30,13904
2018-12-01,9536
2018-12-02,9852
2018-12-03,11454
2018-12-04,12522
2018-12-05,11530
2018-12-06,11346
2018-12-07,11338
2018-12-08,9620
2018-12-09,9739
2018-12-10,10642
2018-12-11,10253
2018-12-12,10443
2018-12-13,12133
2018-12-14,12899
2018-12-15,8117
2018-12-16,8681
2018-12-17,11485
2018-12-18,9942
2018-12-19,9503
2018-12-20,8891
2018-12-21,8657
2018-12-22,8439
2018-12-23,8644
2018-12-24,8932
2018-12-25,8628
2018-12-26,10158
2018-12-27,11005
2018-12-28,10357
2018-12-29,11028
2018-12-30,8590
2018-12-31,9274
2019-01-01,9185
2019-01-02,10582
2019-01-03,19383
2019-01-04,11683
2019-01-05,9746
2019-01-06,10195
2019-01-07,11036
2019-01-08,10505
2019-01-09,10967
2019-01-10,10846
2019-01-11,10687
2019-01-12,9350
2019-01-13,9853
2019-01-14,9565
2019-01-15,8308
2019-01-16,8099
2019-01-17,7906
2019-01-18,8506
2019-01-19,6539
2019-01-20,6521
2019-01-21,7453
2019-01-22,7464
2019-01-23,7664
2019-01-24,8975
2019-01-25,7981
2019-01-26,7659
2019-01-27,7671
2019-01-28,8200
2019-01-29,8277
2019-01-30,8699
2019-01-31,8288
2019-02-01,8423
2019-02-02,7523
2019-02-03,7115
2019-02-04,8795
2019-02-05,13112
2019-02-06,11068
2019-02-07,10044
2019-02-08,8619
2019-02-09,7622
2019-02-10,7550
2019-02-11,8698
2019-02-12,8768
2019-02-13,8609
2019-02-14,7843
2019-02-15,7745
2019-02-16,7736
2019-02-17,9614
2019-02-18,8708
2019-02-19,9364
2019-02-20,9447
2019-02-21,9252
2019-02-22,9179
2019-02-23,8345
2019-02-24,9156
2019-02-25,9391
2019-02-26,9378
2019-02-27,9019
2019-02-28,10235
2019-03-01,8776
2019-03-02,8412
2019-03-03,8300
2019-03-04,9423
2019-03-05,9665
2019-03-06,9860
2019-03-07,9305
2019-03-08,7887
2019-03-09,6979
2019-03-10,7442
2019-03-11,8181
2019-03-12,8042
2019-03-13,7677
2019-03-14,7760
2019-03-15,7172
2019-03-16,6406
2019-03-17,6720
2019-03-18,7867
2019-03-19,7869
2019-03-20,7336
2019-03-21,7123
2019-03-22,6734
2019-03-23,5945
2019-03-24,5758
2019-03-25,6367
2019-03-26,7197
2019-03-27,7225
2019-03-28,6624
2019-03-29,6338
2019-03-30,5544
2019-03-31,5939
2019-04-01,7420
2019-04-02,11522
2019-04-03,12913
2019-04-04,9567
2019-04-05,7965
2019-04-06,6749
2019-04-07,7021
2019-04-08,8391
2019-04-09,8961
2019-04-10,9237
2019-04-11,7712
2019-04-12,7126
2019-04-13,6119
2019-04-14,5690
2019-04-15,7552
2019-04-16,6701
2019-04-17,6851
2019-04-18,6781
2019-04-19,6576
2019-04-20,6704
2019-04-21,7333
2019-04-22,7119
2019-04-23,7308
2019-04-24,7607
2019-04-25,6725
2019-04-26,6605
2019-04-27,6103
2019-04-28,5969
2019-04-29,7697
2019-04-30,7640
2019-05-01,6840
2019-05-02,6765
2019-05-03,7752
2019-05-04,6402
2019-05-05,6051
2019-05-06,6763
2019-05-07,7061
2019-05-08,7925
2019-05-09,8245
2019-05-10,7188
2019-05-11,6391
2019-05-12,6764
2019-05-13,8156
2019-05-14,9631
2019-05-15,8660
2019-05-16,8431
2019-05-17,9118
2019-05-18,6122
2019-05-19,9209
2019-05-20,9868
2019-05-21,8417
2019-05-22,8120
2019-05-23,7271
2019-05-24,7261
2019-05-25,6326
2019-05-26,7727
2019-05-27,9984
2019-05-28,9980
2019-05-29,9912
2019-05-30,9698
2019-05-31,7414
2019-06-01,6577
2019-06-02,5882
2019-06-03,7141
2019-06-04,7092
2019-06-05,6449
2019-06-06,6127
2019-06-07,6624
2019-06-08,5708
2019-06-09,5501
2019-06-10,6488
2019-06-11,7161
2019-06-12,6678
2019-06-13,6676
2019-06-14,6439
2019-06-15,5828
2019-06-16,7737
2019-06-17,8035
2019-06-18,10467
2019-06-19,9334
2019-06-20,9125
2019-06-21,8218
2019-06-22,9812
2019-06-23,9826
2019-06-24,10293
2019-06-25,10276
2019-06-26,15112
2019-06-27,12583
2019-06-28,10734
2019-06-29,7347
2019-06-30,7186
2019-07-01,8219
2019-07-02,7824
2019-07-03,9708
2019-07-04,8027
2019-07-05,8001
2019-07-06,6842
2019-07-07,7005
2019-07-08,8459
2019-07-09,8849
2019-07-10,11471
2019-07-11,9634
2019-07-12,9376
2019-07-13,7256
2019-07-14,7652
2019-07-15,8051
2019-07-16,8385
2019-07-17,8419
2019-07-18,8451
2019-07-19,8558
2019-07-20,6321
2019-07-21,6296
2019-07-22,7472
2019-07-23,7549
2019-07-24,7428
2019-07-25,7137
2019-07-26,6550
2019-07-27,7210
2019-07-28,6217
2019-07-29,7322
2019-07-30,7863
2019-07-31,6646
2019-08-01,7861
2019-08-02,6703
2019-08-03,5781
2019-08-04,5707
2019-08-05,7895
2019-08-06,7769
2019-08-07,8124
2019-08-08,7143
2019-08-09,6625
2019-08-10,6202
2019-08-11,6230
2019-08-12,7084
2019-08-13,7068
2019-08-14,6980
2019-08-15,6445
2019-08-16,6510
2019-08-17,5921
2019-08-18,6210
2019-08-19,7438
2019-08-20,7395
2019-08-21,6984
2019-08-22,6641
2019-08-23,6716
2019-08-24,5250
2019-08-25,5939
2019-08-26,6701
2019-08-27,6466
2019-08-28,7500
2019-08-29,7036
2019-08-30,6089
2019-08-31,6258
2019-09-01,6049
2019-09-02,6576
2019-09-03,6744
2019-09-04,7087
2019-09-05,6062
2019-09-06,5655
2019-09-07,5433
2019-09-08,5469
2019-09-09,6615
2019-09-10,6385
2019-09-11,6664
2019-09-12,6567
2019-09-13,8499
2019-09-14,5264
2019-09-15,5344
2019-09-16,6507
2019-09-17,6717
2019-09-18,6378
2019-09-19,6476
2019-09-20,6414
2019-09-21,5212
2019-09-22,5752
2019-09-23,6912
2019-09-24,7023
2019-09-25,7336
2019-09-26,7395
2019-09-27,7373
2019-09-28,5705
2019-09-29,5545
2019-09-30,6666
2019-10-01,6697
2019-10-02,6734
2019-10-03,6832
2019-10-04,6343
2019-10-05,6396
2019-10-06,5883
2019-10-07,6438
2019-10-08,6542
2019-10-09,6337
2019-10-10,6328
2019-10-11,6076
2019-10-12,6553
2019-10-13,6409
2019-10-14,6875
2019-10-15,7074
2019-10-16,6694
2019-10-17,7274
2019-10-18,6732
2019-10-19,5613
2019-10-20,5719
2019-10-21,6452
2019-10-22,6558
2019-10-23,7449
2019-10-24,7244
2019-10-25,6339
2019-10-26,6820
2019-10-27,6517
2019-10-28,7598
2019-10-29,8012
2019-10-30,8048
2019-10-31,7887
2019-11-01,7415
2019-11-02,7651
2019-11-03,6396
2019-11-04,8025
2019-11-05,8137
2019-11-06,10606
2019-11-07,7517
2019-11-08,7592
2019-11-09,6060
2019-11-10,5852
2019-11-11,7651
2019-11-12,8259
2019-11-13,7941
2019-11-14,7224
2019-11-15,6333
2019-11-16,5469
2019-11-17,5705
2019-11-18,6557
2019-11-19,6654
2019-11-20,6414
2019-11-21,6234
2019-11-22,6251
2019-11-23,5340
2019-11-24,6553
2019-11-25,7636
2019-11-26,7081
2019-11-27,7218
2019-11-28,6627
2019-11-29,6890
2019-11-30,6777
2019-12-01,6037
2019-12-02,6666
2019-12-03,6805
2019-12-04,8452
2019-12-05,7068
2019-12-06,6643
2019-12-07,5694
2019-12-08,5376
2019-12-09,5574
2019-12-10,6343
2019-12-11,6427
2019-12-12,5737
2019-12-13,5699
2019-12-14,4905
2019-12-15,4876
2019-12-16,6739
2019-12-17,6704
2019-12-18,8618
2019-12-19,5395
2019-12-20,5480
2019-12-21,4157
2019-12-22,4841
2019-12-23,6070
2019-12-24,10585
2019-12-25,12179
2019-12-26,9023
2019-12-27,7309
2019-12-28,5710
2019-12-29,5309
2019-12-30,8258
2019-12-31,10837
2020-01-01,10757
2020-01-02,11523
2020-01-03,14060
2020-01-04,7359
2020-01-05,5411
2020-01-06,7792
2020-01-07,14263
2020-01-08,14252
2020-01-09,15399
2020-01-10,12238
2020-01-11,6061
2020-01-12,15290
2020-01-13,15091
2020-01-14,16533
2020-01-15,15700
2020-01-16,5845
2020-01-17,5454
2020-01-18,5177
2020-01-19,5302
2020-01-20,5433
2020-01-21,5738
2020-01-22,6031
2020-01-23,5581
2020-01-24,5298
2020-01-25,4515
2020-01-26,4222
2020-01-27,5082
2020-01-28,5477
2020-01-29,5202
2020-01-30,5347
2020-01-31,4956
2020-02-01,4275
2020-02-02,4650
2020-02-03,4778
2020-02-04,5165
2020-02-05,5415
2020-02-06,5289
2020-02-07,5221
2020-02-08,4636
2020-02-09,5587
2020-02-10,5952
2020-02-11,6104
2020-02-12,6286
2020-02-13,6593
2020-02-14,4973
2020-02-15,4896
2020-02-16,5129
2020-02-17,5932
2020-02-18,5780
2020-02-19,14291
2020-02-20,7521
2020-02-21,5863
2020-02-22,5678
2020-02-23,5602
2020-02-24,6561
2020-02-25,5882
2020-02-26,5789
2020-02-27,5999
2020-02-28,5760
2020-02-29,4618
2020-03-01,4869
2020-03-02,5706
2020-03-03,6682
2020-03-04,6940
2020-03-05,6977
2020-03-06,6136
2020-03-07,4862
2020-03-08,4642
2020-03-09,6688
2020-03-10,6392
2020-03-11,5703
2020-03-12,7548
2020-03-13,8899
2020-03-14,5867
2020-03-15,5549
2020-03-16,6175
2020-03-17,5837
2020-03-18,5824
2020-03-19,5993
2020-03-20,5774
2020-03-21,5177
2020-03-22,5045
2020-03-23,5295
2020-03-24,6023
2020-03-25,6157
2020-03-26,5915
2020-03-27,5699
2020-03-28,5303
2020-03-29,5408
2020-03-30,5683
2020-03-31,5751
2020-04-01,7476
2020-04-02,6801
2020-04-03,6772
2020-04-04,5833
2020-04-05,6112
2020-04-06,6205
2020-04-07,6282
2020-04-08,6256
2020-04-09,6375
2020-04-10,6461
2020-04-11,6421
2020-04-12,6382
2020-04-13,7243
2020-04-14,6962
2020-04-15,6694
2020-04-16,6908
2020-04-17,6987
2020-04-18,6939
2020-04-19,6433
2020-04-20,7007
2020-04-21,7339
2020-04-22,7147
2020-04-23,7330
2020-04-24,7119
2020-04-25,7179
2020-04-26,7838
2020-04-27,8212
2020-04-28,8060
2020-04-29,8994
2020-04-30,9981
2020-05-01,8136
2020-05-02,7904
2020-05-03,8050
2020-05-04,8267
2020-05-05,8291
2020-05-06,8483
2020-05-07,8500
2020-05-08,9430
2020-05-09,7988
2020-05-10,8994
2020-05-11,11170
2020-05-12,10677
2020-05-13,8349
2020-05-14,8061
2020-05-15,7443
2020-05-16,7142
2020-05-17,7892
2020-05-18,8412
2020-05-19,7445
2020-05-20,8015
2020-05-21,7753
2020-05-22,6776
2020-05-23,6244
2020-05-24,6127
2020-05-25,6643
2020-05-26,7084
2020-05-27,6583
2020-05-28,5969
2020-05-29,5760
2020-05-30,5599
2020-05-31,5322
2020-06-01,5523
2020-06-02,6295
2020-06-03,5676
2020-06-04,5819
2020-06-05,5613
2020-06-06,5187
2020-06-07,5894
2020-06-08,5931
2020-06-09,6082
2020-06-10,6074
2020-06-11,6015
2020-06-12,5541
2020-06-13,5014
2020-06-14,5010
2020-06-15,5277
2020-06-16,4973
2020-06-17,5336
2020-06-18,5240
2020-06-19,4801
2020-06-20,4678
2020-06-21,4622
2020-06-22,5517
2020-06-23,5665
2020-06-24,5227
2020-06-25,5149
2020-06-26,4938
2020-06-27,4613
2020-06-28,4871
2020-06-29,4824
2020-06-30,5256
2020-07-01,5252
2020-07-02,5038
2020-07-03,5024
2020-07-04,4689
2020-07-05,4701
2020-07-06,5279
2020-07-07,5363
2020-07-08,5701
2020-07-09,5881
2020-07-10,5457
2020-07-11,4936
2020-07-12,4777
2020-07-13,5294
2020-07-14,5691
2020-07-15,7505
2020-07-16,14394
2020-07-17,9131
2020-07-18,7660
2020-07-19,6866
2020-07-20,7016
2020-07-21,7270
2020-07-22,6639
2020-07-23,6984
2020-07-24,6487
2020-07-25,8042
2020-07-26,8513
2020-07-27,9404
2020-07-28,10088
2020-07-29,7925
2020-07-30,7280
2020-07-31,6958
2020-08-01,7512
2020-08-02,8081
2020-08-03,7635
2020-08-04,7087
2020-08-05,7075
2020-08-06,7096
2020-08-07,6592
2020-08-08,6851
2020-08-09,6563
2020-08-10,7047
2020-08-11,6986
2020-08-12,6900
2020-08-13,8071
2020-08-14,7746
2020-08-15,6513
2020-08-16,6606
2020-08-17,7632
2020-08-18,7186
2020-08-19,7064
2020-08-20,8005
2020-08-21,6568
2020-08-22,5955
2020-08-23,6466
2020-08-24,6714
2020-08-25,6529
2020-08-26,6236
2020-08-27,6974
2020-08-28,7097
2020-08-29,5779
2020-08-30,5654
2020-08-31,6682
2020-09-01,6706
2020-09-02,6632
2020-09-03,7311
2020-09-04,6179
2020-09-05,5505
2020-09-06,5306
2020-09-07,5815
2020-09-08,6672
2020-09-09,5959
2020-09-10,5940
2020-09-11,6248
2020-09-12,5571
2020-09-13,5610
2020-09-14,6123
2020-09-15,6299
2020-09-16,5779
2020-09-17,5779
2020-09-18,5858
2020-09-19,4982
2020-09-20,5000
2020-09-21,5503
2020-09-22,5424
2020-09-23,5679
2020-09-24,5267
2020-09-25,5366
2020-09-26,4535
2020-09-27,4734
2020-09-28,5029
2020-09-29,5172
2020-09-30,4581
2020-10-01,4493
2020-10-02,4187
2020-10-03,4085
2020-10-04,3876
2020-10-05,4685
2020-10-06,5069
2020-10-07,5303
2020-10-08,5223
2020-10-09,5197
2020-10-10,4699
2020-10-11,4672
2020-10-12,5868
2020-10-13,5140
2020-10-14,5374
2020-10-15,5270
2020-10-16,5117
2020-10-17,12703
2020-10-18,4890
2020-10-19,5495
2020-10-20,6333
2020-10-21,7147
2020-10-22,8132
2020-10-23,6317
2020-10-24,5459
2020-10-25,5548
2020-10-26,6773
2020-10-27,7317
2020-10-28,7110
2020-10-29,6282
2020-10-30,6163
2020-10-31,6119
2020-11-01,5993
2020-11-02,6209
2020-11-03,6241
2020-11-04,6075
2020-11-05,8683
2020-11-06,10097
2020-11-07,7064
2020-11-08,6178
2020-11-09,7055
2020-11-10,6830
2020-11-11,7309
2020-11-12,7612
2020-11-13,7455
2020-11-14,6092
2020-11-15,7145
2020-11-16,7621
2020-11-17,11298
2020-11-18,13546
2020-11-19,10425
2020-11-20,10006
2020-11-21,10745
2020-11-22,9703
2020-11-23,10626
2020-11-24,12846
2020-11-25,11402
2020-11-26,12462
2020-11-27,10039
2020-11-28,8585
2020-11-29,8143
2020-11-30,13123
2020-12-01,14312
2020-12-02,11173
2020-12-03,11305
2020-12-04,10447
2020-12-05,9672
2020-12-06,9920
2020-12-07,10204
2020-12-08,9557
2020-12-09,8970
2020-12-10,10014
2020-12-11,8696
2020-12-12,7173
2020-12-13,7678
2020-12-14,8378
2020-12-15,7916
2020-12-16,16088
2020-12-17,28483
2020-12-18,20062
2020-12-19,14716
2020-12-20,14650
2020-12-21,15157
2020-12-22,12913
2020-12-23,11355
2020-12-24,9831
2020-12-25,9329
2020-12-26,13154
2020-12-27,19294
2020-12-28,18902
2020-12-29,18074
2020-12-30,19704
2020-12-31,16305
2021-01-01,13774
2021-01-02,30157
2021-01-03,43194
2021-01-04,34344
2021-01-05,27838
2021-01-06,28175
2021-01-07,36162
2021-01-08,39469
2021-01-09,31114
2021-01-10,28672
2021-01-11,36034
2021-01-12,32658
2021-01-13,33660
2021-01-14,37020
2021-01-15,32078
2021-01-16,27369
2021-01-17,25619
2021-01-18,21719
2021-01-19,21160
2021-01-20,16493
2021-01-21,18333
2021-01-22,20243
2021-01-23,15745
2021-01-24,14696
2021-01-25,15964
2021-01-26,14616
2021-01-27,16179
2021-01-28,19555
2021-01-29,35594
2021-01-30,26792
2021-01-31,21437
2021-02-01,20630
2021-02-02,18219
2021-02-03,17573
2021-02-04,19452
2021-02-05,18528
2021-02-06,19771
2021-02-07,19851
2021-02-08,50244
2021-02-09,61878
2021-02-10,42689
2021-02-11,38117
2021-02-12,33109
2021-02-13,28789
2021-02-14,27577
2021-02-15,29092
2021-02-16,36913
2021-02-17,37916
2021-02-18,32559
2021-02-19,35291
2021-02-20,40186
2021-02-21,35521
2021-02-22,36198
2021-02-23,36909
2021-02-24,31977
2021-02-25,27352
2021-02-26,26786
2021-02-27,25436
2021-02-28,24309
2021-03-01,23853
2021-03-02,21540
2021-03-03,19713
2021-03-04,18634
2021-03-05,18268
2021-03-06,19154
2021-03-07,18321
2021-03-08,18891
2021-03-09,20546
2021-03-10,20086
2021-03-11,18750
2021-03-12,18257
2021-03-13,22149
2021-03-14,26524
2021-03-15,23676
2021-03-16,21122
2021-03-17,19020
2021-03-18,19066
2021-03-19,16539
2021-03-20,14869
2021-03-21,14352
2021-03-22,15723
2021-03-23,15708
2021-03-24,21868
2021-03-25,19518
2021-03-26,15586
2021-03-27,16429
2021-03-28,15407
2021-03-29,15302
2021-03-30,15752
2021-03-31,15945
2021-04-01,18596
2021-04-02,14859
2021-04-03,14282
2021-04-04,13611
2021-04-05,15654
2021-04-06,16513
2021-04-07,16310
2021-04-08,16919
2021-04-09,15637
2021-04-10,15195
2021-04-11,16277
2021-04-12,16409
2021-04-13,19932
2021-04-14,25099
2021-04-15,24510
2021-04-16,27182
2021-04-17,21863
2021-04-18,23391
2021-04-19,25167
2021-04-20,21249
2021-04-21,17594
2021-04-22,17743
2021-04-23,20632
2021-04-24,16883
2021-04-25,15460
2021-04-26,17362
2021-04-27,23996
2021-04-28,28758
2021-04-29,23305
2021-04-30,22555
2021-05-01,18129
2021-05-02,19853
2021-05-03,22204
2021-05-04,21952
2021-05-05,23933
2021-05-06,24629
2021-05-07,23366
2021-05-08,25201
2021-05-09,27501
2021-05-10,27868
2021-05-11,24676
2021-05-12,23491
2021-05-13,63121
2021-05-14,40525
2021-05-15,30379
2021-05-16,29323
2021-05-17,32345
2021-05-18,26906
2021-05-19,47772
2021-05-20,45401
2021-05-21,36220
2021-05-22,37600
2021-05-23,35716
2021-05-24,33931
2021-05-25,42732
2021-05-26,28357
2021-05-27,21352
2021-05-28,26425
2021-05-29,31462
2021-05-30,24819
2021-05-31,17700
2021-06-01,14187
2021-06-02,15495
2021-06-03,16006
2021-06-04,19961
2021-06-05,19056
2021-06-06,20284
2021-06-07,19052
2021-06-08,22072
2021-06-09,25055
2021-06-10,25463
2021-06-11,21777
2021-06-12,17735
2021-06-13,18933
2021-06-14,19730
2021-06-15,17265
2021-06-16,17217
2021-06-17,15405
2021-06-18,14272
2021-06-19,13353
2021-06-20,14402
2021-06-21,17797
2021-06-22,19680
2021-06-23,15284
2021-06-24,15037
2021-06-25,13415
2021-06-26,12822
2021-06-27,12957
2021-06-28,12826
2021-06-29,12301
2021-06-30,11095
2021-07-01,12944
2021-07-02,10956
2021-07-03,10668
2021-07-04,11205
2021-07-05,11598
2021-07-06,12040
2021-07-07,10146
2021-07-08,10654
2021-07-09,11446
2021-07-10,11883
2021-07-11,13749
2021-07-12,13674
2021-07-13,14775
2021-07-14,12604
2021-07-15,10945
2021-07-16,10100
2021-07-17,9408
2021-07-18,10045
2021-07-19,10655
2021-07-20,12307
2021-07-21,11546
2021-07-22,11413
2021-07-23,10979
2021-07-24,9881
2021-07-25,11126
2021-07-26,14532
2021-07-27,11783
2021-07-28,11142
2021-07-29,13381
2021-07-30,12774
2021-07-31,12478
2021-08-01,12926
2021-08-02,15485
2021-08-03,18110
2021-08-04,13627
2021-08-05,11626
2021-08-06,9410
2021-08-07,10078
2021-08-08,9925
2021-08-09,11882
2021-08-10,12310
2021-08-11,12838
2021-08-12,13198
2021-08-13,12960
2021-08-14,12299
2021-08-15,11566
2021-08-16,14434
2021-08-17,12786
2021-08-18,12125
2021-08-19,13522
2021-08-20,11436
2021-08-21,10986
2021-08-22,11124
2021-08-23,13899
2021-08-24,13776
2021-08-25,13483
2021-08-26,11902
2021-08-27,11378
2021-08-28,10520
2021-08-29,10645
2021-08-30,11012
2021-08-31,11297
2021-09-01,10694
2021-09-02,12081
2021-09-03,12579
2021-09-04,11663
2021-09-05,13271
2021-09-06,12968
2021-09-07,21755
2021-09-08,20941
2021-09-09,19133
2021-09-10,16081
2021-09-11,12856
2021-09-12,14603
2021-09-13,13470
2021-09-14,13757
2021-09-15,13803
2021-09-16,14630
2021-09-17,15599
2021-09-18,16884
2021-09-19,16199
2021-09-20,15770
2021-09-21,16592
2021-09-22,16831
2021-09-23,21236
2021-09-24,39384
2021-09-25,37543
2021-09-26,36710
2021-09-27,27880
2021-09-28,31712
2021-09-29,14282
2021-09-30,10945
2021-10-01,11741
2021-10-02,12986
2021-10-03,14515
2021-10-04,14678
2021-10-05,17049
2021-10-06,18090
2021-10-07,15992
2021-10-08,16157
2021-10-09,14670
2021-10-10,14524
2021-10-11,15591
2021-10-12,16285
2021-10-13,16112
2021-10-14,14075
2021-10-15,16329
2021-10-16,16108
2021-10-17,14794
2021-10-18,16011
2021-10-19,15365
2021-10-20,19033
2021-10-21,17364
2021-10-22,14741
2021-10-23,14654
2021-10-24,17498
2021-10-25,16078
2021-10-26,17552
2021-10-27,18158
2021-10-28,21331
2021-10-29,19159
2021-10-30,18101
2021-10-31,13973
2021-11-01,14999
2021-11-02,19306
2021-11-03,15246
2021-11-04,14206
2021-11-05,14764
2021-11-06,13709
2021-11-07,13678
2021-11-08,16327
2021-11-09,19110
2021-11-10,18656
2021-11-11,17425
2021-11-12,16934
2021-11-13,16601
2021-11-14,17591
2021-11-15,17723
2021-11-16,19544
2021-11-17,17990
2021-11-18,18127
2021-11-19,15971
2021-11-20,13771
2021-11-21,13363
2021-11-22,15079
2021-11-23,16900
2021-11-24,19028
2021-11-25,15544
2021-11-26,15051
2021-11-27,14226
2021-11-28,13007
2021-11-29,14656
2021-11-30,15163
2021-12-01,13346
2021-12-02,13423
2021-12-03,12765
2021-12-04,17002
2021-12-05,14847
2021-12-06,15131
2021-12-07,17064
2021-12-08,15302
2021-12-09,13237
2021-12-10,11216
2021-12-11,10696
2021-12-12,12124
2021-12-13,12747
2021-12-14,13406
2021-12-15,12173
2021-12-16,11164
2021-12-17,10837
2021-12-18,9933
2021-12-19,9553
2021-12-20,10903
2021-12-21,10400
2021-12-22,10356
2021-12-23,9643
2021-12-24,9335
2021-12-25,8953
2021-12-26,10100
2021-12-27,10648
2021-12-28,10617
2021-12-29,11142
2021-12-30,11095
2021-12-31,9080
2022-01-01,9033
2022-01-02,10217
2022-01-03,13036
2022-01-04,12651
2022-01-05,11984
2022-01-06,13450
2022-01-07,13589
2022-01-08,12061
2022-01-09,11807
2022-01-10,12967
2022-01-11,13221
2022-01-12,11704
2022-01-13,11404
2022-01-14,10644
2022-01-15,9851
2022-01-16,10359
2022-01-17,11529
2022-01-18,11581
2022-01-19,11630
2022-01-20,11580
2022-01-21,15015
2022-01-22,18268
2022-01-23,14545
2022-01-24,16659
2022-01-25,15779
2022-01-26,15259
2022-01-27,15806
2022-01-28,14173
2022-01-29,13260
2022-01-30,12472
2022-01-31,13158
2022-02-01,16337
2022-02-02,14185
2022-02-03,13269
2022-02-04,12298
2022-02-05,12046
2022-02-06,11634
2022-02-07,13163
2022-02-08,12753
2022-02-09,14306
2022-02-10,13085
2022-02-11,11186
2022-02-12,9894
2022-02-13,10793
2022-02-14,11296
2022-02-15,11271
2022-02-16,10811
2022-02-17,11377
2022-02-18,11291
2022-02-19,9882
2022-02-20,10262
2022-02-21,11053
2022-02-22,11850
2022-02-23,11145
2022-02-24,17270
2022-02-25,13508
2022-02-26,10947
2022-02-27,11014
2022-02-28,12030
2022-03-01,12521
2022-03-02,11401
2022-03-03,10638
2022-03-04,8871
2022-03-05,7949
2022-03-06,8044
2022-03-07,9299
2022-03-08,9733
2022-03-09,12113
2022-03-10,10652
2022-03-11,9519
2022-03-12,8588
2022-03-13,8389
2022-03-14,9122
2022-03-15,9255
2022-03-16,8921
2022-03-17,9130
2022-03-18,8408
2022-03-19,7970
2022-03-20,8518
2022-03-21,9042
2022-03-22,8856
2022-03-23,9000
2022-03-24,8845
2022-03-25,8899
2022-03-26,7917
2022-03-27,8999
2022-03-28,10257
2022-03-29,10065
2022-03-30,10725
2022-03-31,10517
2022-04-01,9851
2022-04-02,9006
2022-04-03,9071
2022-04-04,9830
2022-04-05,10089
2022-04-06,10101
2022-04-07,9646
2022-04-08,9037
2022-04-09,8119
2022-04-10,8876
2022-04-11,10945
2022-04-12,9450
2022-04-13,8911
2022-04-14,8360
2022-04-15,8174
2022-04-16,7385
2022-04-17,7688
2022-04-18,8678
2022-04-19,8363
2022-04-20,8410
2022-04-21,8623
2022-04-22,7819
2022-04-23,7120
2022-04-24,7665
2022-04-25,8843
2022-04-26,9393
2022-04-27,9958
2022-04-28,10893
2022-04-29,8723
2022-04-30,6962
2022-05-01,6974
2022-05-02,7690
2022-05-03,7460
2022-05-04,7461
2022-05-05,8524
2022-05-06,7906
2022-05-07,6749
2022-05-08,7120
2022-05-09,11488
2022-05-10,11639
2022-05-11,13303
2022-05-12,17791
2022-05-13,15557
2022-05-14,11727
2022-05-15,10496
2022-05-16,11026
2022-05-17,10182
2022-05-18,9837
2022-05-19,9221
2022-05-20,8118
2022-05-21,7480
2022-05-22,7622
2022-05-23,8233
2022-05-24,7624
2022-05-25,7329
2022-05-26,7169
2022-05-27,6425
2022-05-28,5887
2022-05-29,5678
2022-05-30,7046
2022-05-31,6921
2022-06-01,6623
2022-06-02,6596
2022-06-03,6007
2022-06-04,5714
2022-06-05,5721
2022-06-06,6815
2022-06-07,6808
2022-06-08,6365
2022-06-09,5887
2022-06-10,5845
2022-06-11,6039
2022-06-12,7040
2022-06-13,13990
2022-06-14,14445
2022-06-15,14064
2022-06-16,11987
2022-06-17,10121
2022-06-18,14553
2022-06-19,14537
2022-06-20,12568
2022-06-21,10789
2022-06-22,9225
2022-06-23,8080
2022-06-24,7469
2022-06-25,6416
2022-06-26,5587
2022-06-27,7466
2022-06-28,7331
2022-06-29,7000
2022-06-30,7533
2022-07-01,7062
2022-07-02,6253
2022-07-03,6302
2022-07-04,6786
2022-07-05,6907
2022-07-06,6642
2022-07-07,6370
2022-07-08,6062
2022-07-09,5686
2022-07-10,5783
2022-07-11,6922
2022-07-12,7305
2022-07-13,7158
2022-07-14,6781
2022-07-15,6293
2022-07-16,5919
2022-07-17,5606
2022-07-18,6670
2022-07-19,6794
2022-07-20,6840
2022-07-21,8168
2022-07-22,6534
2022-07-23,5722
2022-07-24,5966
2022-07-25,6427
2022-07-26,6505
2022-07-27,6556
2022-07-28,6144
2022-07-29,6221
2022-07-30,5698
2022-07-31,5588
2022-08-01,5777
2022-08-02,7065
2022-08-03,6570
2022-08-04,6419
2022-08-05,5797
2022-08-06,5251
2022-08-07,5337
2022-08-08,5967
2022-08-09,6416
2022-08-10,6030
2022-08-11,5955
2022-08-12,5883
2022-08-13,5032
2022-08-14,5884
2022-08-15,6426
2022-08-16,6613
2022-08-17,6721
2022-08-18,6482
2022-08-19,6694
2022-08-20,5845
2022-08-21,6078
2022-08-22,6470
2022-08-23,6547
2022-08-24,6641
2022-08-25,6393
2022-08-26,6419
2022-08-27,6308
2022-08-28,5741
2022-08-29,6669
2022-08-30,6619
2022-08-31,6406
2022-09-01,6629
2022-09-02,6193
2022-09-03,5521
2022-09-04,5485
2022-09-05,6150
2022-09-06,6936
2022-09-07,7161
2022-09-08,6219
2022-09-09,7137
2022-09-10,6319
2022-09-11,7851
2022-09-12,6111
2022-09-13,6596
2022-09-14,6685
2022-09-15,6686
2022-09-16,6554
2022-09-17,5553
2022-09-18,5542
2022-09-19,6655
2022-09-20,6451
2022-09-21,6653
2022-09-22,6174
2022-09-23,5461
2022-09-24,5480
2022-09-25,5384
2022-09-26,5730
2022-09-27,6082
2022-09-28,6199
2022-09-29,5786
2022-09-30,5647
2022-10-01,4932
2022-10-02,4914
2022-10-03,5690
2022-10-04,5731
2022-10-05,5514
2022-10-06,5826
2022-10-07,5644
2022-10-08,5005
2022-10-09,5201
2022-10-10,5282
2022-10-11,5758
2022-10-12,5888
2022-10-13,5990
2022-10-14,5794
2022-10-15,5657
2022-10-16,5234
2022-10-17,5849
2022-10-18,6431
2022-10-19,5725
2022-10-20,5698
2022-10-21,5458
2022-10-22,5476
2022-10-23,5370
2022-10-24,5918
2022-10-25,6480
2022-10-26,6300
2022-10-27,5641
2022-10-28,6536
2022-10-29,6305
2022-10-30,5282
2022-10-31,6957
2022-11-01,6538
2022-11-02,7215
2022-11-03,5755
2022-11-04,5491
2022-11-05,6156
2022-11-06,6550
2022-11-07,6441
2022-11-08,7514
2022-11-09,9420
2022-11-10,10484
2022-11-11,9521
2022-11-12,10253
2022-11-13,10346
2022-11-14,11036
2022-11-15,9202
2022-11-16,9041
2022-11-17,9210
2022-11-18,8547
2022-11-19,6922
2022-11-20,6940
2022-11-21,7656
2022-11-22,7871
2022-11-23,7325
2022-11-24,6577
2022-11-25,8256
2022-11-26,6075
2022-11-27,6946
2022-11-28,7739
2022-11-29,7363
2022-11-30,7344
2022-12-01,6775
2022-12-02,6009
2022-12-03,6201
2022-12-04,5820
2022-12-05,5921
2022-12-06,5828
2022-12-07,5817
2022-12-08,5578
2022-12-09,5539
2022-12-10,5230
2022-12-11,5556
2022-12-12,6830
2022-12-13,8155
2022-12-14,7453
2022-12-15,6532
2022-12-16,6597
2022-12-17,5656
2022-12-18,4994
2022-12-19,5153
2022-12-20,5165
2022-12-21,5489
2022-12-22,6185
2022-12-23,5665
2022-12-24,4826
2022-12-25,4762
2022-12-26,6121
2022-12-27,5550
2022-12-28,5815
2022-12-29,5221
2022-12-30,5332
2022-12-31,4887
2023-01-01,5136
2023-01-02,6672
2023-01-03,7271
2023-01-04,6386
2023-01-05,5738
2023-01-06,5627
2023-01-07,4986
2023-01-08,5001
2023-01-09,5536
2023-01-10,5414
2023-01-11,5674
2023-01-12,6217
2023-01-13,5847
2023-01-14,6314
2023-01-15,5799
2023-01-16,6210
2023-01-17,5886
2023-01-18,6139
2023-01-19,5600
2023-01-20,5656
2023-01-21,5151
2023-01-22,5006
2023-01-23,5359
2023-01-24,5799
2023-01-25,5405
2023-01-26,5385
2023-01-27,5495
2023-01-28,4800
2023-01-29,5032
2023-01-30,5459
2023-01-31,5517
2023-02-01,6094
2023-02-02,5770
2023-02-03,5445
2023-02-04,4657
2023-02-05,4803
2023-02-06,5450
2023-02-07,5349
2023-02-08,5223
2023-02-09,5139
2023-02-10,4920
2023-02-11,4526
2023-02-12,4795
2023-02-13,5241
2023-02-14,4890
2023-02-15,5186
2023-02-16,5858
2023-02-17,5213
2023-02-18,4706
2023-02-19,5117
2023-02-20,5254
2023-02-21,5443
2023-02-22,5164
2023-02-23,4858
2023-02-24,4908
2023-02-25,6321
2023-02-26,4811
2023-02-27,5290
2023-02-28,5121
2023-03-01,5004
2023-03-02,5176
2023-03-03,5447
2023-03-04,5326
2023-03-05,4622
2023-03-06,5291
2023-03-07,5695
2023-03-08,5187
2023-03-09,5511
2023-03-10,6182
2023-03-11,5193
2023-03-12,5351
2023-03-13,6997
2023-03-14,7037
2023-03-15,6115
2023-03-16,5629
2023-03-17,5945
2023-03-18,5638
2023-03-19,5854
2023-03-20,6582
2023-03-21,6378
2023-03-22,6131
2023-03-23,6473
2023-03-24,6417
2023-03-25,5082
2023-03-26,4983
2023-03-27,5579
2023-03-28,5559
2023-03-29,5797
2023-03-30,6053
2023-03-31,6076
2023-04-01,5064
2023-04-02,4496
2023-04-03,5454
2023-04-04,5639
2023-04-05,4955
2023-04-06,5263
2023-04-07,5063
2023-04-08,4753
2023-04-09,4770
2023-04-10,6057
2023-04-11,6981
2023-04-12,6276
2023-04-13,5421
2023-04-14,5247
2023-04-15,4585
2023-04-16,4641
2023-04-17,5133
2023-04-18,4934
2023-04-19,5054
2023-04-20,5180
2023-04-21,4727
2023-04-22,4560
2023-04-23,5162
2023-04-24,5929
2023-04-25,5438
2023-04-26,5690
2023-04-27,5620
2023-04-28,5046
2023-04-29,4515
2023-04-30,5207
2023-05-01,5297
2023-05-02,5249
2023-05-03,6380
2023-05-04,5255
2023-05-05,4861
2023-05-06,4553
2023-05-07,4318
2023-05-08,4928
2023-05-09,4656
2023-05-10,4983
2023-05-11,4883
2023-05-12,5387
2023-05-13,4584
2023-05-14,4579
2023-05-15,4923
2023-05-16,5061
2023-05-17,5713
2023-05-18,4994
2023-05-19,4968
2023-05-20,4188
2023-05-21,4304
2023-05-22,4858
2023-05-23,4529
2023-05-24,4628
2023-05-25,5159
2023-05-26,5089
2023-05-27,4334
2023-05-28,4379
2023-05-29,4845
2023-05-30,4933
2023-05-31,5020
2023-06-01,5092
2023-06-02,5035
2023-06-03,4146
2023-06-04,4687
2023-06-05,5103
2023-06-06,5352
2023-06-07,5433
2023-06-08,4875
2023-06-09,4428
2023-06-10,4311
2023-06-11,4332
2023-06-12,4879
2023-06-13,4725
2023-06-14,4804
2023-06-15,5144
2023-06-16,4659
2023-06-17,4369
2023-06-18,4278
2023-06-19,4747
2023-06-20,5036
2023-06-21,6311
2023-06-22,5503
2023-06-23,5349
2023-06-24,7024
2023-06-25,6496
2023-06-26,5266
2023-06-27,5808
2023-06-28,5464
2023-06-29,5031
2023-06-30,4911
2023-07-01,4249
2023-07-02,4825
2023-07-03,4913
2023-07-04,5176
2023-07-05,4941
2023-07-06,4526
2023-07-07,5014
2023-07-08,4306
2023-07-09,4604
2023-07-10,4911
2023-07-11,5153
2023-07-12,4744
2023-07-13,5305
2023-07-14,4411
2023-07-15,4010
2023-07-16,3946
2023-07-17,4347
2023-07-18,4480
2023-07-19,4527
2023-07-20,4603
2023-07-21,4616
2023-07-22,3846
2023-07-23,4392
2023-07-24,4835
2023-07-25,4748
2023-07-26,5237
2023-07-27,5390
2023-07-28,4817
2023-07-29,4253
2023-07-30,3954
2023-07-31,5203
2023-08-01,5575
2023-08-02,4637
2023-08-03,4541
2023-08-04,4617
2023-08-05,3955
2023-08-06,4153
2023-08-07,4887
2023-08-08,4392
2023-08-09,4622
2023-08-10,4757
2023-08-11,4944
2023-08-12,4240
2023-08-13,4293
2023-08-14,5224
2023-08-15,5345
2023-08-16,5368
2023-08-17,5604
2023-08-18,6623
2023-08-19,6401
2023-08-20,5442
2023-08-21,5110
2023-08-22,6059
2023-08-23,5094
2023-08-24,4952
2023-08-25,6129
2023-08-26,5872
2023-08-27,5981
2023-08-28,6219
2023-08-29,6611
2023-08-30,5599
2023-08-31,5307
2023-09-01,4788
2023-09-02,4786
2023-09-03,4105
2023-09-04,5323
2023-09-05,4813
2023-09-06,4702
2023-09-07,6186
2023-09-08,7825
2023-09-09,5948
2023-09-10,5351
2023-09-11,6255
2023-09-12,6324
2023-09-13,6119
2023-09-14,6421
2023-09-15,5884
2023-09-16,5014
2023-09-17,4410
2023-09-18,6227
2023-09-19,6344
2023-09-20,6046
2023-09-21,6441
2023-09-22,6365
2023-09-23,6157
2023-09-24,4921
2023-09-25,5664
2023-09-26,5612
2023-09-27,6633
2023-09-28,5378
2023-09-29,4922
2023-09-30,4503
2023-10-01,5261
2023-10-02,5674
2023-10-03,4697
2023-10-04,4609
2023-10-05,4690
2023-10-06,5207
2023-10-07,4487
2023-10-08,4129
2023-10-09,5010
2023-10-10,5215
2023-10-11,5268
2023-10-12,5462
2023-10-13,5089
2023-10-14,4727
2023-10-15,4684
2023-10-16,6810
2023-10-17,6331
2023-10-18,6474
2023-10-19,5966
2023-10-20,6916
2023-10-21,5663
2023-10-22,5751
2023-10-23,7722
2023-10-24,13489
2023-10-25,11421
2023-10-26,7998
2023-10-27,6635
2023-10-28,5187
2023-10-29,5437
2023-10-30,5447
2023-10-31,6553
2023-11-01,5398
2023-11-02,5386
2023-11-03,7269
2023-11-04,5851
2023-11-05,5668
2023-11-06,6122
2023-11-07,5576
2023-11-08,6262
2023-11-09,7299
2023-11-10,6677
2023-11-11,5139
2023-11-12,4993
2023-11-13,5505
2023-11-14,5339
2023-11-15,6053
2023-11-16,5445
2023-11-17,4905
2023-11-18,5428
2023-11-19,5680
2023-11-20,6623
2023-11-21,6822
2023-11-22,8186
2023-11-23,7097
2023-11-24,7083
2023-11-25,6025
2023-11-26,5732
2023-11-27,6189
2023-11-28,7121
2023-11-29,6937
2023-11-30,6463
2023-12-01,6159
2023-12-02,6513
2023-12-03,7028
2023-12-04,10098
2023-12-05,9593
2023-12-06,9756
2023-12-07,8787
2023-12-08,8079
2023-12-09,6780
2023-12-10,6500
2023-12-11,6990
2023-12-12,6514
2023-12-13,5183
2023-12-14,4982
2023-12-15,5240
2023-12-16,4409
2023-12-17,4351
2023-12-18,4902
2023-12-19,4848
2023-12-20,5316
2023-12-21,4790
2023-12-22,4494
2023-12-23,6467
2023-12-24,6043
2023-12-25,6777
2023-12-26,6729
2023-12-27,5908
2023-12-28,5039
2023-12-29,5522
2023-12-30,5300
2023-12-31,4706
2024-01-01,6371
2024-01-02,9267
2024-01-03,15761
2024-01-04,9113
2024-01-05,7212
2024-01-06,8129
2024-01-07,7615
2024-01-08,10479
2024-01-09,9055
2024-01-10,10265
2024-01-11,15688
2024-01-12,14010
2024-01-13,10451
2024-01-14,8739
2024-01-15,10071
2024-01-16,9023
2024-01-17,7798
2024-01-18,6906
2024-01-19,8999
2024-01-20,7571
2024-01-21,6542
2024-01-22,6955
2024-01-23,6690
2024-01-24,5830
2024-01-25,5774
2024-01-26,5843
2024-01-27,5340
2024-01-28,5150
2024-01-29,5880
2024-01-30,7239
2024-01-31,6229
2024-02-01,5854
2024-02-02,5720
2024-02-03,6204
2024-02-04,6781
2024-02-05,6931
2024-02-06,8956
2024-02-07,6820
2024-02-08,7976
2024-02-09,6974
2024-02-10,6054
2024-02-11,6050
2024-02-12,7503
2024-02-13,10839
2024-02-14,9289
2024-02-15,10038
2024-02-16,7801
2024-02-17,6253
2024-02-18,7812
2024-02-19,8678
2024-02-20,9521
2024-02-21,8399
2024-02-22,9947
2024-02-23,9718
2024-02-24,7932
2024-02-25,8259
2024-02-26,10299
2024-02-27,14446
2024-02-28,20477
2024-02-29,16555
2024-03-01,12211
2024-03-02,10569
2024-03-03,10206
2024-03-04,15014
2024-03-05,16472
2024-03-06,17254
2024-03-07,16422
2024-03-08,15235
2024-03-09,14119
2024-03-10,13484
2024-03-11,19061
2024-03-12,16282
2024-03-13,14524
2024-03-14,11299
2024-03-15,10551
2024-03-16,8614
2024-03-17,11592
2024-03-18,11871
2024-03-19,13959
2024-03-20,10501
2024-03-21,8702
2024-03-22,8515
2024-03-23,6815
2024-03-24,7100
2024-03-25,10977
2024-03-26,10235
2024-03-27,8689
2024-03-28,9566
2024-03-29,8094
2024-03-30,7194
2024-03-31,6700
2024-04-01,7496
2024-04-02,6802
2024-04-03,6831
2024-04-04,8353
2024-04-05,6781
2024-04-06,6196
2024-04-07,6006
2024-04-08,6306
2024-04-09,6019
2024-04-10,5867
2024-04-11,5981
2024-04-12,7927
2024-04-13,6476
2024-04-14,7149
2024-04-15,6992
2024-04-16,6602
2024-04-17,6796
2024-04-18,7602
2024-04-19,8069
2024-04-20,10654
2024-04-21,8430
2024-04-22,8347
2024-04-23,7770
2024-04-24,33363
2024-04-25,21055
2024-04-26,7760
2024-04-27,5919
2024-04-28,6030
2024-04-29,6164
2024-04-30,7101
2024-05-01,6396
2024-05-02,5825
2024-05-03,5283
2024-05-04,5517
2024-05-05,6143
2024-05-06,6340
2024-05-07,5708
2024-05-08,5566
2024-05-09,5271
2024-05-10,4536
2024-05-11,3888
2024-05-12,4606
2024-05-13,4888
2024-05-14,4991
2024-05-15,5253
2024-05-16,5059
2024-05-17,5195
2024-05-18,4646
2024-05-19,4577
2024-05-20,5262
2024-05-21,6404
2024-05-22,5667
2024-05-23,5214
2024-05-24,5170
2024-05-25,4603
2024-05-26,4916
2024-05-27,5105
2024-05-28,5341
2024-05-29,5595
2024-05-30,5270
2024-05-31,4909
2024-06-01,4289
2024-06-02,4610
2024-06-03,4948
2024-06-04,4713
2024-06-05,4909
2024-06-06,4558
2024-06-07,4392
2024-06-08,4084
2024-06-09,4082
2024-06-10,4316
2024-06-11,4501
2024-06-12,4740
2024-06-13,4649
2024-06-14,4538
2024-06-15,17820
2024-06-16,11129
2024-06-17,5475
2024-06-18,4733
2024-06-19,4629
2024-06-20,4672
2024-06-21,4597
2024-06-22,4226
2024-06-23,4215
2024-06-24,5120
2024-06-25,4558
2024-06-26,4297
2024-06-27,4327
2024-06-28,3687
2024-06-29,3549
2024-06-30,4182
2024-07-01,4083
2024-07-02,4097
2024-07-03,4241
2024-07-04,4231
2024-07-05,4547
2024-07-06,4101
2024-07-07,4243
2024-07-08,4359
2024-07-09,4530
2024-07-10,4931
2024-07-11,5334
2024-07-12,4441
2024-07-13,3631
2024-07-14,3761
2024-07-15,4442
2024-07-16,4535
2024-07-17,4583
2024-07-18,4127
2024-07-19,4161
2024-07-20,3665
2024-07-21,4117
2024-07-22,4558
2024-07-23,4484
2024-07-24,4584
2024-07-25,4634
2024-07-26,4953
2024-07-27,8248
2024-07-28,8037
2024-07-29,6953
2024-07-30,5587
2024-07-31,4801
2024-08-01,5031
2024-08-02,4674
2024-08-03,4015
2024-08-04,4262
2024-08-05,7155
2024-08-06,5944
2024-08-07,5867
2024-08-08,5059
